#ifndef __BMP_H
#define __BMP_H
////////////////array/////////////////////////////////////////////////////////////////////////////////////
/*********************************************************************************************************************/
/* 250x122 resolution material*/
/*********************************************************************************************************************/
#if (EINK_MODEL== EINK_MODEL_SSD1680_250X122)||(EINK_MODEL== EINK_MODEL_UD8251_250X122)

/********* Chinese version UI interface ************************************************************************/
#if(EINK_UI_LANGUAGE == EINK_LANGUAGE_CHINESE)
const unsigned char img_timeout[250][16] ICACHE_RODATA_ATTR = { /* Set timeout reminder red layer yangwen*/
{0x00, 0x00, 0x00, 0x00, 0x00, 0x00, 0x00, 0x00, 0x00, 0x00, 0x00, 0x00, 0x00, 0x00, 0x00, 0x00, },
{0x00, 0x00, 0x00, 0x00, 0x00, 0x00, 0x00, 0x00, 0x00, 0x00, 0x00, 0x00, 0x00, 0x00, 0x00, 0x00, },
{0x00, 0x00, 0x00, 0x00, 0x00, 0x00, 0x00, 0x00, 0x00, 0x00, 0x00, 0x00, 0x00, 0x00, 0x00, 0x00, },
{0x00, 0x00, 0x00, 0x00, 0x00, 0x00, 0x00, 0x00, 0x00, 0x00, 0x00, 0x00, 0x00, 0x00, 0x00, 0x00, },
{0x00, 0x00, 0x00, 0x00, 0x00, 0x00, 0x00, 0x00, 0x00, 0x00, 0x00, 0x00, 0x00, 0x00, 0x00, 0x00, },
{0x00, 0x00, 0x00, 0x00, 0x00, 0x00, 0x00, 0x00, 0x00, 0x00, 0x00, 0x00, 0x00, 0x00, 0x00, 0x00, },
{0x00, 0x00, 0x00, 0x00, 0x00, 0x00, 0x00, 0x00, 0x00, 0x00, 0x00, 0x00, 0x00, 0x00, 0x00, 0x00, },
{0x00, 0x00, 0x00, 0x00, 0x00, 0x00, 0x00, 0x00, 0x00, 0x00, 0x00, 0x00, 0x00, 0x00, 0x00, 0x00, },
{0x00, 0x00, 0x00, 0x00, 0x00, 0x00, 0x00, 0x00, 0x00, 0x00, 0x00, 0x00, 0x00, 0x00, 0x00, 0x00, },
{0x00, 0x00, 0x00, 0x00, 0x00, 0x00, 0x00, 0x00, 0x00, 0x00, 0x00, 0x00, 0x00, 0x00, 0x00, 0x00, },
{0x00, 0x00, 0x00, 0x00, 0x00, 0x00, 0x00, 0x00, 0x00, 0x00, 0x00, 0x00, 0x00, 0x00, 0x00, 0x00, },
{0x00, 0x00, 0x00, 0x00, 0x00, 0x00, 0x00, 0x00, 0x00, 0x00, 0x00, 0x00, 0x00, 0x00, 0x00, 0x00, },
{0x00, 0x00, 0x00, 0x00, 0x00, 0x00, 0x00, 0x00, 0x00, 0x00, 0x00, 0x00, 0x00, 0x00, 0x00, 0x00, },
{0x00, 0x00, 0x00, 0x00, 0x00, 0x00, 0x00, 0x00, 0x00, 0x00, 0x00, 0x00, 0x00, 0x00, 0x00, 0x00, },
{0x00, 0x00, 0x00, 0x00, 0x00, 0x00, 0x00, 0x00, 0x00, 0x00, 0x00, 0x00, 0x00, 0x00, 0x00, 0x00, },
{0x00, 0x00, 0x00, 0x00, 0x00, 0x00, 0x00, 0x00, 0x00, 0x00, 0x00, 0x00, 0x00, 0x00, 0x00, 0x00, },
{0x00, 0x00, 0x00, 0x00, 0x00, 0x00, 0x00, 0x00, 0x00, 0x00, 0x00, 0x00, 0x00, 0x00, 0x00, 0x00, },
{0x00, 0x00, 0x00, 0x00, 0x00, 0x00, 0x00, 0x00, 0x00, 0x00, 0x00, 0x00, 0x00, 0x00, 0x00, 0x00, },
{0x00, 0x00, 0x00, 0x00, 0x00, 0x00, 0x00, 0x00, 0x00, 0x00, 0x00, 0x00, 0x00, 0x00, 0x00, 0x00, },
{0x00, 0x00, 0x00, 0x00, 0x00, 0x00, 0x00, 0x00, 0x00, 0x00, 0x00, 0x00, 0x00, 0x00, 0x00, 0x00, },
{0x00, 0x00, 0x00, 0x00, 0x00, 0x00, 0x00, 0x00, 0x00, 0x00, 0x00, 0x00, 0x04, 0x1c, 0x00, 0x00, },
{0x00, 0x00, 0x00, 0x00, 0x00, 0x00, 0x00, 0x00, 0x00, 0x00, 0x00, 0x00, 0x0c, 0x04, 0x00, 0x00, },
{0x00, 0x00, 0x00, 0x00, 0x00, 0x00, 0x00, 0x00, 0x00, 0x00, 0x00, 0x00, 0x14, 0x18, 0x00, 0x00, },
{0x00, 0x00, 0x00, 0x00, 0x00, 0x00, 0x00, 0x00, 0x00, 0x00, 0x00, 0x00, 0x1f, 0xe0, 0x00, 0x00, },
{0x00, 0x00, 0x00, 0x00, 0x00, 0x00, 0x00, 0x00, 0x00, 0x00, 0x00, 0x00, 0x04, 0x88, 0x00, 0x00, },
{0x00, 0x00, 0x00, 0x00, 0x00, 0x00, 0x00, 0x00, 0x00, 0x00, 0x00, 0x00, 0x04, 0x88, 0x00, 0x00, },
{0x00, 0x00, 0x00, 0x00, 0x00, 0x00, 0x00, 0x00, 0x00, 0x00, 0x00, 0x00, 0x04, 0xfc, 0x00, 0x00, },
{0x00, 0x00, 0x00, 0x00, 0x00, 0x00, 0x00, 0x00, 0x00, 0x00, 0x00, 0x00, 0x04, 0x84, 0x00, 0x00, },
{0x00, 0x00, 0x00, 0x00, 0x00, 0x00, 0x00, 0x00, 0x00, 0x00, 0x00, 0x00, 0x04, 0x10, 0x00, 0x00, },
{0x00, 0x00, 0x00, 0x00, 0x00, 0x00, 0x00, 0x00, 0x00, 0x00, 0x00, 0x00, 0x09, 0xfc, 0x00, 0x00, },
{0x00, 0x00, 0x00, 0x00, 0x00, 0x00, 0x00, 0x00, 0x00, 0x00, 0x00, 0x00, 0x11, 0x00, 0x00, 0x00, },
{0x00, 0x00, 0x00, 0x00, 0x00, 0x00, 0x00, 0x00, 0x00, 0x00, 0x00, 0x00, 0x00, 0x00, 0x00, 0x00, },
{0x00, 0x00, 0x00, 0x00, 0x00, 0x00, 0x00, 0x00, 0x00, 0x00, 0x00, 0x00, 0x04, 0x04, 0x00, 0x00, },
{0x00, 0x00, 0x00, 0x00, 0x00, 0x00, 0x00, 0x00, 0x00, 0x00, 0x00, 0x00, 0x17, 0xd4, 0x00, 0x00, },
{0x00, 0x00, 0x00, 0x00, 0x00, 0x00, 0x00, 0x00, 0x00, 0x00, 0x00, 0x00, 0x15, 0x54, 0x00, 0x00, },
{0x00, 0x00, 0x00, 0x00, 0x00, 0x00, 0x00, 0x00, 0x00, 0x00, 0x00, 0x00, 0x15, 0x54, 0x00, 0x00, },
{0x00, 0x00, 0x00, 0x00, 0x00, 0x00, 0x00, 0x00, 0x00, 0x00, 0x00, 0x00, 0x15, 0x54, 0x00, 0x00, },
{0x00, 0x00, 0x00, 0x00, 0x00, 0x00, 0x00, 0x00, 0x00, 0x00, 0x00, 0x00, 0x1f, 0xfc, 0x00, 0x00, },
{0x00, 0x00, 0x00, 0x00, 0x00, 0x00, 0x00, 0x00, 0x00, 0x00, 0x00, 0x00, 0x15, 0x54, 0x00, 0x00, },
{0x00, 0x00, 0x00, 0x00, 0x00, 0x00, 0x00, 0x00, 0x00, 0x00, 0x00, 0x00, 0x15, 0x54, 0x00, 0x00, },
{0x00, 0x00, 0x00, 0x00, 0x00, 0x00, 0x00, 0x00, 0x00, 0x00, 0x00, 0x00, 0x15, 0x54, 0x00, 0x00, },
{0x00, 0x00, 0x00, 0x00, 0x00, 0x00, 0x00, 0x00, 0x00, 0x00, 0x00, 0x00, 0x17, 0xd4, 0x00, 0x00, },
{0x00, 0x00, 0x00, 0x00, 0x00, 0x00, 0x00, 0x00, 0x00, 0x00, 0x00, 0x00, 0x04, 0x04, 0x00, 0x00, },
{0x00, 0x00, 0x00, 0x00, 0x00, 0x00, 0x00, 0x00, 0x00, 0x00, 0x00, 0x00, 0x00, 0x00, 0x00, 0x00, },
{0x00, 0x03, 0xff, 0xff, 0xff, 0xff, 0xff, 0xff, 0xff, 0xff, 0xff, 0xe0, 0x00, 0x00, 0x00, 0x00, },
{0x00, 0x07, 0xff, 0xff, 0xff, 0xff, 0xff, 0xff, 0xff, 0xff, 0xff, 0xf0, 0x00, 0x84, 0x00, 0x00, },
{0x00, 0x0f, 0xff, 0xff, 0xff, 0xff, 0xff, 0xff, 0xff, 0xff, 0xff, 0xf8, 0x04, 0x84, 0x00, 0x00, },
{0x00, 0x0f, 0xff, 0xff, 0xff, 0xff, 0xff, 0xff, 0xff, 0xff, 0xff, 0xf8, 0x14, 0x88, 0x00, 0x00, },
{0x00, 0x0f, 0xff, 0xff, 0xff, 0xff, 0xff, 0xff, 0xff, 0xff, 0xff, 0xf8, 0x0c, 0x90, 0x00, 0x00, },
{0x00, 0x0f, 0xff, 0xff, 0xff, 0xff, 0xff, 0xff, 0xff, 0xff, 0xff, 0xf8, 0x04, 0xa0, 0x00, 0x00, },
{0x00, 0x0f, 0xff, 0xff, 0xff, 0xff, 0xff, 0xff, 0xff, 0xff, 0xff, 0xf8, 0x07, 0xc0, 0x00, 0x00, },
{0x00, 0x0f, 0xff, 0xff, 0xff, 0xff, 0xff, 0xff, 0xff, 0xff, 0xff, 0xf8, 0x0c, 0xe0, 0x00, 0x00, },
{0x00, 0x0f, 0xff, 0xf8, 0x00, 0x00, 0x00, 0x00, 0x00, 0xff, 0xff, 0xf8, 0x1c, 0x90, 0x00, 0x00, },
{0x00, 0x0f, 0xff, 0xf0, 0x00, 0x00, 0x00, 0x00, 0x00, 0x7f, 0xff, 0xf8, 0x14, 0x88, 0x00, 0x00, },
{0x00, 0x0f, 0xff, 0xf0, 0x00, 0x00, 0x00, 0x00, 0x00, 0x7f, 0xff, 0xf8, 0x04, 0x84, 0x00, 0x00, },
{0x00, 0x0f, 0xff, 0xff, 0xf8, 0x3f, 0xff, 0xc2, 0x1f, 0xff, 0xff, 0xf8, 0x00, 0x84, 0x00, 0x00, },
{0x00, 0x0f, 0xff, 0xff, 0xf8, 0x7f, 0xff, 0xe3, 0x1f, 0xff, 0xff, 0xf8, 0x11, 0x00, 0x00, 0x00, },
{0x00, 0x0f, 0xff, 0xff, 0xf0, 0xff, 0xff, 0xe3, 0x1f, 0xff, 0xff, 0xf8, 0x11, 0x00, 0x00, 0x00, },
{0x00, 0x0f, 0xff, 0xff, 0xe1, 0xff, 0xff, 0xe3, 0x1f, 0xff, 0xff, 0xf8, 0x11, 0x00, 0x00, 0x00, },
{0x00, 0x0f, 0xff, 0xff, 0xc3, 0xff, 0xff, 0xe3, 0x1f, 0xff, 0xff, 0xf8, 0x1f, 0xfc, 0x00, 0x00, },
{0x00, 0x0f, 0xff, 0xff, 0x87, 0xf1, 0xff, 0xe3, 0x1f, 0xff, 0xff, 0xf8, 0x11, 0x00, 0x00, 0x00, },
{0x00, 0x0f, 0xff, 0xff, 0x87, 0xe0, 0xff, 0xe3, 0x1f, 0xff, 0xff, 0xf8, 0x11, 0x00, 0x00, 0x00, },
{0x00, 0x0f, 0xc0, 0xff, 0x0f, 0xc0, 0xff, 0xc3, 0x1f, 0xff, 0x83, 0xf8, 0x11, 0x00, 0x00, 0x00, },
{0x00, 0x0f, 0x80, 0x7e, 0x1f, 0x80, 0x7f, 0x83, 0x1f, 0xff, 0x01, 0xf8, 0x11, 0x00, 0x00, 0x00, },
{0x00, 0x0f, 0x00, 0x7c, 0x3f, 0x00, 0x3f, 0x03, 0x1f, 0xfe, 0x00, 0xf8, 0x1f, 0xe0, 0x00, 0x00, },
{0x00, 0x0f, 0x1c, 0x7c, 0x7f, 0x00, 0x00, 0x03, 0x1f, 0xfe, 0x38, 0xf8, 0x11, 0x18, 0x00, 0x00, },
{0x00, 0x0f, 0x1c, 0x38, 0x7e, 0x10, 0x00, 0x03, 0x1f, 0xfc, 0x78, 0xf8, 0x11, 0x08, 0x00, 0x00, },
{0x00, 0x0f, 0x1c, 0x70, 0xfc, 0x31, 0x80, 0x63, 0x1f, 0xfe, 0x38, 0xf8, 0x01, 0x04, 0x00, 0x00, },
{0x00, 0x0f, 0x00, 0x61, 0xf8, 0x71, 0xff, 0xe3, 0x1f, 0xfe, 0x00, 0xf8, 0x11, 0x00, 0x00, 0x00, },
{0x00, 0x0f, 0x80, 0x43, 0xf0, 0xf1, 0xff, 0xe3, 0x1f, 0xfe, 0x01, 0xf8, 0x11, 0x00, 0x00, 0x00, },
{0x00, 0x0f, 0xc0, 0xc3, 0xe1, 0xf1, 0xff, 0xe3, 0x1f, 0xff, 0x03, 0xf8, 0x11, 0x00, 0x00, 0x00, },
{0x00, 0x0f, 0xf3, 0x87, 0xc3, 0xf1, 0xff, 0xe3, 0x1f, 0xff, 0xcf, 0xf8, 0x1f, 0xfc, 0x00, 0x00, },
{0x00, 0x0f, 0xff, 0x0f, 0x87, 0xf1, 0xff, 0xe3, 0x1f, 0xff, 0xff, 0xf8, 0x11, 0x00, 0x00, 0x00, },
{0x00, 0x0f, 0xfe, 0x1f, 0x0f, 0xf1, 0xff, 0xe3, 0x1f, 0xff, 0xff, 0xf8, 0x11, 0x00, 0x00, 0x00, },
{0x00, 0x0f, 0xfc, 0x3e, 0x0f, 0xf1, 0xff, 0xe3, 0x1f, 0xff, 0xff, 0xf8, 0x11, 0x00, 0x00, 0x00, },
{0x00, 0x0f, 0xfc, 0x3e, 0x1f, 0xf1, 0xff, 0xe3, 0x1f, 0xff, 0xff, 0xf8, 0x11, 0x00, 0x00, 0x00, },
{0x00, 0x0f, 0xf8, 0x7c, 0x3f, 0xf1, 0xff, 0xe3, 0x1f, 0xff, 0xff, 0xf8, 0x1f, 0xe0, 0x00, 0x00, },
{0x00, 0x0f, 0xf0, 0x00, 0x7f, 0xf1, 0xff, 0xe3, 0x1f, 0xff, 0xff, 0xf8, 0x11, 0x18, 0x00, 0x00, },
{0x00, 0x0f, 0xf0, 0x00, 0xff, 0xf1, 0xff, 0xe0, 0x1f, 0xff, 0xff, 0xf8, 0x11, 0x08, 0x00, 0x00, },
{0x00, 0x0f, 0xf0, 0x00, 0xff, 0xf1, 0xff, 0xe0, 0x1f, 0xff, 0xff, 0xf8, 0x01, 0x04, 0x00, 0x00, },
{0x00, 0x0f, 0xf1, 0xf8, 0xff, 0xf1, 0xff, 0xe0, 0x3f, 0xff, 0xff, 0xf8, 0x08, 0x00, 0x00, 0x00, },
{0x00, 0x0f, 0xf1, 0xf8, 0xff, 0xf1, 0xff, 0xe0, 0x3f, 0xff, 0xff, 0xf8, 0x08, 0x00, 0x00, 0x00, },
{0x00, 0x0f, 0xf1, 0xf8, 0xff, 0xf1, 0xff, 0xe3, 0xff, 0xff, 0xff, 0xf8, 0x0f, 0xfc, 0x00, 0x00, },
{0x00, 0x0f, 0xf1, 0xf8, 0xff, 0xf1, 0xff, 0xe3, 0xff, 0xff, 0xff, 0xf8, 0x08, 0x04, 0x00, 0x00, },
{0x00, 0x0f, 0xf1, 0xf8, 0xff, 0xf1, 0xff, 0xe3, 0xff, 0xff, 0xff, 0xf8, 0x08, 0x04, 0x00, 0x00, },
{0x00, 0x0f, 0xf1, 0xf8, 0xff, 0xf1, 0xff, 0xe3, 0xff, 0xff, 0xff, 0xf8, 0x08, 0x04, 0x00, 0x00, },
{0x00, 0x0f, 0xf1, 0xf8, 0xff, 0xf1, 0xff, 0xe3, 0xff, 0xff, 0xff, 0xf8, 0x08, 0x00, 0x00, 0x00, },
{0x00, 0x07, 0xf1, 0xf8, 0xff, 0xf1, 0xff, 0xe3, 0xff, 0xff, 0xff, 0xf0, 0x04, 0x80, 0x00, 0x00, },
{0x00, 0x03, 0xf1, 0xf8, 0xff, 0xf8, 0xff, 0xc3, 0xff, 0xff, 0xff, 0xe0, 0x04, 0x80, 0x00, 0x00, },
{0x00, 0x00, 0x01, 0xf8, 0xff, 0xf8, 0xff, 0xc0, 0x00, 0x00, 0x00, 0x00, 0x1f, 0xfc, 0x00, 0x00, },
{0x00, 0x00, 0x01, 0xf8, 0xff, 0xf0, 0x7f, 0x80, 0x00, 0x00, 0x00, 0x00, 0x04, 0x44, 0x00, 0x00, },
{0x00, 0x00, 0x01, 0xf8, 0xff, 0xe0, 0x1f, 0x00, 0x00, 0x00, 0x00, 0x00, 0x04, 0x44, 0x00, 0x00, },
{0x00, 0x00, 0x01, 0xf8, 0xff, 0xc0, 0x00, 0x00, 0x00, 0x00, 0x00, 0x00, 0x11, 0x00, 0x00, 0x00, },
{0x00, 0x00, 0x01, 0xf8, 0xff, 0x80, 0x00, 0x00, 0x00, 0x00, 0x00, 0x00, 0x11, 0x00, 0x00, 0x00, },
{0x00, 0x00, 0x01, 0xf8, 0xff, 0x00, 0x00, 0x00, 0x00, 0x00, 0x00, 0x00, 0x09, 0xfc, 0x00, 0x00, },
{0x00, 0x00, 0x01, 0xf8, 0xfe, 0x02, 0x00, 0x00, 0x00, 0x00, 0x00, 0x00, 0x09, 0x00, 0x00, 0x00, },
{0x00, 0x00, 0x01, 0xf8, 0xfc, 0x06, 0x00, 0x00, 0x00, 0x00, 0x00, 0x00, 0x0f, 0xf0, 0x00, 0x00, },
{0x00, 0x00, 0x01, 0xf8, 0xf8, 0x0e, 0x00, 0x00, 0x00, 0x00, 0x00, 0x00, 0x00, 0x0c, 0x00, 0x00, },
{0x00, 0x00, 0x01, 0xf8, 0xf0, 0x1f, 0xff, 0xff, 0xff, 0xc0, 0x00, 0x00, 0x09, 0x50, 0x00, 0x00, },
{0x00, 0x00, 0x01, 0xf8, 0xe0, 0x3f, 0xff, 0xff, 0xff, 0xc0, 0x00, 0x00, 0x0f, 0x60, 0x00, 0x00, },
{0x00, 0x00, 0x01, 0xf8, 0xc0, 0x7f, 0xff, 0xff, 0xff, 0xc0, 0x00, 0x00, 0x19, 0xfc, 0x00, 0x00, },
{0x00, 0x00, 0x01, 0xf8, 0x80, 0x7f, 0xff, 0xff, 0xff, 0xc0, 0x00, 0x00, 0x0b, 0x44, 0x00, 0x00, },
{0x00, 0x00, 0x01, 0xf8, 0x00, 0x3f, 0xff, 0xff, 0xff, 0xc0, 0x00, 0x00, 0x0d, 0x64, 0x00, 0x00, },
{0x00, 0x00, 0x01, 0xf8, 0x00, 0x1e, 0x00, 0x00, 0x00, 0x00, 0x00, 0x00, 0x09, 0x50, 0x00, 0x00, },
{0x00, 0x00, 0x01, 0xf8, 0x00, 0x0e, 0x00, 0x00, 0x00, 0x00, 0x00, 0x00, 0x04, 0x04, 0x00, 0x00, },
{0x00, 0x00, 0x01, 0xf8, 0x00, 0x06, 0x00, 0x00, 0x00, 0x00, 0x00, 0x00, 0x17, 0xd4, 0x00, 0x00, },
{0x00, 0x00, 0x00, 0x00, 0x00, 0x02, 0x00, 0x00, 0x00, 0x00, 0x00, 0x00, 0x15, 0x54, 0x00, 0x00, },
{0x00, 0x00, 0x00, 0x00, 0x00, 0x00, 0x00, 0x00, 0x00, 0x00, 0x00, 0x00, 0x15, 0x54, 0x00, 0x00, },
{0x00, 0x00, 0x00, 0x00, 0x00, 0x00, 0x00, 0x00, 0x00, 0x00, 0x00, 0x00, 0x15, 0x54, 0x00, 0x00, },
{0x00, 0x00, 0x00, 0x00, 0x00, 0x00, 0x00, 0x00, 0x00, 0x00, 0x00, 0x00, 0x1f, 0xfc, 0x00, 0x00, },
{0x00, 0x00, 0x00, 0x00, 0x00, 0x00, 0x00, 0x00, 0x00, 0x00, 0x00, 0x00, 0x15, 0x54, 0x00, 0x00, },
{0x00, 0x00, 0x00, 0x00, 0x00, 0x00, 0x00, 0x00, 0x00, 0x00, 0x00, 0x00, 0x15, 0x54, 0x00, 0x00, },
{0x00, 0x00, 0x00, 0x00, 0x00, 0x00, 0x00, 0x00, 0x00, 0x00, 0x00, 0x00, 0x15, 0x54, 0x00, 0x00, },
{0x00, 0x00, 0x00, 0x00, 0x00, 0x00, 0x00, 0x00, 0x00, 0x00, 0x00, 0x00, 0x17, 0xd4, 0x00, 0x00, },
{0x00, 0x00, 0x00, 0x00, 0x00, 0x00, 0x00, 0x00, 0x00, 0x00, 0x00, 0x00, 0x04, 0x04, 0x00, 0x00, },
{0x00, 0x00, 0x00, 0x00, 0x00, 0x00, 0x00, 0x00, 0x00, 0x00, 0x00, 0x00, 0x00, 0x00, 0x00, 0x00, },
{0x00, 0x00, 0x00, 0x00, 0x00, 0x00, 0x00, 0x00, 0x00, 0x00, 0x00, 0x00, 0x00, 0x00, 0x00, 0x00, },
{0x00, 0x00, 0x00, 0x00, 0x00, 0x00, 0x00, 0x00, 0x00, 0x00, 0x00, 0x00, 0x00, 0x00, 0x00, 0x00, },
{0x00, 0x00, 0x00, 0x00, 0x00, 0x00, 0x00, 0x00, 0x00, 0x00, 0x00, 0x00, 0x00, 0x00, 0x00, 0x00, },
{0x00, 0x00, 0x00, 0x00, 0x00, 0x00, 0x00, 0x00, 0x00, 0x00, 0x00, 0x00, 0x00, 0x00, 0x00, 0x00, },
{0x00, 0x00, 0x00, 0x00, 0x00, 0x00, 0x00, 0x00, 0x00, 0x00, 0x00, 0x00, 0x00, 0x00, 0x00, 0x00, },
{0x00, 0x00, 0x00, 0x00, 0x00, 0x00, 0x00, 0x00, 0x00, 0x00, 0x00, 0x00, 0x00, 0x00, 0x00, 0x00, },
{0x00, 0x00, 0x00, 0x00, 0x00, 0x00, 0x00, 0x00, 0x00, 0x00, 0x00, 0x00, 0x00, 0x00, 0x00, 0x00, },
{0x00, 0x00, 0x00, 0x00, 0x00, 0x00, 0x00, 0x00, 0x00, 0x00, 0x00, 0x00, 0x00, 0x00, 0x00, 0x00, },
{0x00, 0x00, 0x00, 0x00, 0x00, 0x00, 0x00, 0x00, 0x00, 0x00, 0x00, 0x00, 0x00, 0x00, 0x00, 0x00, },
{0x00, 0x00, 0x00, 0x00, 0x00, 0x00, 0x00, 0x00, 0x00, 0x00, 0x00, 0x00, 0x00, 0x00, 0x00, 0x00, },
{0x00, 0x00, 0x00, 0x00, 0x00, 0x00, 0x00, 0x00, 0x00, 0x00, 0x00, 0x00, 0x00, 0x00, 0x00, 0x00, },
{0x00, 0x00, 0x00, 0x00, 0x00, 0x00, 0x00, 0x00, 0x00, 0x00, 0x00, 0x00, 0x00, 0x00, 0x00, 0x00, },
{0x00, 0x00, 0x00, 0x00, 0x00, 0x00, 0x00, 0x00, 0x00, 0x00, 0x00, 0x00, 0x00, 0x00, 0x00, 0x00, },
{0x00, 0x00, 0x00, 0x00, 0x00, 0x00, 0x00, 0x00, 0x00, 0x00, 0x00, 0x00, 0x00, 0x00, 0x00, 0x00, },
{0x00, 0x00, 0x00, 0x00, 0x00, 0x00, 0x00, 0x00, 0x00, 0x00, 0x00, 0x00, 0x00, 0x00, 0x00, 0x00, },
{0x00, 0x00, 0x00, 0x00, 0x00, 0x00, 0x00, 0x00, 0x00, 0x00, 0x00, 0x00, 0x00, 0x00, 0x00, 0x00, },
{0x00, 0x00, 0x00, 0x00, 0x00, 0x00, 0x00, 0x00, 0x00, 0x00, 0x00, 0x00, 0x00, 0x00, 0x00, 0x00, },
{0x00, 0x00, 0x00, 0x00, 0x00, 0x00, 0x00, 0x00, 0x00, 0x00, 0x00, 0x00, 0x00, 0x00, 0x00, 0x00, },
{0x00, 0x00, 0x00, 0x00, 0x00, 0x00, 0x00, 0x00, 0x00, 0x00, 0x00, 0x00, 0x00, 0x00, 0x00, 0x00, },
{0x00, 0x00, 0x00, 0x00, 0x00, 0x00, 0x00, 0x00, 0x00, 0x00, 0x00, 0x00, 0x00, 0x00, 0x00, 0x00, },
{0x00, 0x00, 0x00, 0x00, 0x00, 0x00, 0x00, 0x00, 0x00, 0x00, 0x00, 0x00, 0x00, 0x00, 0x00, 0x00, },
{0x00, 0x00, 0x00, 0x00, 0x00, 0x00, 0x00, 0x00, 0x00, 0x00, 0x00, 0x00, 0x00, 0x00, 0x00, 0x00, },
{0x00, 0x00, 0x00, 0x00, 0x00, 0x00, 0x00, 0x00, 0x00, 0x00, 0x00, 0x00, 0x00, 0x00, 0x00, 0x00, },
{0x00, 0x00, 0x00, 0x00, 0x00, 0x00, 0x00, 0x00, 0x00, 0x00, 0x00, 0x00, 0x00, 0x00, 0x00, 0x00, },
{0x00, 0x00, 0x00, 0x00, 0x00, 0x00, 0x00, 0x00, 0x00, 0x00, 0x00, 0x00, 0x00, 0x00, 0x00, 0x00, },
{0x00, 0x00, 0x00, 0x00, 0x00, 0x00, 0x00, 0x00, 0x00, 0x00, 0x00, 0x00, 0x00, 0x00, 0x00, 0x00, },
{0x00, 0x00, 0x00, 0x00, 0x00, 0x00, 0x00, 0x00, 0x00, 0x00, 0x00, 0x00, 0x00, 0x00, 0x00, 0x00, },
{0x00, 0x00, 0x00, 0x00, 0x00, 0x00, 0x00, 0x00, 0x00, 0x00, 0x00, 0x00, 0x00, 0x00, 0x00, 0x00, },
{0x00, 0x00, 0x00, 0x00, 0x00, 0x00, 0x00, 0x00, 0x00, 0x00, 0x00, 0x00, 0x00, 0x00, 0x00, 0x00, },
{0x00, 0x00, 0x00, 0x00, 0x00, 0x00, 0x00, 0x00, 0x00, 0x00, 0x00, 0x00, 0x00, 0x00, 0x00, 0x00, },
{0x00, 0x00, 0x00, 0x00, 0x00, 0x00, 0x00, 0x00, 0x00, 0x00, 0x00, 0x00, 0x00, 0x00, 0x00, 0x00, },
{0x00, 0x00, 0x00, 0x00, 0x00, 0x00, 0x00, 0x00, 0x00, 0x00, 0x00, 0x00, 0x00, 0x00, 0x00, 0x00, },
{0x00, 0x00, 0x00, 0x00, 0x00, 0x00, 0x00, 0x00, 0x00, 0x00, 0x00, 0x00, 0x00, 0x00, 0x00, 0x00, },
{0x00, 0x00, 0x00, 0x00, 0x00, 0x00, 0x00, 0x00, 0x00, 0x00, 0x00, 0x00, 0x00, 0x00, 0x00, 0x00, },
{0x00, 0x00, 0x00, 0x00, 0x00, 0x00, 0x00, 0x00, 0x00, 0x00, 0x00, 0x00, 0x00, 0x00, 0x00, 0x00, },
{0x00, 0x00, 0x00, 0x00, 0x00, 0x00, 0x00, 0x00, 0x00, 0x00, 0x00, 0x00, 0x00, 0x00, 0x00, 0x00, },
{0x00, 0x00, 0x00, 0x00, 0x00, 0x00, 0x00, 0x00, 0x00, 0x00, 0x00, 0x00, 0x00, 0x00, 0x00, 0x00, },
{0x00, 0x00, 0x00, 0x00, 0x00, 0x00, 0x00, 0x00, 0x00, 0x00, 0x00, 0x00, 0x00, 0x00, 0x00, 0x00, },
{0x00, 0x00, 0x00, 0x00, 0x00, 0x00, 0x00, 0x00, 0x00, 0x00, 0x00, 0x00, 0x00, 0x00, 0x00, 0x00, },
{0x00, 0x00, 0x00, 0x00, 0x00, 0x00, 0x00, 0x00, 0x00, 0x00, 0x00, 0x00, 0x00, 0x00, 0x00, 0x00, },
{0x00, 0x00, 0x00, 0x00, 0x00, 0x00, 0x00, 0x00, 0x00, 0x00, 0x00, 0x00, 0x04, 0x00, 0x00, 0x00, },
{0x00, 0x00, 0x00, 0x00, 0x00, 0x00, 0x00, 0x00, 0x00, 0x00, 0x00, 0x00, 0x04, 0x00, 0x00, 0x00, },
{0x00, 0x00, 0x00, 0x00, 0x00, 0x00, 0x00, 0x00, 0x00, 0x00, 0x00, 0x00, 0x1f, 0xfc, 0x00, 0x00, },
{0x00, 0x00, 0x00, 0x00, 0x00, 0x00, 0x00, 0x00, 0x00, 0x00, 0x00, 0x00, 0x04, 0x04, 0x00, 0x00, },
{0x00, 0x07, 0xfc, 0x00, 0x00, 0x00, 0x00, 0x00, 0x00, 0x00, 0x7f, 0xe0, 0x04, 0xc4, 0x00, 0x00, },
{0x00, 0x07, 0xff, 0xfe, 0x00, 0x00, 0x00, 0x00, 0x00, 0xff, 0xff, 0xe0, 0x05, 0x00, 0x00, 0x00, },
{0x00, 0x07, 0xff, 0xff, 0xc0, 0x00, 0x00, 0x00, 0x03, 0xff, 0xff, 0xe0, 0x04, 0x00, 0x00, 0x00, },
{0x00, 0x07, 0xff, 0xff, 0xf0, 0x00, 0x00, 0x00, 0x0f, 0xff, 0xff, 0xe0, 0x0f, 0xf8, 0x00, 0x00, },
{0x00, 0x07, 0xff, 0xff, 0xf8, 0x00, 0x00, 0x00, 0x3f, 0xff, 0xff, 0xe0, 0x09, 0x10, 0x00, 0x00, },
{0x00, 0x07, 0xfe, 0x07, 0xfe, 0x00, 0x00, 0x00, 0x7f, 0xe0, 0x7f, 0xe0, 0x09, 0x10, 0x00, 0x00, },
{0x00, 0x07, 0xfe, 0x01, 0xff, 0x00, 0x00, 0x01, 0xff, 0x00, 0x7f, 0xe0, 0x0f, 0xf8, 0x00, 0x00, },
{0x00, 0x07, 0xfe, 0x00, 0x7f, 0xc0, 0x00, 0x03, 0xfc, 0x00, 0x7f, 0xe0, 0x00, 0x00, 0x00, 0x00, },
{0x00, 0x07, 0xfe, 0x00, 0x1f, 0xe0, 0x00, 0x07, 0xf8, 0x00, 0x7f, 0xe0, 0x00, 0x00, 0x00, 0x00, },
{0x00, 0x07, 0xfe, 0x00, 0x07, 0xf0, 0x00, 0x1f, 0xe0, 0x00, 0x7f, 0xe0, 0x00, 0x00, 0x00, 0x00, },
{0x00, 0x07, 0xfe, 0x00, 0x03, 0xf8, 0x00, 0x3f, 0xc0, 0x00, 0x7f, 0xe0, 0x00, 0x00, 0x00, 0x00, },
{0x00, 0x07, 0xfe, 0x00, 0x01, 0xfe, 0x00, 0x7f, 0x00, 0x00, 0x7f, 0xe0, 0x00, 0x00, 0x00, 0x00, },
{0x00, 0x07, 0xfe, 0x00, 0x00, 0x7f, 0x00, 0xfe, 0x00, 0x00, 0x7f, 0xe0, 0x00, 0x04, 0x00, 0x00, },
{0x00, 0x07, 0xfe, 0x00, 0x00, 0x3f, 0x81, 0xfc, 0x00, 0x0f, 0xff, 0xe0, 0x1e, 0xf4, 0x00, 0x00, },
{0x00, 0x07, 0xfe, 0x00, 0x00, 0x1f, 0xc3, 0xf8, 0x00, 0x3f, 0xff, 0xe0, 0x12, 0x94, 0x00, 0x00, },
{0x00, 0x07, 0xfe, 0x00, 0x0f, 0x0f, 0xe7, 0xf0, 0x00, 0xff, 0xff, 0xe0, 0x12, 0x94, 0x00, 0x00, },
{0x00, 0x07, 0xfe, 0x00, 0x0f, 0xc7, 0xff, 0xc0, 0x01, 0xff, 0xff, 0xe0, 0x1c, 0x94, 0x00, 0x00, },
{0x00, 0x07, 0xfe, 0x00, 0x0f, 0xf3, 0xff, 0x80, 0x03, 0xff, 0xff, 0xe0, 0x16, 0xf4, 0x00, 0x00, },
{0x00, 0x07, 0xfe, 0x00, 0x0f, 0xf9, 0xff, 0x00, 0x07, 0xff, 0xff, 0xe0, 0x02, 0x04, 0x00, 0x00, },
{0x00, 0x07, 0xfe, 0x00, 0x0f, 0xfc, 0xfe, 0x00, 0x1f, 0xff, 0xff, 0xe0, 0x04, 0xa4, 0x00, 0x00, },
{0x00, 0x07, 0xfe, 0x00, 0x0f, 0xfe, 0x7e, 0x00, 0x3f, 0xff, 0xff, 0xe0, 0x1f, 0xfc, 0x00, 0x00, },
{0x00, 0x07, 0xfe, 0x00, 0x0f, 0xff, 0xbc, 0x00, 0x7f, 0xff, 0xff, 0xe0, 0x04, 0x88, 0x00, 0x00, },
{0x00, 0x07, 0xfe, 0x00, 0x0f, 0xff, 0x80, 0x00, 0x7f, 0xff, 0xff, 0xe0, 0x04, 0xb8, 0x00, 0x00, },
{0x00, 0x07, 0xfe, 0x00, 0x0f, 0xff, 0xff, 0xff, 0xff, 0xff, 0xff, 0xe0, 0x00, 0x8c, 0x00, 0x00, },
{0x00, 0x07, 0xfe, 0x00, 0x0f, 0xff, 0xff, 0xff, 0xff, 0xff, 0xff, 0xe0, 0x00, 0x00, 0x00, 0x00, },
{0x00, 0x07, 0xfe, 0x00, 0x0f, 0xff, 0xc0, 0x00, 0xff, 0xff, 0xff, 0xe0, 0x00, 0x00, 0x00, 0x00, },
{0x00, 0x07, 0xfe, 0x00, 0x0f, 0xff, 0x3c, 0x00, 0x7f, 0xff, 0xff, 0xe0, 0x00, 0x00, 0x00, 0x00, },
{0x00, 0x07, 0xfe, 0x00, 0x0f, 0xfe, 0x7e, 0x00, 0x3f, 0xff, 0xff, 0xe0, 0x00, 0x00, 0x00, 0x00, },
{0x00, 0x07, 0xfe, 0x00, 0x0f, 0xfc, 0xfe, 0x00, 0x1f, 0xff, 0xff, 0xe0, 0x01, 0x04, 0x00, 0x00, },
{0x00, 0x07, 0xfe, 0x00, 0x0f, 0xf9, 0xff, 0x00, 0x0f, 0xff, 0xff, 0xe0, 0x1d, 0x04, 0x00, 0x00, },
{0x00, 0x07, 0xfe, 0x00, 0x0f, 0xf3, 0xff, 0x80, 0x03, 0xff, 0xff, 0xe0, 0x15, 0xfc, 0x00, 0x00, },
{0x00, 0x07, 0xfe, 0x00, 0x0f, 0xc7, 0xff, 0xe0, 0x01, 0xff, 0xff, 0xe0, 0x15, 0x54, 0x00, 0x00, },
{0x00, 0x07, 0xfe, 0x00, 0x0f, 0x8f, 0xe7, 0xf0, 0x00, 0xff, 0xff, 0xe0, 0x1d, 0x54, 0x00, 0x00, },
{0x00, 0x07, 0xfe, 0x00, 0x00, 0x1f, 0xc3, 0xf8, 0x00, 0x3f, 0xff, 0xe0, 0x15, 0x54, 0x00, 0x00, },
{0x00, 0x07, 0xfe, 0x00, 0x00, 0x3f, 0x81, 0xfc, 0x00, 0x0f, 0xff, 0xe0, 0x17, 0x54, 0x00, 0x00, },
{0x00, 0x07, 0xfe, 0x00, 0x00, 0x7f, 0x00, 0xfe, 0x00, 0x00, 0x7f, 0xe0, 0x1d, 0x54, 0x00, 0x00, },
{0x00, 0x07, 0xfe, 0x00, 0x01, 0xfe, 0x00, 0x7f, 0x00, 0x00, 0x7f, 0xe0, 0x15, 0x54, 0x00, 0x00, },
{0x00, 0x07, 0xfe, 0x00, 0x03, 0xf8, 0x00, 0x3f, 0xc0, 0x00, 0x7f, 0xe0, 0x15, 0xfc, 0x00, 0x00, },
{0x00, 0x07, 0xfe, 0x00, 0x07, 0xf0, 0x00, 0x1f, 0xe0, 0x00, 0x7f, 0xe0, 0x1d, 0x04, 0x00, 0x00, },
{0x00, 0x07, 0xfe, 0x00, 0x1f, 0xe0, 0x00, 0x07, 0xf8, 0x00, 0x7f, 0xe0, 0x01, 0x04, 0x00, 0x00, },
{0x00, 0x07, 0xfe, 0x00, 0x7f, 0xc0, 0x00, 0x03, 0xfc, 0x00, 0x7f, 0xe0, 0x00, 0x00, 0x00, 0x00, },
{0x00, 0x07, 0xfe, 0x01, 0xff, 0x00, 0x00, 0x01, 0xff, 0x00, 0x7f, 0xe0, 0x00, 0x00, 0x00, 0x00, },
{0x00, 0x07, 0xfe, 0x07, 0xfe, 0x00, 0x00, 0x00, 0x7f, 0xe0, 0x7f, 0xe0, 0x00, 0x00, 0x00, 0x00, },
{0x00, 0x07, 0xff, 0xff, 0xf8, 0x00, 0x00, 0x00, 0x3f, 0xff, 0xff, 0xe0, 0x00, 0x00, 0x00, 0x00, },
{0x00, 0x07, 0xff, 0xff, 0xf0, 0x00, 0x00, 0x00, 0x0f, 0xff, 0xff, 0xe0, 0x02, 0x04, 0x00, 0x00, },
{0x00, 0x07, 0xff, 0xff, 0xc0, 0x00, 0x00, 0x00, 0x03, 0xff, 0xff, 0xe0, 0x1e, 0xc4, 0x00, 0x00, },
{0x00, 0x07, 0xff, 0xfe, 0x00, 0x00, 0x00, 0x00, 0x00, 0xff, 0xff, 0xe0, 0x10, 0xa8, 0x00, 0x00, },
{0x00, 0x07, 0xfc, 0x00, 0x00, 0x00, 0x00, 0x00, 0x00, 0x00, 0x7f, 0xe0, 0x10, 0x98, 0x00, 0x00, },
{0x00, 0x07, 0xfc, 0x00, 0x00, 0x00, 0x00, 0x00, 0x00, 0x00, 0x7f, 0xe0, 0x10, 0x90, 0x00, 0x00, },
{0x00, 0x00, 0x00, 0x00, 0x00, 0x00, 0x00, 0x00, 0x00, 0x00, 0x00, 0x00, 0x10, 0xa8, 0x00, 0x00, },
{0x00, 0x00, 0x00, 0x00, 0x00, 0x00, 0x00, 0x00, 0x00, 0x00, 0x00, 0x00, 0x1c, 0xc8, 0x00, 0x00, },
{0x00, 0x00, 0x00, 0x00, 0x00, 0x00, 0x00, 0x00, 0x00, 0x00, 0x00, 0x00, 0x06, 0x84, 0x00, 0x00, },
{0x00, 0x00, 0x00, 0x00, 0x00, 0x00, 0x00, 0x00, 0x00, 0x00, 0x00, 0x00, 0x06, 0x14, 0x00, 0x00, },
{0x00, 0x00, 0x00, 0x00, 0x00, 0x00, 0x00, 0x00, 0x00, 0x00, 0x00, 0x00, 0x09, 0xf0, 0x00, 0x00, },
{0x00, 0x00, 0x00, 0x00, 0x00, 0x00, 0x00, 0x00, 0x00, 0x00, 0x00, 0x00, 0x11, 0x08, 0x00, 0x00, },
{0x00, 0x00, 0x00, 0x00, 0x00, 0x00, 0x00, 0x00, 0x00, 0x00, 0x00, 0x00, 0x01, 0x00, 0x00, 0x00, },
{0x00, 0x00, 0x00, 0x00, 0x00, 0x00, 0x00, 0x00, 0x00, 0x00, 0x00, 0x00, 0x00, 0x00, 0x00, 0x00, },
{0x00, 0x00, 0x00, 0x00, 0x00, 0x00, 0x00, 0x00, 0x00, 0x00, 0x00, 0x00, 0x00, 0x00, 0x00, 0x00, },
{0x00, 0x00, 0x00, 0x00, 0x00, 0x00, 0x00, 0x00, 0x00, 0x00, 0x00, 0x00, 0x00, 0x00, 0x00, 0x00, },
{0x00, 0x00, 0x00, 0x00, 0x00, 0x00, 0x00, 0x00, 0x00, 0x00, 0x00, 0x00, 0x00, 0x00, 0x00, 0x00, },
{0x00, 0x00, 0x00, 0x00, 0x00, 0x00, 0x00, 0x00, 0x00, 0x00, 0x00, 0x00, 0x00, 0x00, 0x00, 0x00, },
{0x00, 0x00, 0x00, 0x00, 0x00, 0x00, 0x00, 0x00, 0x00, 0x00, 0x00, 0x00, 0x00, 0x00, 0x00, 0x00, },
{0x00, 0x00, 0x00, 0x00, 0x00, 0x00, 0x00, 0x00, 0x00, 0x00, 0x00, 0x00, 0x00, 0x00, 0x00, 0x00, },
{0x00, 0x00, 0x00, 0x00, 0x00, 0x00, 0x00, 0x00, 0x00, 0x00, 0x00, 0x00, 0x00, 0x00, 0x00, 0x00, },
{0x00, 0x00, 0x00, 0x00, 0x00, 0x00, 0x00, 0x00, 0x00, 0x00, 0x00, 0x00, 0x00, 0x00, 0x00, 0x00, },
{0x00, 0x00, 0x00, 0x00, 0x00, 0x00, 0x00, 0x00, 0x00, 0x00, 0x00, 0x00, 0x00, 0x00, 0x00, 0x00, },
{0x00, 0x00, 0x00, 0x00, 0x00, 0x00, 0x00, 0x00, 0x00, 0x00, 0x00, 0x00, 0x00, 0x00, 0x00, 0x00, },
{0x00, 0x00, 0x00, 0x00, 0x00, 0x00, 0x00, 0x00, 0x00, 0x00, 0x00, 0x00, 0x00, 0x00, 0x00, 0x00, },
{0x00, 0x00, 0x00, 0x00, 0x00, 0x00, 0x00, 0x00, 0x00, 0x00, 0x00, 0x00, 0x00, 0x00, 0x00, 0x00, },
{0x00, 0x00, 0x00, 0x00, 0x00, 0x00, 0x00, 0x00, 0x00, 0x00, 0x00, 0x00, 0x00, 0x00, 0x00, 0x00, },
{0x00, 0x00, 0x00, 0x00, 0x00, 0x00, 0x00, 0x00, 0x00, 0x00, 0x00, 0x00, 0x00, 0x00, 0x00, 0x00, },
{0x00, 0x00, 0x00, 0x00, 0x00, 0x00, 0x00, 0x00, 0x00, 0x00, 0x00, 0x00, 0x00, 0x00, 0x00, 0x00, },
{0x00, 0x00, 0x00, 0x00, 0x00, 0x00, 0x00, 0x00, 0x00, 0x00, 0x00, 0x00, 0x00, 0x00, 0x00, 0x00, },
{0x00, 0x00, 0x00, 0x00, 0x00, 0x00, 0x00, 0x00, 0x00, 0x00, 0x00, 0x00, 0x00, 0x00, 0x00, 0x00, },
{0x00, 0x00, 0x00, 0x00, 0x00, 0x00, 0x00, 0x00, 0x00, 0x00, 0x00, 0x00, 0x00, 0x00, 0x00, 0x00, },
{0x00, 0x00, 0x00, 0x00, 0x00, 0x00, 0x00, 0x00, 0x00, 0x00, 0x00, 0x00, 0x00, 0x00, 0x00, 0x00, },
{0x00, 0x00, 0x00, 0x00, 0x00, 0x00, 0x00, 0x00, 0x00, 0x00, 0x00, 0x00, 0x00, 0x00, 0x00, 0x00, },
{0x00, 0x00, 0x00, 0x00, 0x00, 0x00, 0x00, 0x00, 0x00, 0x00, 0x00, 0x00, 0x00, 0x00, 0x00, 0x00, },
{0x00, 0x00, 0x00, 0x00, 0x00, 0x00, 0x00, 0x00, 0x00, 0x00, 0x00, 0x00, 0x00, 0x00, 0x00, 0x00, },
{0x00, 0x00, 0x00, 0x00, 0x00, 0x00, 0x00, 0x00, 0x00, 0x00, 0x00, 0x00, 0x00, 0x00, 0x00, 0x00, },
{0x00, 0x00, 0x00, 0x00, 0x00, 0x00, 0x00, 0x00, 0x00, 0x00, 0x00, 0x00, 0x00, 0x00, 0x00, 0x00, },
{0x00, 0x00, 0x00, 0x00, 0x00, 0x00, 0x00, 0x00, 0x00, 0x00, 0x00, 0x00, 0x00, 0x00, 0x00, 0x00, },
{0x00, 0x00, 0x00, 0x00, 0x00, 0x00, 0x00, 0x00, 0x00, 0x00, 0x00, 0x00, 0x00, 0x00, 0x00, 0x00, },
{0x00, 0x00, 0x00, 0x00, 0x00, 0x00, 0x00, 0x00, 0x00, 0x00, 0x00, 0x00, 0x00, 0x00, 0x00, 0x00, },
{0x00, 0x00, 0x00, 0x00, 0x00, 0x00, 0x00, 0x00, 0x00, 0x00, 0x00, 0x00, 0x00, 0x00, 0x00, 0x00, },
{0x00, 0x00, 0x00, 0x00, 0x00, 0x00, 0x00, 0x00, 0x00, 0x00, 0x00, 0x00, 0x00, 0x00, 0x00, 0x00, },
{0x00, 0x00, 0x00, 0x00, 0x00, 0x00, 0x00, 0x00, 0x00, 0x00, 0x00, 0x00, 0x00, 0x00, 0x00, 0x00, },
{0x00, 0x00, 0x00, 0x00, 0x00, 0x00, 0x00, 0x00, 0x00, 0x00, 0x00, 0x00, 0x00, 0x00, 0x00, 0x00, },
{0x00, 0x00, 0x00, 0x00, 0x00, 0x00, 0x00, 0x00, 0x00, 0x00, 0x00, 0x00, 0x00, 0x00, 0x00, 0x00, },
{0x00, 0x00, 0x00, 0x00, 0x00, 0x00, 0x00, 0x00, 0x00, 0x00, 0x00, 0x00, 0x00, 0x00, 0x00, 0x00, },
}; /*red layer yangwen*/

const unsigned char img_config_black[250][16] ICACHE_RODATA_ATTR = { /*Black layer inscription settings interface*/
{0xff, 0xff, 0xff, 0xff, 0xff, 0xff, 0xff, 0xff, 0xff, 0xff, 0xff, 0xff, 0xff, 0xff, 0xff, 0xff, },
{0xff, 0xff, 0xff, 0xff, 0xff, 0xff, 0xff, 0xff, 0xff, 0xff, 0xff, 0xff, 0xff, 0xff, 0xff, 0xff, },
{0xff, 0xff, 0xff, 0xff, 0xff, 0xff, 0xff, 0xff, 0xff, 0xff, 0xff, 0xff, 0xff, 0xff, 0xff, 0xff, },
{0xff, 0xff, 0xff, 0xff, 0xff, 0xff, 0xff, 0xff, 0xff, 0xff, 0xff, 0xff, 0xff, 0xff, 0xff, 0xff, },
{0xff, 0xff, 0xff, 0xff, 0xff, 0xff, 0xff, 0xff, 0xff, 0xff, 0xff, 0xff, 0xff, 0xff, 0xff, 0xff, },
{0xff, 0xff, 0xff, 0xff, 0xff, 0xff, 0xff, 0xff, 0xff, 0xff, 0xff, 0xff, 0xff, 0xff, 0xff, 0xff, },
{0xff, 0xff, 0xff, 0xff, 0xff, 0xff, 0xff, 0xff, 0xff, 0xff, 0xff, 0xff, 0xff, 0xff, 0xff, 0xff, },
{0xff, 0xff, 0xff, 0xff, 0xff, 0xff, 0xff, 0xff, 0xff, 0xff, 0xff, 0xff, 0xff, 0xff, 0xff, 0xff, },
{0xff, 0xff, 0xff, 0xff, 0xff, 0xff, 0xff, 0xff, 0xff, 0xff, 0xff, 0xff, 0xff, 0xff, 0xff, 0xff, },
{0xff, 0xff, 0xff, 0xff, 0xff, 0xff, 0xff, 0xff, 0xff, 0xff, 0xff, 0xff, 0xff, 0xff, 0xff, 0xff, },
{0xff, 0xff, 0xff, 0xff, 0xff, 0xff, 0xff, 0xff, 0xff, 0xff, 0xff, 0xff, 0xff, 0xff, 0xff, 0xff, },
{0xff, 0xff, 0xff, 0xff, 0xff, 0xff, 0xff, 0xff, 0xff, 0xff, 0xff, 0xff, 0xff, 0xff, 0xff, 0xff, },
{0xff, 0xff, 0xff, 0xff, 0xff, 0xff, 0xff, 0xff, 0xff, 0xff, 0xff, 0xff, 0xff, 0xff, 0xff, 0xff, },
{0xff, 0xff, 0xff, 0xff, 0xff, 0xff, 0xff, 0xff, 0xff, 0xff, 0xff, 0xff, 0xff, 0xff, 0xff, 0xff, },
{0xff, 0xff, 0xff, 0xff, 0xff, 0xff, 0xff, 0xff, 0xff, 0xff, 0xff, 0xff, 0xff, 0xff, 0xff, 0xff, },
{0xff, 0xff, 0xff, 0xff, 0xff, 0xff, 0xff, 0xff, 0xff, 0xff, 0xff, 0xff, 0xff, 0xff, 0xff, 0xff, },
{0xff, 0xff, 0xff, 0xff, 0xff, 0xf8, 0x70, 0xff, 0xff, 0xf8, 0xf1, 0xff, 0xff, 0xff, 0xff, 0xff, },
{0xff, 0xff, 0xff, 0xff, 0xff, 0xf8, 0x70, 0xff, 0xff, 0xf8, 0xf1, 0xff, 0xff, 0xff, 0xff, 0xff, },
{0xff, 0xff, 0xff, 0xff, 0xff, 0xf8, 0x70, 0xff, 0xff, 0xf8, 0xf1, 0xff, 0xff, 0xff, 0xff, 0xff, },
{0xff, 0xff, 0xff, 0xff, 0xff, 0xf8, 0x70, 0xff, 0xff, 0xf8, 0xf1, 0xff, 0xff, 0xff, 0xff, 0xff, },
{0xff, 0xff, 0xff, 0xff, 0xfc, 0x00, 0x70, 0x01, 0xff, 0xf8, 0x01, 0xff, 0xc0, 0x7f, 0xff, 0xff, },
{0xff, 0xff, 0xff, 0xff, 0xfc, 0x00, 0x70, 0x01, 0xff, 0xf8, 0x01, 0xff, 0xc0, 0x7f, 0xff, 0xff, },
{0xff, 0xff, 0xff, 0xff, 0xfc, 0x00, 0x70, 0x01, 0xff, 0xf8, 0x01, 0xff, 0xc0, 0x7f, 0xff, 0xff, },
{0xff, 0xff, 0xff, 0xff, 0xfc, 0x07, 0x80, 0xff, 0xff, 0x80, 0xf1, 0xfc, 0x3f, 0xff, 0xff, 0xff, },
{0xff, 0xff, 0xff, 0xff, 0xfc, 0x07, 0x80, 0xff, 0xff, 0x80, 0xf1, 0xfc, 0x3f, 0xff, 0xff, 0xff, },
{0xff, 0xff, 0xff, 0xff, 0xfc, 0x07, 0x80, 0xff, 0xff, 0x80, 0xf1, 0xfc, 0x3f, 0xff, 0xff, 0xff, },
{0xff, 0xff, 0xff, 0xff, 0xfc, 0x07, 0x80, 0xff, 0xff, 0x80, 0xf1, 0xfc, 0x3f, 0xff, 0xff, 0xff, },
{0xff, 0xff, 0xff, 0xff, 0xe0, 0x00, 0x7f, 0xff, 0xc3, 0xff, 0xfe, 0x1c, 0x3f, 0xff, 0xff, 0xff, },
{0xff, 0xff, 0xff, 0xff, 0xe0, 0x00, 0x7f, 0xff, 0xc3, 0xff, 0xfe, 0x1c, 0x3f, 0xff, 0xff, 0xff, },
{0xff, 0xff, 0xff, 0xff, 0xe0, 0x00, 0x7f, 0xff, 0xc3, 0xff, 0xfe, 0x1c, 0x3f, 0xff, 0xff, 0xff, },
{0xff, 0xff, 0xff, 0xff, 0xfc, 0x3f, 0xff, 0xff, 0xc3, 0x80, 0x00, 0x00, 0x3f, 0xff, 0xff, 0xff, },
{0xff, 0xff, 0xff, 0xff, 0xfc, 0x3f, 0xff, 0xff, 0xc3, 0x80, 0x00, 0x00, 0x3f, 0xff, 0xff, 0xff, },
{0xff, 0xff, 0xff, 0xff, 0xfc, 0x3f, 0xff, 0xff, 0xc3, 0x80, 0x00, 0x00, 0x3f, 0xff, 0xff, 0xff, },
{0xff, 0xff, 0xff, 0xff, 0xfc, 0x3f, 0xff, 0xff, 0xc3, 0x80, 0x00, 0x00, 0x3f, 0xff, 0xff, 0xff, },
{0xff, 0xff, 0xff, 0xfe, 0x00, 0x07, 0xff, 0x1e, 0x00, 0x07, 0xfe, 0x03, 0xc7, 0xff, 0xff, 0xff, },
{0xff, 0xff, 0xff, 0xfe, 0x00, 0x07, 0xff, 0x1e, 0x00, 0x07, 0xfe, 0x03, 0xc7, 0xff, 0xff, 0xff, },
{0xff, 0xff, 0xff, 0xfe, 0x00, 0x07, 0xff, 0x1e, 0x00, 0x07, 0xfe, 0x03, 0xc7, 0xff, 0xff, 0xff, },
{0xff, 0xff, 0xff, 0xff, 0xe0, 0x00, 0x70, 0x1e, 0x3c, 0x07, 0x0e, 0x03, 0xc7, 0xff, 0xff, 0xff, },
{0xff, 0xff, 0xff, 0xff, 0xe0, 0x00, 0x70, 0x1e, 0x3c, 0x07, 0x0e, 0x03, 0xc7, 0xff, 0xff, 0xff, },
{0xff, 0xff, 0xff, 0xff, 0xe0, 0x00, 0x70, 0x1e, 0x3c, 0x07, 0x0e, 0x03, 0xc7, 0xff, 0xde, 0xff, },
{0xff, 0xff, 0xff, 0xff, 0xe0, 0x00, 0x70, 0x1e, 0x3c, 0x07, 0x0e, 0x03, 0xc7, 0xf8, 0x56, 0xff, },
{0xff, 0xff, 0xff, 0xfe, 0x00, 0x00, 0x0f, 0x00, 0x3f, 0x87, 0xfe, 0x1f, 0xff, 0xfb, 0x56, 0xff, },
{0xff, 0xff, 0xff, 0xfe, 0x00, 0x00, 0x0f, 0x00, 0x3f, 0x87, 0xfe, 0x1f, 0xff, 0xfb, 0x40, 0xff, },
{0xff, 0xff, 0xff, 0xfe, 0x00, 0x00, 0x0f, 0x00, 0x3f, 0x87, 0xfe, 0x1f, 0xff, 0xfb, 0x56, 0xff, },
{0xff, 0xc3, 0x87, 0x0f, 0xe0, 0x38, 0x00, 0xe1, 0xff, 0x80, 0x00, 0x1c, 0x00, 0x7b, 0x56, 0xff, },
{0xff, 0xc3, 0x87, 0x0f, 0xe0, 0x38, 0x00, 0xe1, 0xff, 0x80, 0x00, 0x1c, 0x00, 0x78, 0x56, 0xff, },
{0xff, 0xc3, 0x87, 0x0f, 0xe0, 0x38, 0x00, 0xe1, 0xff, 0x80, 0x00, 0x1c, 0x00, 0x7f, 0xee, 0xff, },
{0xff, 0xc3, 0x87, 0x0f, 0xe0, 0x38, 0x00, 0xe1, 0xff, 0x80, 0x00, 0x1c, 0x00, 0x7b, 0x1f, 0xff, },
{0xe1, 0xc3, 0xf8, 0xfe, 0x1c, 0x00, 0x0f, 0x1f, 0xfc, 0x78, 0xff, 0xe3, 0xc7, 0xf8, 0x00, 0xff, },
{0xe1, 0xc3, 0xf8, 0xfe, 0x1c, 0x00, 0x0f, 0x1f, 0xfc, 0x78, 0xff, 0xe3, 0xc7, 0xfd, 0x5f, 0xff, },
{0xe1, 0xc3, 0xf8, 0xfe, 0x1c, 0x00, 0x0f, 0x1f, 0xfc, 0x78, 0xff, 0xe3, 0xc7, 0xfd, 0x63, 0xff, },
{0xe1, 0xfc, 0x00, 0x01, 0xff, 0xc0, 0x7f, 0x00, 0x03, 0x87, 0x0f, 0xe3, 0xc0, 0x7f, 0xff, 0xff, },
{0xe1, 0xfc, 0x00, 0x01, 0xff, 0xc0, 0x7f, 0x00, 0x03, 0x87, 0x0f, 0xe3, 0xc0, 0x7f, 0xff, 0xff, },
{0xe1, 0xfc, 0x00, 0x01, 0xff, 0xc0, 0x7f, 0x00, 0x03, 0x87, 0x0f, 0xe3, 0xc0, 0x7f, 0xff, 0xff, },
{0xe1, 0xfc, 0x00, 0x01, 0xff, 0xc0, 0x7f, 0xe0, 0x03, 0x87, 0x0f, 0xe3, 0xc0, 0x7f, 0xff, 0xff, },
{0xff, 0xff, 0x80, 0xf1, 0xff, 0xf9, 0xff, 0xff, 0xfc, 0x7f, 0xfe, 0x00, 0x00, 0x7e, 0xfe, 0xff, },
{0xff, 0xff, 0x80, 0xf1, 0xff, 0xff, 0xff, 0xff, 0xfc, 0x7f, 0xfe, 0x00, 0x00, 0x7e, 0x1d, 0xff, },
{0xff, 0xff, 0x80, 0xf1, 0xff, 0xff, 0xff, 0xff, 0xfc, 0x7f, 0xfe, 0x00, 0x00, 0x7e, 0xe3, 0xff, },
{0xff, 0xff, 0x87, 0xff, 0xfc, 0x3f, 0xff, 0xff, 0xff, 0x87, 0xf1, 0xff, 0xc7, 0xf8, 0xe3, 0xff, },
{0xff, 0xff, 0x87, 0xff, 0xfc, 0x3f, 0xff, 0xff, 0xff, 0x87, 0xf1, 0xff, 0xc7, 0xfe, 0x0d, 0xff, },
{0xff, 0xff, 0x87, 0xff, 0xfc, 0x3f, 0xff, 0xff, 0xff, 0x87, 0xf1, 0xff, 0xc7, 0xfd, 0xce, 0xff, },
{0xff, 0xff, 0x87, 0xff, 0xfc, 0x3f, 0xff, 0xff, 0xff, 0x87, 0xf1, 0xff, 0xc7, 0xfe, 0x2a, 0xff, },
{0xfe, 0x3c, 0x7f, 0xfe, 0x03, 0xff, 0xf9, 0x9f, 0xff, 0xf8, 0x0f, 0xfc, 0x00, 0x7e, 0x83, 0xff, },
{0xfe, 0x3c, 0x7f, 0xfe, 0x03, 0xff, 0xf7, 0x6f, 0xff, 0xf8, 0x0f, 0xfc, 0x00, 0x78, 0x00, 0xff, },
{0xfe, 0x3c, 0x7f, 0xfe, 0x03, 0xff, 0xf6, 0xef, 0xff, 0xf8, 0x0f, 0xfc, 0x00, 0x7e, 0xaa, 0xff, },
{0xfe, 0x3c, 0x00, 0x01, 0xe3, 0xff, 0xf9, 0x9f, 0xff, 0x87, 0x0f, 0xff, 0xc7, 0xff, 0xa3, 0xff, },
{0xfe, 0x3c, 0x00, 0x01, 0xe3, 0xff, 0xff, 0xff, 0xff, 0x87, 0x0f, 0xff, 0xc7, 0xff, 0xff, 0xff, },
{0xfe, 0x3c, 0x00, 0x01, 0xe3, 0xff, 0xf3, 0xff, 0xff, 0x87, 0x0f, 0xff, 0xc7, 0xff, 0xff, 0xff, },
{0xfe, 0x3c, 0x00, 0x01, 0xe3, 0xff, 0xfd, 0xff, 0xff, 0x87, 0x0f, 0xff, 0xc7, 0xff, 0xff, 0xff, },
{0xe0, 0x00, 0x00, 0xff, 0xff, 0xff, 0xfe, 0x0f, 0xe0, 0x78, 0x01, 0xfc, 0x07, 0xff, 0xff, 0xff, },
{0xe0, 0x00, 0x00, 0xff, 0xff, 0xff, 0xfd, 0xff, 0xe0, 0x78, 0x01, 0xfc, 0x07, 0xff, 0xff, 0xff, },
{0xe0, 0x00, 0x00, 0xff, 0xff, 0xff, 0xf3, 0xff, 0xe0, 0x78, 0x01, 0xfc, 0x07, 0xff, 0xbf, 0xff, },
{0xe1, 0xfc, 0x7f, 0xfe, 0x03, 0xff, 0xff, 0xff, 0xff, 0x87, 0x0f, 0xe3, 0xc7, 0xfa, 0x80, 0xff, },
{0xe1, 0xfc, 0x7f, 0xfe, 0x03, 0xff, 0xff, 0xff, 0xff, 0x87, 0x0f, 0xe3, 0xc7, 0xfa, 0xaa, 0xff, },
{0xe1, 0xfc, 0x7f, 0xfe, 0x03, 0xff, 0xff, 0xff, 0xff, 0x87, 0x0f, 0xe3, 0xc7, 0xfa, 0xaa, 0xff, },
{0xe1, 0xfc, 0x7f, 0xfe, 0x03, 0xff, 0xff, 0xff, 0xff, 0x87, 0x0f, 0xe3, 0xc7, 0xfa, 0xaa, 0xff, },
{0xff, 0xc3, 0xf8, 0xff, 0xff, 0xff, 0xff, 0xff, 0xff, 0x80, 0xf1, 0xff, 0xc7, 0xf8, 0xaa, 0xff, },
{0xff, 0xc3, 0xf8, 0xff, 0xff, 0xff, 0xff, 0xff, 0xff, 0x80, 0xf1, 0xff, 0xc7, 0xfa, 0x2a, 0xff, },
{0xff, 0xc3, 0xf8, 0xff, 0xff, 0xff, 0xff, 0xff, 0xff, 0x80, 0xf1, 0xff, 0xc7, 0xfa, 0xaa, 0xff, },
{0xff, 0xff, 0xff, 0x0f, 0xe0, 0x3f, 0xff, 0xff, 0xff, 0x87, 0x0e, 0x1c, 0x00, 0x7a, 0x80, 0xff, },
{0xff, 0xff, 0xff, 0x0f, 0xe0, 0x3f, 0xff, 0x1f, 0xff, 0x87, 0x0e, 0x1c, 0x00, 0x7a, 0xb7, 0xff, },
{0xff, 0xff, 0xff, 0x0f, 0xe0, 0x3f, 0xff, 0x1f, 0xff, 0x87, 0x0e, 0x1c, 0x00, 0x7a, 0xb3, 0xff, },
{0xff, 0xff, 0xff, 0x0f, 0xe0, 0x3f, 0xff, 0x1f, 0xff, 0x87, 0x0e, 0x1c, 0x00, 0x7f, 0xbd, 0xff, },
{0xff, 0xc0, 0x07, 0xfe, 0x00, 0x07, 0xf0, 0x00, 0x00, 0x07, 0xf0, 0x00, 0x38, 0x7f, 0xff, 0xff, },
{0xff, 0xc0, 0x07, 0xfe, 0x00, 0x07, 0xf0, 0x00, 0x00, 0x07, 0xf0, 0x00, 0x38, 0x7f, 0xff, 0xff, },
{0xff, 0xc0, 0x07, 0xfe, 0x00, 0x07, 0xf0, 0x00, 0x00, 0x07, 0xf0, 0x00, 0x38, 0x7f, 0xff, 0xff, },
{0xff, 0xff, 0xf8, 0x0e, 0x1f, 0xc7, 0xff, 0xe0, 0x00, 0x78, 0xf1, 0xe3, 0xf8, 0x7f, 0xff, 0xff, },
{0xff, 0xff, 0xf8, 0x0e, 0x1f, 0xc7, 0xff, 0xe0, 0x00, 0x78, 0xf1, 0xe3, 0xf8, 0x7f, 0xf8, 0xff, },
{0xff, 0xff, 0xf8, 0x0e, 0x1f, 0xc7, 0xff, 0xe0, 0x00, 0x78, 0xf1, 0xe3, 0xf8, 0x78, 0x0e, 0xff, },
{0xff, 0xff, 0xf8, 0x0e, 0x1f, 0xc7, 0xff, 0xe0, 0x00, 0x78, 0xf1, 0xe3, 0xf8, 0x7b, 0xfe, 0xff, },
{0xff, 0xff, 0xff, 0xff, 0xfc, 0x3f, 0xff, 0xfe, 0x3c, 0x7f, 0xff, 0xff, 0xff, 0xfb, 0xe0, 0xff, },
{0xff, 0xff, 0xff, 0xff, 0xfc, 0x3f, 0xff, 0xfe, 0x3c, 0x7f, 0xff, 0xff, 0xff, 0xfa, 0x07, 0xff, },
{0xff, 0xff, 0xff, 0xff, 0xfc, 0x3f, 0xff, 0xfe, 0x3c, 0x7f, 0xff, 0xff, 0xff, 0xfb, 0xf3, 0xff, },
{0xff, 0xff, 0xff, 0xfe, 0x1c, 0x3f, 0xff, 0xe1, 0xc3, 0x87, 0xff, 0xff, 0xff, 0xf8, 0x0d, 0xff, },
{0xff, 0xff, 0xff, 0xfe, 0x1c, 0x3f, 0xff, 0xe1, 0xc3, 0x87, 0xff, 0xff, 0xff, 0xff, 0xfc, 0xff, },
{0xff, 0xff, 0xff, 0xfe, 0x1c, 0x3f, 0xff, 0xe1, 0xc3, 0x87, 0xff, 0xff, 0xff, 0xfc, 0x7a, 0xff, },
{0xff, 0xff, 0xff, 0xfe, 0x1c, 0x3f, 0xff, 0xe1, 0xc3, 0x87, 0xff, 0xff, 0xff, 0xfd, 0x87, 0xff, },
{0xff, 0xff, 0xff, 0xfe, 0x1f, 0xff, 0xff, 0xe1, 0xc0, 0x07, 0xff, 0xff, 0xff, 0xfd, 0x93, 0xff, },
{0xff, 0xff, 0xff, 0xfe, 0x1f, 0xff, 0xff, 0xe1, 0xc0, 0x07, 0xff, 0xff, 0xff, 0xfd, 0x7d, 0xff, },
{0xff, 0xff, 0xff, 0xfe, 0x1f, 0xff, 0xff, 0xe1, 0xc0, 0x07, 0xff, 0xff, 0xff, 0xff, 0xfe, 0xff, },
{0xff, 0xff, 0xff, 0xff, 0xfc, 0x3f, 0xff, 0x01, 0xc3, 0x87, 0xff, 0xff, 0xff, 0xff, 0xff, 0xff, },
{0xff, 0xff, 0xff, 0xff, 0xfc, 0x3f, 0xff, 0x01, 0xc3, 0x87, 0xff, 0xff, 0xff, 0xff, 0xff, 0xff, },
{0xff, 0xff, 0xff, 0xff, 0xfc, 0x3f, 0xff, 0x01, 0xc3, 0x87, 0xff, 0xff, 0xff, 0xff, 0xff, 0xff, },
{0xff, 0xff, 0xff, 0xff, 0xfc, 0x3f, 0xff, 0x01, 0xc3, 0x87, 0xff, 0xff, 0xff, 0xff, 0xff, 0xff, },
{0xff, 0xff, 0xff, 0xfe, 0x1c, 0x07, 0xff, 0x01, 0xc0, 0x07, 0xff, 0xff, 0xff, 0xff, 0xff, 0xff, },
{0xff, 0xff, 0xff, 0xfe, 0x1c, 0x07, 0xff, 0x01, 0xc0, 0x07, 0xff, 0xff, 0xff, 0xff, 0xff, 0xff, },
{0xff, 0xff, 0xff, 0xfe, 0x1c, 0x07, 0xff, 0x01, 0xc0, 0x07, 0xff, 0xff, 0xff, 0xff, 0xff, 0xff, },
{0xff, 0xff, 0xff, 0xff, 0xe0, 0x3f, 0xf0, 0xe1, 0xc3, 0x87, 0xff, 0xff, 0xff, 0xff, 0xff, 0xff, },
{0xff, 0xff, 0xff, 0xff, 0xe0, 0x3f, 0xf0, 0xe1, 0xc3, 0x87, 0xff, 0xff, 0xff, 0xff, 0xff, 0xff, },
{0xff, 0xff, 0xff, 0xff, 0xe0, 0x3f, 0xf0, 0xe1, 0xc3, 0x87, 0xff, 0xff, 0xff, 0xff, 0xff, 0xff, },
{0xff, 0xff, 0xff, 0xff, 0xe0, 0x3f, 0xf0, 0xe1, 0xc3, 0x87, 0xff, 0xff, 0xff, 0xff, 0xff, 0xff, },
{0xff, 0xff, 0xff, 0xff, 0xff, 0xc7, 0x8f, 0xe0, 0x3f, 0xff, 0xff, 0xff, 0xff, 0xff, 0xff, 0xff, },
{0xff, 0xff, 0xff, 0xff, 0xff, 0xc7, 0x8f, 0xe0, 0x3f, 0xff, 0xff, 0xff, 0xff, 0xff, 0xff, 0xff, },
{0xff, 0xff, 0xff, 0xff, 0xff, 0xc7, 0x8f, 0xe0, 0x3f, 0xff, 0xff, 0xff, 0xff, 0xff, 0xff, 0xff, },
{0xff, 0xff, 0xff, 0xfe, 0x03, 0xc0, 0x7f, 0x01, 0xff, 0x87, 0xff, 0xff, 0xff, 0xff, 0xff, 0xff, },
{0xff, 0xff, 0xff, 0xfe, 0x03, 0xc0, 0x7f, 0x01, 0xff, 0x87, 0xff, 0xff, 0xff, 0xff, 0xff, 0xff, },
{0xff, 0xff, 0xff, 0xfe, 0x03, 0xc0, 0x7f, 0x01, 0xff, 0x87, 0xff, 0xff, 0xff, 0xff, 0xff, 0xff, },
{0xff, 0xff, 0xff, 0xfe, 0x03, 0xc0, 0x7f, 0x01, 0xff, 0x87, 0xff, 0xff, 0xff, 0xff, 0xff, 0xff, },
{0xff, 0xff, 0xff, 0xff, 0xff, 0xff, 0xff, 0xff, 0xff, 0xff, 0xff, 0xff, 0xff, 0xff, 0xff, 0xff, },
{0xff, 0xff, 0xff, 0xff, 0xff, 0xff, 0xff, 0xff, 0xff, 0xff, 0xff, 0xff, 0xff, 0xff, 0xff, 0xff, },
{0xff, 0xff, 0xff, 0xff, 0xff, 0xff, 0xff, 0xff, 0xff, 0xff, 0xff, 0xff, 0xff, 0xff, 0xff, 0xff, },
{0xff, 0xff, 0xff, 0xff, 0xff, 0xff, 0xff, 0xff, 0xff, 0xff, 0xff, 0xff, 0xff, 0xff, 0xff, 0xff, },
{0xff, 0xff, 0xff, 0xff, 0xff, 0xff, 0xff, 0xff, 0xff, 0xff, 0xff, 0xff, 0xff, 0xff, 0xff, 0xff, },
{0xff, 0xff, 0xff, 0xff, 0xff, 0xff, 0xff, 0xff, 0xff, 0xff, 0xff, 0xff, 0xff, 0xff, 0xff, 0xff, },
{0xff, 0xff, 0xff, 0xff, 0xff, 0xff, 0xff, 0xff, 0xff, 0xff, 0xff, 0xff, 0xff, 0xff, 0xff, 0xff, },
{0xff, 0xff, 0xff, 0xff, 0xff, 0xff, 0xff, 0xff, 0xff, 0xff, 0xff, 0xff, 0xff, 0xff, 0xff, 0xff, },
{0xff, 0xff, 0xff, 0xff, 0xff, 0xff, 0xff, 0xff, 0xff, 0xff, 0xff, 0xff, 0xff, 0xff, 0xff, 0xff, },
{0xff, 0xff, 0xff, 0xff, 0xff, 0xff, 0xff, 0xff, 0xff, 0xff, 0xff, 0xff, 0xff, 0xff, 0xff, 0xff, },
{0xff, 0xff, 0xff, 0xff, 0xff, 0xff, 0xff, 0xff, 0xff, 0xff, 0xff, 0xff, 0xff, 0xff, 0xff, 0xff, },
{0xff, 0xff, 0xff, 0xff, 0xff, 0xff, 0xff, 0xff, 0xff, 0xff, 0xff, 0xff, 0xff, 0xff, 0xff, 0xff, },
{0xff, 0xff, 0xff, 0xff, 0xff, 0xff, 0xff, 0xff, 0xff, 0xff, 0xff, 0xff, 0xff, 0xff, 0xff, 0xff, },
{0xff, 0xff, 0xff, 0xff, 0xff, 0xff, 0xff, 0xff, 0xff, 0xff, 0xff, 0xff, 0xff, 0xff, 0xff, 0xff, },
{0xff, 0xff, 0xff, 0xff, 0xff, 0xff, 0xff, 0xff, 0xff, 0xff, 0xff, 0xff, 0xff, 0xff, 0xff, 0xff, },
{0xff, 0xff, 0xff, 0xff, 0xff, 0xff, 0xff, 0xff, 0xff, 0xff, 0xff, 0xff, 0xff, 0xff, 0xff, 0xff, },
{0xff, 0xff, 0xff, 0xff, 0xff, 0xff, 0xff, 0xff, 0xff, 0xff, 0xff, 0xff, 0xff, 0xff, 0xff, 0xff, },
{0xff, 0xff, 0xff, 0xff, 0xff, 0xff, 0xff, 0xff, 0xff, 0xff, 0xff, 0xff, 0xff, 0xff, 0xff, 0xff, },
{0xff, 0xff, 0xff, 0xff, 0xff, 0xff, 0xff, 0xff, 0xff, 0xff, 0xff, 0xff, 0xff, 0xff, 0xff, 0xff, },
{0xff, 0xff, 0xff, 0xff, 0xff, 0xff, 0xff, 0xff, 0xff, 0xff, 0xff, 0xff, 0xff, 0xff, 0xff, 0xff, },
{0xff, 0xff, 0xff, 0xff, 0xff, 0xff, 0xff, 0xff, 0xff, 0xff, 0xff, 0xff, 0xff, 0xff, 0xf7, 0xff, },
{0xff, 0xff, 0xff, 0xff, 0xff, 0xff, 0xff, 0xff, 0xff, 0xff, 0xff, 0xff, 0xff, 0xff, 0xff, 0xff, },
{0xff, 0xff, 0xff, 0xff, 0xff, 0xff, 0xff, 0xff, 0xff, 0xff, 0xff, 0xff, 0xff, 0xff, 0xf7, 0xff, },
{0xff, 0xff, 0xff, 0xff, 0xff, 0xff, 0xff, 0xff, 0xff, 0xff, 0xff, 0xff, 0xff, 0xff, 0xff, 0xff, },
{0xff, 0xff, 0xff, 0xff, 0xff, 0xff, 0xff, 0xff, 0xff, 0xff, 0xff, 0xff, 0xff, 0xff, 0xf7, 0xff, },
{0xff, 0xff, 0xff, 0xcf, 0xff, 0xff, 0xff, 0xff, 0xff, 0xff, 0xff, 0xff, 0xff, 0xff, 0xff, 0xff, },
{0xff, 0xff, 0xff, 0x03, 0xff, 0xff, 0xff, 0xff, 0xff, 0xff, 0xff, 0xff, 0xff, 0xff, 0x03, 0xff, },
{0xff, 0xff, 0xfe, 0x01, 0xff, 0xff, 0xff, 0xc7, 0x0f, 0xf8, 0xff, 0xff, 0xff, 0xff, 0x75, 0xff, },
{0xff, 0xff, 0xfe, 0x01, 0xff, 0xff, 0xff, 0xc7, 0x0f, 0xf8, 0xff, 0xff, 0xff, 0xff, 0x75, 0xff, },
{0xff, 0xff, 0xfc, 0x00, 0xff, 0xff, 0xff, 0xc7, 0x0f, 0xf8, 0xff, 0xff, 0xff, 0xff, 0x8d, 0xff, },
{0xff, 0xff, 0xfc, 0x00, 0xff, 0xff, 0xff, 0xc7, 0x0f, 0xff, 0xff, 0xff, 0xff, 0xff, 0xff, 0xff, },
{0xff, 0xff, 0xfc, 0x00, 0xff, 0xff, 0xff, 0xc7, 0x0f, 0xff, 0xff, 0xff, 0xff, 0xff, 0xff, 0xff, },
{0xff, 0xff, 0xfc, 0x00, 0xff, 0xff, 0xff, 0xc7, 0x0f, 0xff, 0xff, 0xff, 0xff, 0xfb, 0x07, 0xff, },
{0xff, 0xff, 0xfc, 0x00, 0xff, 0xff, 0xff, 0xc7, 0x0f, 0xff, 0xff, 0xff, 0xff, 0xff, 0xff, 0xff, },
{0xff, 0xff, 0xfc, 0x00, 0xff, 0xff, 0xff, 0xc7, 0x0f, 0xff, 0xff, 0xff, 0xff, 0xfb, 0x7f, 0xff, },
{0xff, 0xff, 0xfc, 0x00, 0xff, 0xff, 0xff, 0xc7, 0x0f, 0xff, 0xff, 0xff, 0xff, 0xf8, 0x07, 0xff, },
{0xff, 0xff, 0xfc, 0x00, 0xff, 0xff, 0xff, 0xc7, 0x0f, 0xff, 0xff, 0xff, 0xff, 0xff, 0x7f, 0xff, },
{0xff, 0xff, 0xfc, 0x00, 0xff, 0xff, 0xff, 0xc7, 0x0f, 0xff, 0xff, 0xff, 0xff, 0xff, 0xff, 0xff, },
{0xff, 0xff, 0xfc, 0x00, 0xff, 0xff, 0xff, 0xc7, 0x0f, 0xff, 0xff, 0xff, 0xff, 0xff, 0x07, 0xff, },
{0xff, 0xff, 0xfc, 0x00, 0xff, 0xff, 0xff, 0xc7, 0x0e, 0x38, 0xff, 0xff, 0xff, 0xff, 0x7f, 0xff, },
{0xff, 0xff, 0xfc, 0x00, 0xff, 0xff, 0xff, 0xc7, 0x0e, 0x38, 0xff, 0xff, 0xff, 0xff, 0x7f, 0xff, },
{0xff, 0xff, 0xfc, 0x00, 0xff, 0xff, 0xff, 0xc7, 0x0e, 0x38, 0xff, 0xff, 0xff, 0xff, 0x07, 0xff, },
{0xff, 0xff, 0xfc, 0x00, 0xff, 0xff, 0xff, 0xc7, 0x0e, 0x3f, 0xff, 0xff, 0xff, 0xff, 0xff, 0xff, },
{0xff, 0xff, 0xfc, 0x00, 0xff, 0xff, 0xff, 0xc7, 0x0e, 0x3f, 0xff, 0xff, 0xff, 0xff, 0x8f, 0xff, },
{0xff, 0xff, 0xfc, 0x00, 0xff, 0xff, 0xff, 0xc7, 0x0e, 0x3f, 0xff, 0xff, 0xff, 0xff, 0x77, 0xff, },
{0xff, 0xff, 0xfc, 0x00, 0xff, 0xff, 0xff, 0xff, 0x0e, 0x38, 0xff, 0xff, 0xff, 0xff, 0x77, 0xff, },
{0xff, 0xff, 0xfc, 0x00, 0xff, 0xff, 0xff, 0xff, 0x0e, 0x38, 0xff, 0xff, 0xff, 0xff, 0x77, 0xff, },
{0xff, 0xff, 0xfc, 0x00, 0xff, 0xff, 0xff, 0xff, 0x0e, 0x38, 0xff, 0xff, 0xff, 0xff, 0x8f, 0xff, },
{0xff, 0xff, 0xfc, 0x00, 0xff, 0xff, 0xff, 0xff, 0x0e, 0x38, 0xff, 0xff, 0xff, 0xff, 0xff, 0xff, },
{0xff, 0xff, 0xfc, 0x00, 0xff, 0xff, 0xff, 0xff, 0x0e, 0x3f, 0xff, 0xff, 0xff, 0xff, 0xff, 0xff, },
{0xff, 0xff, 0xfc, 0x00, 0xff, 0xff, 0xff, 0xff, 0x0e, 0x3f, 0xff, 0xff, 0xff, 0xfb, 0xef, 0xff, },
{0xff, 0xff, 0xfc, 0x00, 0xff, 0xff, 0xff, 0xff, 0x0e, 0x3f, 0xff, 0xff, 0xff, 0xfb, 0xf7, 0xff, },
{0xff, 0xff, 0xfc, 0x00, 0xff, 0xff, 0xff, 0xff, 0x0e, 0x3f, 0xff, 0xff, 0xff, 0xfb, 0xf7, 0xff, },
{0xff, 0xff, 0xfc, 0x00, 0xff, 0xff, 0xff, 0xff, 0x0e, 0x3f, 0xff, 0xff, 0xff, 0xfb, 0xf7, 0xff, },
{0xff, 0xff, 0xfc, 0x00, 0xff, 0xff, 0xff, 0xff, 0x0e, 0x3f, 0xff, 0xff, 0xff, 0xfd, 0xef, 0xff, },
{0xff, 0xff, 0xfc, 0x00, 0xff, 0xff, 0xff, 0xff, 0xff, 0xff, 0xff, 0xff, 0xff, 0xfe, 0x1f, 0xff, },
{0xff, 0xff, 0xfc, 0x00, 0xff, 0xff, 0xff, 0xff, 0xff, 0xff, 0xff, 0xff, 0xff, 0xff, 0xff, 0xff, },
{0xff, 0xff, 0xfc, 0x00, 0xff, 0xff, 0xff, 0xff, 0xff, 0xff, 0xff, 0xff, 0xff, 0xff, 0xff, 0xff, },
{0xff, 0xff, 0xfc, 0x00, 0xff, 0xff, 0xff, 0xff, 0xff, 0xff, 0xff, 0xff, 0xff, 0xff, 0xff, 0xff, },
{0xff, 0xff, 0xfc, 0x00, 0xff, 0xff, 0xff, 0xff, 0xff, 0xff, 0xff, 0xff, 0xff, 0xff, 0xff, 0xff, },
{0xff, 0xff, 0xf8, 0x00, 0x7f, 0xff, 0xff, 0xff, 0xff, 0xff, 0xff, 0xff, 0xff, 0xf8, 0x07, 0xff, },
{0xff, 0xff, 0xf0, 0x00, 0x3f, 0xff, 0xfe, 0x00, 0xf8, 0xff, 0xff, 0xff, 0xff, 0xff, 0xff, 0xff, },
{0xff, 0xff, 0xe0, 0x00, 0x1f, 0xff, 0xfe, 0x01, 0xe0, 0x0f, 0xff, 0xff, 0xff, 0xfb, 0xbf, 0xff, },
{0xff, 0xff, 0xc0, 0x00, 0x1f, 0xff, 0xfe, 0x01, 0xe0, 0x01, 0xff, 0xff, 0xff, 0xfb, 0xbf, 0xff, },
{0xff, 0xff, 0xc0, 0x00, 0x0f, 0xff, 0xfe, 0x03, 0xc0, 0x00, 0xff, 0xff, 0xff, 0xfb, 0xbf, 0xff, },
{0xff, 0xff, 0xc0, 0x00, 0x0f, 0xff, 0xfe, 0x03, 0xc0, 0x00, 0xff, 0xff, 0xff, 0xf8, 0x07, 0xff, },
{0xff, 0xff, 0xc0, 0x00, 0x0f, 0xff, 0xfe, 0x07, 0x80, 0x01, 0xe7, 0xff, 0xff, 0xff, 0xff, 0xff, },
{0xff, 0xff, 0xc0, 0x30, 0x0f, 0xff, 0xff, 0xff, 0x80, 0x03, 0xc1, 0xff, 0xff, 0xff, 0xff, 0xff, },
{0xff, 0xff, 0xc0, 0xf8, 0x0f, 0xff, 0xff, 0xff, 0x80, 0x07, 0x80, 0xff, 0xff, 0xf8, 0x07, 0xff, },
{0xff, 0xff, 0xc0, 0xfc, 0x0f, 0xff, 0xff, 0xff, 0xc0, 0x0f, 0x80, 0x7f, 0xff, 0xff, 0xff, 0xff, },
{0xff, 0xff, 0xc0, 0xfc, 0x0f, 0xff, 0xff, 0xff, 0xe0, 0x1f, 0x00, 0x3f, 0xff, 0xf9, 0xff, 0xff, },
{0xff, 0xff, 0xe0, 0xfc, 0x1f, 0xff, 0xff, 0xff, 0xf0, 0x3e, 0x00, 0x1f, 0xff, 0xfe, 0x1f, 0xff, },
{0xff, 0xff, 0xe0, 0xfc, 0x3f, 0xff, 0xff, 0xff, 0xf8, 0x7c, 0x00, 0x3f, 0xff, 0xff, 0xc7, 0xff, },
{0xff, 0xff, 0xf0, 0xfc, 0x3f, 0xff, 0xff, 0xff, 0xfc, 0xf8, 0x00, 0xff, 0xff, 0xfe, 0x1f, 0xff, },
{0xff, 0xff, 0xf8, 0xfc, 0x7f, 0xff, 0xff, 0xff, 0xff, 0xf0, 0x01, 0xff, 0xff, 0xf8, 0xff, 0xff, },
{0xff, 0xff, 0xff, 0xff, 0xff, 0xff, 0xff, 0xff, 0xff, 0xe0, 0x07, 0xff, 0xff, 0xfe, 0xff, 0xff, },
{0xff, 0xff, 0xff, 0xff, 0xff, 0xff, 0xff, 0xff, 0xff, 0x80, 0x0f, 0xff, 0xff, 0xff, 0x1f, 0xff, },
{0xff, 0xff, 0xff, 0xff, 0xff, 0xff, 0xfe, 0x7f, 0xff, 0xc0, 0x3f, 0xff, 0xff, 0xff, 0xe7, 0xff, },
{0xff, 0xff, 0xff, 0xff, 0xff, 0xff, 0xfe, 0x3f, 0xff, 0xff, 0xff, 0xff, 0xff, 0xff, 0x0f, 0xff, },
{0xff, 0xff, 0xff, 0xff, 0xff, 0xff, 0xfe, 0x0f, 0xff, 0xff, 0xff, 0xff, 0xff, 0xf8, 0xff, 0xff, },
{0xff, 0xff, 0xff, 0xff, 0xff, 0xff, 0xfe, 0x1f, 0xff, 0xff, 0xff, 0xff, 0xff, 0xff, 0xff, 0xff, },
{0xff, 0xff, 0xff, 0xff, 0xff, 0xff, 0xfe, 0x3f, 0xff, 0xff, 0xff, 0xff, 0xff, 0xff, 0xff, 0xff, },
{0xff, 0xff, 0xff, 0xff, 0xff, 0xff, 0xfe, 0xff, 0xff, 0xff, 0xff, 0xff, 0xff, 0xff, 0xff, 0xff, },
{0xff, 0xff, 0xff, 0xff, 0xff, 0xff, 0xff, 0xff, 0xff, 0xff, 0xff, 0xff, 0xff, 0xff, 0x7f, 0xff, },
{0xff, 0xff, 0xff, 0xff, 0xff, 0xff, 0xff, 0xff, 0xff, 0xff, 0xff, 0xff, 0xff, 0xff, 0x7f, 0xff, },
{0xff, 0xff, 0xff, 0xff, 0xff, 0xff, 0xff, 0xff, 0xff, 0xff, 0xff, 0xff, 0xff, 0xff, 0x07, 0xff, },
{0xff, 0xff, 0xff, 0xff, 0xff, 0xff, 0xff, 0xff, 0xf9, 0xff, 0xff, 0xff, 0xff, 0xff, 0xff, 0xff, },
{0xff, 0xff, 0xff, 0xff, 0xff, 0xff, 0xff, 0xff, 0xf9, 0xff, 0xff, 0xff, 0xff, 0xff, 0x8f, 0xff, },
{0xff, 0xff, 0xff, 0xff, 0xff, 0xff, 0xff, 0xff, 0xf1, 0xff, 0xff, 0xff, 0xff, 0xff, 0x77, 0xff, },
{0xff, 0xff, 0xff, 0xff, 0xff, 0xff, 0xff, 0xff, 0xe1, 0xff, 0xff, 0xff, 0xff, 0xff, 0x77, 0xff, },
{0xff, 0xff, 0xff, 0xff, 0xff, 0xff, 0xff, 0xff, 0x81, 0xff, 0xff, 0xff, 0xff, 0xff, 0x77, 0xff, },
{0xff, 0xff, 0xff, 0xff, 0xff, 0xff, 0xff, 0xff, 0x01, 0xff, 0xff, 0xff, 0xff, 0xff, 0x8f, 0xff, },
{0xff, 0xff, 0xff, 0xff, 0xff, 0xff, 0xfe, 0x38, 0x01, 0xff, 0xff, 0xff, 0xff, 0xff, 0xff, 0xff, },
{0xff, 0xff, 0xff, 0xff, 0xff, 0xff, 0xfe, 0x38, 0x01, 0xff, 0xff, 0xff, 0xff, 0xfb, 0x7f, 0xff, },
{0xff, 0xff, 0xff, 0xff, 0xff, 0xff, 0xfe, 0x38, 0x01, 0xff, 0xff, 0xff, 0xff, 0xf8, 0x07, 0xff, },
{0xff, 0xff, 0xff, 0xff, 0xff, 0xff, 0xfe, 0x38, 0x01, 0xff, 0xff, 0xff, 0xff, 0xff, 0x7f, 0xff, },
{0xff, 0xff, 0xff, 0xff, 0xff, 0xff, 0xfe, 0x38, 0x01, 0xff, 0xff, 0xff, 0xff, 0xff, 0xff, 0xff, },
{0xff, 0xff, 0xff, 0xff, 0xff, 0xff, 0xfe, 0x38, 0x01, 0xff, 0xff, 0xff, 0xff, 0xff, 0xff, 0xff, },
{0xff, 0xff, 0xfc, 0xff, 0xff, 0xff, 0xfe, 0x38, 0x01, 0xff, 0xff, 0xff, 0xff, 0xff, 0xff, 0xff, },
{0xff, 0xff, 0xf8, 0x7f, 0xff, 0xff, 0xfe, 0x38, 0x01, 0xff, 0xff, 0xff, 0xff, 0xff, 0x77, 0xff, },
{0xff, 0xff, 0xf0, 0x3f, 0xff, 0xff, 0xfe, 0x38, 0x01, 0xff, 0xff, 0xff, 0xff, 0xff, 0x77, 0xff, },
{0xff, 0xff, 0xf0, 0x3f, 0xff, 0xff, 0xfe, 0x38, 0x01, 0xff, 0xff, 0xff, 0xff, 0xfc, 0x07, 0xff, },
{0xff, 0xff, 0xf0, 0x3f, 0xff, 0xff, 0xfe, 0x38, 0x01, 0xff, 0xff, 0xff, 0xff, 0xff, 0x7f, 0xff, },
{0xff, 0xff, 0xf8, 0x7f, 0xff, 0xff, 0xfe, 0x38, 0x01, 0xff, 0xff, 0xff, 0xff, 0xff, 0xff, 0xff, },
{0xff, 0xff, 0xfc, 0xff, 0xff, 0xff, 0xfe, 0x38, 0x01, 0xff, 0xff, 0xff, 0xff, 0xfb, 0x07, 0xff, },
{0xff, 0xff, 0xff, 0xff, 0xff, 0xff, 0xfe, 0x38, 0x01, 0xff, 0xff, 0xff, 0xff, 0xff, 0xff, 0xff, },
{0xff, 0xff, 0xff, 0xff, 0xff, 0xff, 0xfe, 0x38, 0x01, 0xff, 0xff, 0xff, 0xff, 0xff, 0xff, 0xff, },
{0xff, 0xff, 0xff, 0xff, 0xff, 0xff, 0xfe, 0x38, 0x01, 0xff, 0xff, 0xff, 0xff, 0xff, 0x07, 0xff, },
{0xff, 0xff, 0xff, 0xff, 0xff, 0xff, 0xfe, 0x38, 0x01, 0xff, 0xff, 0xff, 0xff, 0xff, 0x57, 0xff, },
{0xff, 0xff, 0xff, 0xff, 0xff, 0xff, 0xfe, 0x38, 0x01, 0xff, 0xff, 0xff, 0xff, 0xff, 0x57, 0xff, },
{0xff, 0xff, 0xff, 0xff, 0xff, 0xff, 0xff, 0xb8, 0x01, 0xff, 0xff, 0xff, 0xff, 0xff, 0x57, 0xff, },
{0xff, 0xff, 0xff, 0xff, 0xff, 0xff, 0xff, 0xfc, 0x01, 0xff, 0xff, 0xff, 0xff, 0xff, 0xe7, 0xff, },
{0xff, 0xff, 0xff, 0xff, 0xff, 0xff, 0xff, 0xff, 0x81, 0xff, 0xff, 0xff, 0xff, 0xf9, 0xff, 0xff, },
{0xff, 0xff, 0xff, 0xff, 0xff, 0xff, 0xff, 0xff, 0xf1, 0xff, 0xff, 0xff, 0xff, 0xfe, 0x1f, 0xff, },
{0xff, 0xff, 0xff, 0xff, 0xff, 0xff, 0xff, 0xff, 0xff, 0xff, 0xff, 0xff, 0xff, 0xff, 0xc7, 0xff, },
{0xff, 0xff, 0xff, 0xff, 0xff, 0xff, 0xff, 0xff, 0xff, 0xff, 0xff, 0xff, 0xff, 0xfe, 0x1f, 0xff, },
{0xff, 0xff, 0xff, 0xff, 0xff, 0xff, 0xff, 0xff, 0xff, 0xff, 0xff, 0xff, 0xff, 0xf8, 0xff, 0xff, },
{0xff, 0xff, 0xff, 0xff, 0xff, 0xff, 0xff, 0xff, 0xff, 0xff, 0xff, 0xff, 0xff, 0xfe, 0xff, 0xff, },
{0xff, 0xff, 0xff, 0xff, 0xff, 0xff, 0xff, 0xff, 0xff, 0xff, 0xff, 0xff, 0xff, 0xff, 0x1f, 0xff, },
{0xff, 0xff, 0xff, 0xff, 0xff, 0xff, 0xff, 0xff, 0xff, 0xff, 0xff, 0xff, 0xff, 0xff, 0xe7, 0xff, },
{0xff, 0xff, 0xff, 0xff, 0xff, 0xff, 0xff, 0xff, 0xff, 0xff, 0xff, 0xff, 0xff, 0xff, 0x0f, 0xff, },
{0xff, 0xff, 0xff, 0xff, 0xff, 0xff, 0xff, 0xff, 0xff, 0xff, 0xff, 0xff, 0xff, 0xf8, 0xff, 0xff, },
{0xff, 0xff, 0xff, 0xff, 0xff, 0xff, 0xff, 0xff, 0xff, 0xff, 0xff, 0xff, 0xff, 0xff, 0xff, 0xff, },
{0xff, 0xff, 0xff, 0xff, 0xff, 0xff, 0xff, 0xff, 0xff, 0xff, 0xff, 0xff, 0xff, 0xff, 0xff, 0xff, },
{0xff, 0xff, 0xff, 0xff, 0xff, 0xff, 0xff, 0xff, 0xff, 0xff, 0xff, 0xff, 0xff, 0xff, 0xff, 0xff, },
{0xff, 0xff, 0xff, 0xff, 0xff, 0xff, 0xff, 0xff, 0xff, 0xff, 0xff, 0xff, 0xff, 0xff, 0xff, 0xff, },
{0xff, 0xff, 0xff, 0xff, 0xff, 0xff, 0xff, 0xff, 0xff, 0xff, 0xff, 0xff, 0xff, 0xff, 0xff, 0xff, },
{0xff, 0xff, 0xff, 0xff, 0xff, 0xff, 0xff, 0xff, 0xff, 0xff, 0xff, 0xff, 0xff, 0xff, 0xff, 0xff, },
{0xff, 0xff, 0xff, 0xff, 0xff, 0xff, 0xff, 0xff, 0xff, 0xff, 0xff, 0xff, 0xff, 0xff, 0xff, 0xff, },
{0xff, 0xff, 0xff, 0xff, 0xff, 0xff, 0xff, 0xff, 0xff, 0xff, 0xff, 0xff, 0xff, 0xff, 0xff, 0xff, },
{0xff, 0xff, 0xff, 0xff, 0xff, 0xff, 0xff, 0xff, 0xff, 0xff, 0xff, 0xff, 0xff, 0xff, 0xff, 0xff, },
{0xff, 0xff, 0xff, 0xff, 0xff, 0xff, 0xff, 0xff, 0xff, 0xff, 0xff, 0xff, 0xff, 0xff, 0xff, 0xff, },
}; /*black layer inscription*/

const unsigned char img_config_red[250][16] ICACHE_RODATA_ATTR = { /*Red layer Yangwen settings interface*/
{0x00, 0x00, 0x00, 0x00, 0x00, 0x00, 0x00, 0x00, 0x00, 0x00, 0x00, 0x00, 0x00, 0x00, 0x00, 0x00, },
{0x00, 0x00, 0x00, 0x00, 0x00, 0x00, 0x00, 0x00, 0x00, 0x00, 0x00, 0x00, 0x00, 0x00, 0x00, 0x00, },
{0x00, 0x00, 0x00, 0x00, 0x00, 0x00, 0x00, 0x00, 0x00, 0x00, 0x00, 0x00, 0x00, 0x00, 0x00, 0x00, },
{0x00, 0x00, 0x00, 0x00, 0x00, 0x00, 0x00, 0x00, 0x00, 0x00, 0x00, 0x00, 0x00, 0x00, 0x00, 0x00, },
{0x00, 0x00, 0x00, 0x00, 0x00, 0x00, 0x00, 0x00, 0x00, 0x00, 0x00, 0x00, 0x00, 0x00, 0x00, 0x00, },
{0x00, 0x00, 0x00, 0x00, 0x00, 0x00, 0x00, 0x00, 0x00, 0x00, 0x00, 0x00, 0x00, 0x00, 0x00, 0x00, },
{0x00, 0x00, 0x00, 0x00, 0x00, 0x00, 0x00, 0x00, 0x00, 0x00, 0x00, 0x00, 0x00, 0x00, 0x00, 0x00, },
{0x00, 0x00, 0x00, 0x00, 0x00, 0x00, 0x00, 0x00, 0x00, 0x00, 0x00, 0x00, 0x00, 0x00, 0x00, 0x00, },
{0x00, 0x00, 0x00, 0x00, 0x00, 0x00, 0x00, 0x00, 0x00, 0x00, 0x00, 0x00, 0x00, 0x00, 0x00, 0x00, },
{0x00, 0x00, 0x00, 0x00, 0x00, 0x00, 0x00, 0x00, 0x00, 0x00, 0x00, 0x00, 0x00, 0x00, 0x00, 0x00, },
{0x00, 0x00, 0x00, 0x00, 0x00, 0x00, 0x00, 0x00, 0x00, 0x00, 0x00, 0x00, 0x00, 0x00, 0x00, 0x00, },
{0x00, 0x00, 0x00, 0x00, 0x00, 0x00, 0x00, 0x00, 0x00, 0x00, 0x00, 0x00, 0x00, 0x00, 0x00, 0x00, },
{0x00, 0x00, 0x00, 0x00, 0x00, 0x00, 0x00, 0x00, 0x00, 0x00, 0x00, 0x00, 0x00, 0x00, 0x00, 0x00, },
{0x00, 0x00, 0x00, 0x00, 0x00, 0x00, 0x00, 0x00, 0x00, 0x00, 0x00, 0x00, 0x00, 0x00, 0x00, 0x00, },
{0x00, 0x00, 0x00, 0x00, 0x00, 0x00, 0x00, 0x00, 0x00, 0x00, 0x00, 0x00, 0x00, 0x00, 0x00, 0x00, },
{0x00, 0x00, 0x00, 0x00, 0x00, 0x00, 0x00, 0x00, 0x00, 0x00, 0x00, 0x00, 0x00, 0x00, 0x00, 0x00, },
{0x1f, 0xff, 0xff, 0xf0, 0x1c, 0x00, 0x00, 0x01, 0xff, 0x80, 0x00, 0x1f, 0xc0, 0x00, 0x00, 0x00, },
{0x1f, 0xff, 0xff, 0xf0, 0x1c, 0x00, 0x00, 0x01, 0xff, 0x80, 0x00, 0x1f, 0xc0, 0x00, 0x00, 0x00, },
{0x1f, 0xff, 0xff, 0xf0, 0x1c, 0x00, 0x00, 0x01, 0xff, 0x80, 0x00, 0x1f, 0xc0, 0x00, 0x00, 0x00, },
{0x1f, 0xff, 0xff, 0xf0, 0x1c, 0x00, 0x00, 0x01, 0xff, 0x80, 0x00, 0x1f, 0xc0, 0x00, 0x00, 0x00, },
{0x1e, 0x00, 0x00, 0xf0, 0x00, 0x00, 0x00, 0x00, 0x3f, 0x80, 0x00, 0x00, 0x00, 0x00, 0x00, 0x00, },
{0x1e, 0x00, 0x00, 0xf0, 0x00, 0x00, 0x00, 0x00, 0x3f, 0x80, 0x00, 0x00, 0x00, 0x00, 0x00, 0x00, },
{0x1e, 0x00, 0x00, 0xf0, 0x00, 0x00, 0x00, 0x00, 0x3f, 0x80, 0x00, 0x00, 0x00, 0x00, 0x00, 0x00, },
{0x1e, 0x3f, 0xf8, 0xf0, 0x00, 0x00, 0x00, 0x00, 0x00, 0x00, 0x00, 0x00, 0x00, 0x00, 0x00, 0x00, },
{0x1e, 0x3f, 0xf8, 0xf0, 0x00, 0x00, 0x00, 0x00, 0x00, 0x00, 0x00, 0x00, 0x00, 0x00, 0x00, 0x00, },
{0x1e, 0x3f, 0xf8, 0xf0, 0x00, 0x00, 0x00, 0x00, 0x00, 0x00, 0x00, 0x00, 0x00, 0x00, 0x00, 0x00, },
{0x1e, 0x3f, 0xf8, 0xf0, 0x00, 0x00, 0x00, 0x00, 0x00, 0x00, 0x00, 0x00, 0x00, 0x00, 0x00, 0x00, },
{0x1e, 0x3f, 0xf8, 0xf0, 0x00, 0x00, 0x00, 0xfe, 0x00, 0x00, 0x00, 0x00, 0x00, 0x00, 0x00, 0x00, },
{0x1e, 0x3f, 0xf8, 0xf0, 0x00, 0x00, 0x00, 0xfe, 0x00, 0x00, 0x00, 0x00, 0x00, 0x00, 0x00, 0x00, },
{0x1e, 0x3f, 0xf8, 0xf0, 0x00, 0x00, 0x00, 0xfe, 0x00, 0x00, 0x00, 0x00, 0x00, 0x00, 0x00, 0x00, },
{0x1e, 0x3f, 0xf8, 0xf0, 0x00, 0x00, 0x00, 0x00, 0x00, 0x00, 0x00, 0x00, 0x07, 0x80, 0x00, 0x00, },
{0x1e, 0x3f, 0xf8, 0xf0, 0x00, 0x00, 0x00, 0x00, 0x00, 0x00, 0x00, 0x00, 0x07, 0x80, 0x00, 0x00, },
{0x1e, 0x3f, 0xf8, 0xf0, 0x00, 0x00, 0x00, 0x00, 0x00, 0x00, 0x00, 0x00, 0x07, 0x80, 0x00, 0x00, },
{0x1e, 0x3f, 0xf8, 0xf0, 0x00, 0x00, 0x00, 0x00, 0x00, 0x00, 0x00, 0x00, 0x07, 0x80, 0x00, 0x00, },
{0x1e, 0x00, 0x00, 0xf0, 0x00, 0x00, 0x00, 0x00, 0x00, 0x00, 0x00, 0x00, 0x00, 0x00, 0x00, 0x00, },
{0x1e, 0x00, 0x00, 0xf0, 0x00, 0x00, 0x00, 0x00, 0x00, 0x00, 0x00, 0x00, 0x00, 0x00, 0x00, 0x00, },
{0x1e, 0x00, 0x00, 0xf0, 0x00, 0x00, 0x00, 0x00, 0x00, 0x00, 0x00, 0x00, 0x00, 0x00, 0x00, 0x00, },
{0x1f, 0xff, 0xff, 0xf0, 0x00, 0x00, 0x00, 0x00, 0x00, 0x00, 0x00, 0x00, 0x00, 0x00, 0x00, 0x00, },
{0x1f, 0xff, 0xff, 0xf0, 0x00, 0x00, 0x00, 0x00, 0x00, 0x00, 0x00, 0x00, 0x00, 0x00, 0x00, 0x00, },
{0x1f, 0xff, 0xff, 0xf0, 0x00, 0x00, 0x00, 0x00, 0x00, 0x00, 0x00, 0x00, 0x00, 0x00, 0x00, 0x00, },
{0x1f, 0xff, 0xff, 0xf0, 0x00, 0x00, 0x00, 0x00, 0x00, 0x00, 0x00, 0x00, 0x00, 0x00, 0x00, 0x00, },
{0x00, 0x00, 0x00, 0x00, 0x00, 0x00, 0x00, 0x00, 0x00, 0x00, 0x00, 0x00, 0x00, 0x00, 0x00, 0x00, },
{0x00, 0x00, 0x00, 0x00, 0x00, 0x00, 0x00, 0x00, 0x00, 0x00, 0x00, 0x00, 0x00, 0x00, 0x00, 0x00, },
{0x00, 0x00, 0x00, 0x00, 0x00, 0x00, 0x00, 0x00, 0x00, 0x00, 0x00, 0x00, 0x00, 0x00, 0x00, 0x00, },
{0x00, 0x00, 0x00, 0x00, 0x00, 0x00, 0x00, 0x00, 0x3c, 0x00, 0x00, 0x00, 0x00, 0x00, 0x00, 0x00, },
{0x00, 0x00, 0x00, 0x00, 0x00, 0x00, 0x00, 0x00, 0x3c, 0x00, 0x00, 0x00, 0x00, 0x00, 0x00, 0x00, },
{0x00, 0x00, 0x00, 0x00, 0x00, 0x00, 0x00, 0x00, 0x3c, 0x00, 0x00, 0x00, 0x00, 0x00, 0x00, 0x00, },
{0x00, 0x00, 0x00, 0x00, 0x00, 0x00, 0x00, 0x00, 0x3c, 0x00, 0x00, 0x00, 0x00, 0x00, 0x00, 0x00, },
{0x00, 0x00, 0x00, 0x00, 0x00, 0x00, 0x00, 0x00, 0x00, 0x00, 0x00, 0x00, 0x00, 0x00, 0x00, 0x00, },
{0x00, 0x00, 0x00, 0x00, 0x00, 0x00, 0x00, 0x00, 0x00, 0x00, 0x00, 0x00, 0x00, 0x00, 0x00, 0x00, },
{0x00, 0x00, 0x00, 0x00, 0x00, 0x00, 0x00, 0x00, 0x00, 0x00, 0x00, 0x00, 0x00, 0x00, 0x00, 0x00, },
{0x00, 0x00, 0x00, 0x00, 0x00, 0x00, 0x00, 0x00, 0x00, 0x00, 0x00, 0x00, 0x00, 0x00, 0x00, 0x00, },
{0x00, 0x00, 0x00, 0x00, 0x00, 0x00, 0x00, 0x00, 0x00, 0x00, 0x00, 0x00, 0x00, 0x00, 0x00, 0x00, },
{0x00, 0x00, 0x00, 0x00, 0x00, 0x00, 0x00, 0x00, 0x00, 0x00, 0x00, 0x00, 0x00, 0x00, 0x00, 0x00, },
{0x00, 0x00, 0x00, 0x00, 0x00, 0x00, 0x00, 0x00, 0x00, 0x00, 0x00, 0x00, 0x00, 0x00, 0x00, 0x00, },
{0x00, 0x3c, 0x00, 0x00, 0x00, 0x00, 0x3f, 0xc0, 0x00, 0x00, 0x00, 0x00, 0x00, 0x00, 0x00, 0x00, },
{0x00, 0x3c, 0x00, 0x00, 0x00, 0x00, 0xff, 0xf0, 0x00, 0x00, 0x00, 0x00, 0x00, 0x00, 0x00, 0x00, },
{0x00, 0x3c, 0x00, 0x00, 0x00, 0x01, 0xff, 0xf8, 0x00, 0x00, 0x00, 0x00, 0x00, 0x00, 0x00, 0x00, },
{0x1e, 0x3c, 0x00, 0xf0, 0x00, 0x03, 0xff, 0xfc, 0x00, 0x00, 0x00, 0x00, 0x00, 0x00, 0x00, 0x00, },
{0x1e, 0x3c, 0x00, 0xf0, 0x00, 0x07, 0xff, 0xfe, 0x00, 0x00, 0x00, 0x00, 0x00, 0x00, 0x00, 0x00, },
{0x1e, 0x3c, 0x00, 0xf0, 0x00, 0x0f, 0xe0, 0x0f, 0x00, 0x00, 0x00, 0x00, 0x00, 0x00, 0x00, 0x00, },
{0x1e, 0x3c, 0x00, 0xf0, 0x00, 0x1f, 0xc0, 0x07, 0x00, 0x00, 0x00, 0x00, 0x00, 0x00, 0x00, 0x00, },
{0x00, 0x00, 0x00, 0x00, 0x00, 0x1f, 0xc0, 0x07, 0x80, 0x00, 0x00, 0x00, 0x00, 0x00, 0x00, 0x00, },
{0x00, 0x00, 0x00, 0x00, 0x00, 0x1c, 0xc0, 0x07, 0x80, 0x00, 0x00, 0x00, 0x00, 0x00, 0x00, 0x00, },
{0x00, 0x00, 0x00, 0x00, 0x00, 0x3e, 0x00, 0x07, 0xc0, 0x00, 0x00, 0x00, 0x00, 0x00, 0x00, 0x00, },
{0x00, 0x00, 0x00, 0x00, 0x00, 0x3f, 0x80, 0x07, 0xc0, 0x00, 0x01, 0xfc, 0x00, 0x00, 0x00, 0x00, },
{0x00, 0x00, 0x00, 0x00, 0x00, 0x3f, 0xc0, 0x07, 0xc0, 0x00, 0x01, 0xfc, 0x00, 0x00, 0x00, 0x00, },
{0x00, 0x00, 0x00, 0x00, 0x00, 0x3f, 0xc0, 0x07, 0xc0, 0x00, 0x01, 0xfc, 0x00, 0x00, 0x00, 0x00, },
{0x00, 0x00, 0x00, 0x00, 0x00, 0x3f, 0x80, 0x07, 0xc0, 0x00, 0x01, 0xfc, 0x00, 0x00, 0x00, 0x00, },
{0x00, 0x00, 0x00, 0x00, 0x00, 0x3f, 0x80, 0x07, 0xc0, 0x00, 0x00, 0x00, 0x00, 0x00, 0x00, 0x00, },
{0x00, 0x00, 0x00, 0x00, 0x00, 0x1f, 0x00, 0x07, 0x80, 0x00, 0x00, 0x00, 0x00, 0x00, 0x00, 0x00, },
{0x00, 0x00, 0x00, 0x00, 0x00, 0x1e, 0x40, 0x07, 0x80, 0x00, 0x00, 0x00, 0x00, 0x00, 0x00, 0x00, },
{0x00, 0x00, 0x00, 0xf0, 0x00, 0x0d, 0xc0, 0x07, 0x00, 0x00, 0x00, 0x00, 0x00, 0x00, 0x00, 0x00, },
{0x00, 0x00, 0x00, 0xf0, 0x00, 0x0f, 0xe0, 0x0f, 0x00, 0x00, 0x00, 0x00, 0x00, 0x00, 0x00, 0x00, },
{0x00, 0x00, 0x00, 0xf0, 0x00, 0x27, 0xff, 0xfe, 0x00, 0x00, 0x00, 0x00, 0x00, 0x00, 0x00, 0x00, },
{0x00, 0x00, 0x00, 0xf0, 0x00, 0x33, 0xff, 0xfc, 0x00, 0x00, 0x00, 0x00, 0x00, 0x00, 0x00, 0x00, },
{0x00, 0x00, 0x00, 0x00, 0x00, 0x01, 0xff, 0xf8, 0x00, 0x00, 0x00, 0x00, 0x00, 0x00, 0x00, 0x00, },
{0x00, 0x00, 0x00, 0x00, 0x00, 0x04, 0x7f, 0xe2, 0x00, 0x00, 0x00, 0x00, 0x00, 0x00, 0x00, 0x00, },
{0x00, 0x00, 0x00, 0x00, 0x00, 0x06, 0x1f, 0x86, 0x00, 0x00, 0x00, 0x00, 0x00, 0x00, 0x00, 0x00, },
{0x1f, 0xc0, 0x00, 0x00, 0x00, 0x00, 0x00, 0x00, 0x00, 0x00, 0x00, 0x00, 0x00, 0x00, 0x00, 0x00, },
{0x1f, 0xc0, 0x00, 0x00, 0x00, 0x00, 0x00, 0x00, 0x00, 0x00, 0x00, 0x00, 0x00, 0x00, 0x00, 0x00, },
{0x1f, 0xc0, 0x00, 0x00, 0x00, 0x00, 0x00, 0x00, 0x00, 0x00, 0x00, 0x00, 0x00, 0x00, 0x00, 0x00, },
{0x1f, 0xc0, 0x00, 0x00, 0x00, 0x00, 0x00, 0x00, 0x00, 0x00, 0x00, 0x00, 0x00, 0x00, 0x00, 0x00, },
{0x1e, 0x00, 0x00, 0x00, 0x00, 0x00, 0x00, 0x00, 0x00, 0x00, 0x00, 0x00, 0x00, 0x00, 0x00, 0x00, },
{0x1e, 0x00, 0x00, 0x00, 0x00, 0x00, 0x00, 0x00, 0x00, 0x00, 0x00, 0x00, 0x00, 0x00, 0x00, 0x00, },
{0x1e, 0x00, 0x00, 0x00, 0x00, 0x00, 0x00, 0x00, 0x00, 0x00, 0x00, 0x00, 0x00, 0x00, 0x00, 0x00, },
{0x00, 0x00, 0x00, 0x00, 0x00, 0x00, 0x70, 0x00, 0x00, 0x00, 0x00, 0x00, 0x00, 0x00, 0x00, 0x00, },
{0x00, 0x00, 0x00, 0x00, 0x00, 0x00, 0x70, 0x00, 0x00, 0x00, 0x00, 0x00, 0x00, 0x00, 0x00, 0x00, },
{0x00, 0x00, 0x00, 0x00, 0x00, 0x00, 0x70, 0x00, 0x00, 0x00, 0x00, 0x00, 0x00, 0x00, 0x00, 0x00, },
{0x00, 0x00, 0x00, 0x00, 0x00, 0x00, 0x70, 0x00, 0x00, 0x00, 0x00, 0x00, 0x00, 0x00, 0x00, 0x00, },
{0x00, 0x00, 0x00, 0x00, 0x00, 0x07, 0xff, 0x00, 0x00, 0x00, 0x00, 0x00, 0x00, 0x00, 0x00, 0x00, },
{0x00, 0x00, 0x00, 0x00, 0x00, 0x07, 0xff, 0x00, 0x00, 0x00, 0x00, 0x00, 0x00, 0x00, 0x00, 0x00, },
{0x00, 0x00, 0x00, 0x00, 0x00, 0x07, 0xff, 0x00, 0x00, 0x00, 0x00, 0x00, 0x00, 0x00, 0x00, 0x00, },
{0x1f, 0xff, 0xff, 0xf0, 0x00, 0x07, 0x8f, 0x00, 0x00, 0x00, 0xff, 0xff, 0xff, 0x80, 0x00, 0x00, },
{0x1f, 0xff, 0xff, 0xf0, 0x00, 0x07, 0x8f, 0x00, 0x00, 0x00, 0xff, 0xff, 0xff, 0x80, 0x00, 0x00, },
{0x1f, 0xff, 0xff, 0xf0, 0x00, 0x07, 0x8f, 0x00, 0x00, 0x00, 0xff, 0xff, 0xff, 0x80, 0x00, 0x00, },
{0x1f, 0xff, 0xff, 0xf0, 0x00, 0x07, 0x8f, 0x00, 0x00, 0x00, 0xff, 0xff, 0xff, 0x80, 0x00, 0x00, },
{0x1e, 0x00, 0x00, 0xf0, 0x00, 0x00, 0x00, 0x00, 0x00, 0x00, 0xf0, 0x00, 0x07, 0x80, 0x00, 0x00, },
{0x1e, 0x00, 0x00, 0xf0, 0x00, 0x00, 0x00, 0x00, 0x00, 0x00, 0xf0, 0x00, 0x07, 0x80, 0x00, 0x00, },
{0x1e, 0x00, 0x00, 0xf0, 0x00, 0x00, 0x00, 0x00, 0x00, 0x00, 0xf0, 0x00, 0x07, 0x80, 0x00, 0x00, },
{0x1e, 0x3f, 0xf8, 0xf0, 0x00, 0x00, 0x70, 0x00, 0x00, 0x00, 0xf1, 0xff, 0xc7, 0x80, 0x00, 0x00, },
{0x1e, 0x3f, 0xf8, 0xf0, 0x00, 0x00, 0x70, 0x00, 0x00, 0x00, 0xf1, 0xff, 0xc7, 0x80, 0x00, 0x00, },
{0x1e, 0x3f, 0xf8, 0xf0, 0x00, 0x00, 0x70, 0x00, 0x00, 0x00, 0xf1, 0xff, 0xc7, 0x80, 0x00, 0x00, },
{0x1e, 0x3f, 0xf8, 0xf0, 0x00, 0x00, 0x70, 0x00, 0x00, 0x00, 0xf1, 0xff, 0xc7, 0x80, 0x00, 0x00, },
{0x1e, 0x3f, 0xf8, 0xf0, 0x00, 0x00, 0x70, 0x00, 0x00, 0x00, 0xf1, 0xff, 0xc7, 0x80, 0x00, 0x00, },
{0x1e, 0x3f, 0xf8, 0xf0, 0x00, 0x00, 0x70, 0x00, 0x00, 0x00, 0xf1, 0xff, 0xc7, 0x80, 0x00, 0x00, },
{0x1e, 0x3f, 0xf8, 0xf0, 0x00, 0x00, 0x70, 0x00, 0x00, 0x00, 0xf1, 0xff, 0xc7, 0x80, 0x00, 0x00, },
{0x1e, 0x3f, 0xf8, 0xf0, 0x00, 0x00, 0x00, 0x00, 0x00, 0x00, 0xf1, 0xff, 0xc7, 0x80, 0x00, 0x00, },
{0x1e, 0x3f, 0xf8, 0xf0, 0x00, 0x00, 0x00, 0x00, 0x00, 0x00, 0xf1, 0xff, 0xc7, 0x80, 0x00, 0x00, },
{0x1e, 0x3f, 0xf8, 0xf0, 0x00, 0x00, 0x00, 0x00, 0x00, 0x00, 0xf1, 0xff, 0xc7, 0x80, 0x00, 0x00, },
{0x1e, 0x3f, 0xf8, 0xf0, 0x00, 0x00, 0x00, 0x00, 0x00, 0x00, 0xf1, 0xff, 0xc7, 0x80, 0x00, 0x00, },
{0x1e, 0x00, 0x00, 0xf0, 0x00, 0x00, 0x00, 0x00, 0x00, 0x00, 0xf0, 0x00, 0x07, 0x80, 0x00, 0x00, },
{0x1e, 0x00, 0x00, 0xf0, 0x00, 0x00, 0x00, 0x00, 0x00, 0x00, 0xf0, 0x00, 0x07, 0x80, 0x00, 0x00, },
{0x1e, 0x00, 0x00, 0xf0, 0x00, 0x00, 0x00, 0x00, 0x00, 0x00, 0xf0, 0x00, 0x07, 0x80, 0x00, 0x00, },
{0x1f, 0xff, 0xff, 0xf0, 0x00, 0x00, 0x00, 0x00, 0x3c, 0x00, 0xff, 0xff, 0xff, 0x80, 0x00, 0x00, },
{0x1f, 0xff, 0xff, 0xf0, 0x00, 0x00, 0x00, 0x00, 0x3c, 0x00, 0xff, 0xff, 0xff, 0x80, 0x00, 0x00, },
{0x1f, 0xff, 0xff, 0xf0, 0x00, 0x00, 0x00, 0x00, 0x3c, 0x00, 0xff, 0xff, 0xff, 0x80, 0x00, 0x00, },
{0x1f, 0xff, 0xff, 0xf0, 0x00, 0x00, 0x00, 0x00, 0x3c, 0x00, 0xff, 0xff, 0xff, 0x80, 0x00, 0x00, },
{0x00, 0x00, 0x00, 0x00, 0x00, 0x00, 0x00, 0x00, 0x00, 0x00, 0x00, 0x00, 0x00, 0x00, 0x00, 0x00, },
{0x00, 0x00, 0x00, 0x00, 0x00, 0x00, 0x00, 0x00, 0x00, 0x00, 0x00, 0x00, 0x00, 0x00, 0x00, 0x00, },
{0x00, 0x00, 0x00, 0x00, 0x00, 0x00, 0x00, 0x00, 0x00, 0x00, 0x00, 0x00, 0x00, 0x00, 0x00, 0x00, },
{0x00, 0x00, 0x00, 0x00, 0x00, 0x00, 0x00, 0x00, 0x00, 0x00, 0x00, 0x00, 0x00, 0x00, 0x00, 0x00, },
{0x00, 0x00, 0x00, 0x00, 0x00, 0x00, 0x00, 0x00, 0x00, 0x00, 0x00, 0x00, 0x00, 0x00, 0x00, 0x00, },
{0x00, 0x00, 0x00, 0x00, 0x00, 0x00, 0x00, 0x00, 0x00, 0x00, 0x00, 0x00, 0x00, 0x00, 0x00, 0x00, },
{0x00, 0x00, 0x00, 0x00, 0x00, 0x00, 0x00, 0x00, 0x00, 0x00, 0x00, 0x00, 0x00, 0x00, 0x00, 0x00, },
{0x00, 0x00, 0x00, 0x00, 0x00, 0x00, 0x00, 0x00, 0x00, 0x00, 0x00, 0x00, 0x00, 0x00, 0x00, 0x00, },
{0x00, 0x00, 0x00, 0x00, 0x00, 0x00, 0x00, 0x00, 0x00, 0x00, 0x00, 0x00, 0x00, 0x00, 0x00, 0x00, },
{0x00, 0x00, 0x00, 0x00, 0x00, 0x00, 0x00, 0x00, 0x00, 0x00, 0x00, 0x00, 0x00, 0x00, 0x00, 0x00, },
{0x00, 0x00, 0x00, 0x00, 0x00, 0x00, 0x00, 0x00, 0x00, 0x00, 0x00, 0x00, 0x00, 0x00, 0x00, 0x00, },
{0x00, 0x00, 0x00, 0x00, 0x00, 0x00, 0x00, 0x00, 0x00, 0x00, 0x00, 0x00, 0x00, 0x00, 0x00, 0x00, },
{0x00, 0x00, 0x00, 0x00, 0x00, 0x00, 0x00, 0x00, 0x00, 0x00, 0x00, 0x00, 0x00, 0x00, 0x00, 0x00, },
{0x00, 0x00, 0x00, 0x00, 0x00, 0x00, 0x00, 0x00, 0x00, 0x00, 0x00, 0x00, 0x00, 0x00, 0x00, 0x00, },
{0x00, 0x00, 0x00, 0x00, 0x00, 0x00, 0x00, 0x00, 0x00, 0x00, 0x00, 0x00, 0x00, 0x00, 0x00, 0x00, },
{0x00, 0x00, 0x00, 0x00, 0x00, 0x00, 0x00, 0x00, 0x00, 0x00, 0x00, 0x00, 0x00, 0x00, 0x00, 0x00, },
{0x00, 0x00, 0x00, 0x00, 0x00, 0x00, 0x00, 0x00, 0x00, 0x00, 0x00, 0x00, 0x00, 0x00, 0x00, 0x00, },
{0x00, 0x00, 0x00, 0x00, 0x00, 0x00, 0x00, 0x00, 0x00, 0x00, 0x00, 0x00, 0x00, 0x00, 0x00, 0x00, },
{0x00, 0x00, 0x00, 0x00, 0x00, 0x00, 0x00, 0x00, 0x00, 0x00, 0x00, 0x00, 0x00, 0x00, 0x00, 0x00, },
{0x00, 0x00, 0x00, 0x00, 0x00, 0x00, 0x00, 0x00, 0x00, 0x00, 0x00, 0x00, 0x00, 0x00, 0x00, 0x00, },
{0x00, 0x00, 0x00, 0x00, 0x00, 0x00, 0x00, 0x00, 0x00, 0x00, 0x00, 0x00, 0x00, 0x00, 0x00, 0x00, },
{0x00, 0x00, 0x00, 0x00, 0x00, 0x00, 0x00, 0x00, 0x00, 0x00, 0x00, 0x00, 0x00, 0x00, 0x00, 0x00, },
{0x00, 0x00, 0x00, 0x00, 0x00, 0x00, 0x00, 0x00, 0x00, 0x00, 0x00, 0x00, 0x00, 0x00, 0x00, 0x00, },
{0x00, 0x00, 0x00, 0x00, 0x00, 0x00, 0x00, 0x00, 0x00, 0x00, 0x00, 0x00, 0x00, 0x00, 0x00, 0x00, },
{0x00, 0x00, 0x00, 0x00, 0x00, 0x00, 0x00, 0x00, 0x00, 0x00, 0x00, 0x00, 0x00, 0x00, 0x00, 0x00, },
{0x00, 0x00, 0x00, 0x00, 0x00, 0x00, 0x00, 0x00, 0x00, 0x00, 0x00, 0x00, 0x00, 0x00, 0x00, 0x00, },
{0x00, 0x00, 0x00, 0x00, 0x00, 0x00, 0x00, 0x00, 0x00, 0x00, 0x00, 0x00, 0x00, 0x00, 0x00, 0x00, },
{0x00, 0x00, 0x00, 0x00, 0x00, 0x03, 0xfe, 0x00, 0x01, 0xc0, 0x00, 0x00, 0x00, 0x00, 0x00, 0x00, },
{0x00, 0x00, 0x00, 0x00, 0x00, 0x03, 0xfe, 0x00, 0x01, 0xc0, 0x00, 0x00, 0x00, 0x00, 0x00, 0x00, },
{0x00, 0x00, 0x00, 0x00, 0x00, 0x03, 0xfe, 0x00, 0x01, 0xc0, 0x00, 0x00, 0x00, 0x00, 0x00, 0x00, },
{0x00, 0x00, 0x00, 0x00, 0x00, 0x03, 0xfe, 0x00, 0x01, 0xc0, 0x00, 0x00, 0x00, 0x00, 0x00, 0x00, },
{0x00, 0x00, 0x00, 0x00, 0x00, 0x03, 0xfe, 0x00, 0x01, 0xc0, 0x00, 0x00, 0x00, 0x00, 0x00, 0x00, },
{0x00, 0x00, 0x00, 0x00, 0x00, 0x03, 0xfe, 0x00, 0x01, 0xc0, 0x00, 0x00, 0x00, 0x00, 0x00, 0x00, },
{0x00, 0x00, 0x00, 0x00, 0x00, 0x03, 0xfe, 0x00, 0x01, 0xc7, 0x00, 0x00, 0x00, 0x00, 0x00, 0x00, },
{0x00, 0x00, 0x00, 0x00, 0x00, 0x03, 0xfe, 0x00, 0x01, 0xc7, 0x00, 0x00, 0x00, 0x00, 0x00, 0x00, },
{0x00, 0x00, 0x00, 0x00, 0x00, 0x03, 0xfe, 0x00, 0x01, 0xc7, 0x00, 0x00, 0x00, 0x00, 0x00, 0x00, },
{0x00, 0x00, 0x00, 0x00, 0x00, 0x03, 0xfe, 0x00, 0x00, 0x00, 0x00, 0x00, 0x00, 0x00, 0x00, 0x00, },
{0x00, 0x00, 0x00, 0x00, 0x00, 0x03, 0xfe, 0x00, 0x00, 0x00, 0x00, 0x00, 0x00, 0x00, 0x00, 0x00, },
{0x00, 0x00, 0x00, 0x00, 0x00, 0x03, 0xfe, 0x00, 0x00, 0x00, 0x00, 0x00, 0x00, 0x00, 0x00, 0x00, },
{0x00, 0x00, 0x00, 0x00, 0x00, 0x03, 0xfe, 0x00, 0x00, 0x00, 0x00, 0x00, 0x00, 0x00, 0x00, 0x00, },
{0x00, 0x00, 0x00, 0x00, 0x00, 0x03, 0xfe, 0x00, 0x00, 0x00, 0x00, 0x00, 0x00, 0x00, 0x00, 0x00, },
{0x00, 0x00, 0x00, 0x00, 0x00, 0x03, 0xfe, 0x00, 0x00, 0x00, 0x00, 0x00, 0x00, 0x00, 0x00, 0x00, },
{0x00, 0x00, 0x00, 0x00, 0x00, 0x03, 0xfe, 0x00, 0x00, 0x00, 0x00, 0x00, 0x00, 0x00, 0x00, 0x00, },
{0x00, 0x00, 0x00, 0x00, 0x00, 0x03, 0xfe, 0x00, 0x00, 0x00, 0x00, 0x00, 0x00, 0x00, 0x00, 0x00, },
{0x00, 0x00, 0x00, 0x00, 0x00, 0x03, 0xfe, 0x00, 0x00, 0x00, 0x00, 0x00, 0x00, 0x00, 0x00, 0x00, },
{0x00, 0x00, 0x00, 0x00, 0x00, 0x03, 0xfe, 0x00, 0x00, 0x00, 0x00, 0x00, 0x00, 0x00, 0x00, 0x00, },
{0x00, 0x00, 0x00, 0x00, 0x00, 0x03, 0xfe, 0x00, 0x00, 0x00, 0x00, 0x00, 0x00, 0x00, 0x00, 0x00, },
{0x00, 0x00, 0x00, 0x00, 0x00, 0x03, 0xfe, 0x00, 0x00, 0x00, 0x00, 0x00, 0x00, 0x00, 0x00, 0x00, },
{0x00, 0x00, 0x00, 0x00, 0x00, 0x03, 0xfe, 0x00, 0x00, 0x00, 0x00, 0x00, 0x00, 0x00, 0x00, 0x00, },
{0x00, 0x00, 0x00, 0x00, 0x00, 0x03, 0xfe, 0x38, 0x00, 0x00, 0x00, 0x00, 0x00, 0x00, 0x00, 0x00, },
{0x00, 0x00, 0x00, 0x00, 0x00, 0x03, 0xfe, 0x38, 0x00, 0x00, 0x00, 0x00, 0x00, 0x00, 0x00, 0x00, },
{0x00, 0x00, 0x00, 0x00, 0x00, 0x03, 0xfe, 0x38, 0x00, 0x00, 0x00, 0x00, 0x00, 0x00, 0x00, 0x00, },
{0x00, 0x00, 0x00, 0x00, 0x00, 0x03, 0xfe, 0x38, 0x00, 0x07, 0x00, 0x00, 0x00, 0x00, 0x00, 0x00, },
{0x00, 0x00, 0x00, 0x00, 0x00, 0x03, 0xfe, 0x38, 0x00, 0x07, 0x00, 0x00, 0x00, 0x00, 0x00, 0x00, },
{0x00, 0x00, 0x00, 0x00, 0x00, 0x03, 0xfe, 0x38, 0x00, 0x07, 0x00, 0x00, 0x00, 0x00, 0x00, 0x00, },
{0x00, 0x00, 0x00, 0x00, 0x00, 0x00, 0x00, 0x00, 0x00, 0x00, 0x00, 0x00, 0x00, 0x00, 0x00, 0x00, },
{0x00, 0x00, 0x00, 0x00, 0x00, 0x00, 0x00, 0x00, 0x00, 0x00, 0x00, 0x00, 0x00, 0x00, 0x00, 0x00, },
{0x00, 0x00, 0x00, 0x00, 0x00, 0x00, 0x00, 0x00, 0x00, 0x00, 0x00, 0x00, 0x00, 0x00, 0x00, 0x00, },
{0x00, 0x00, 0x00, 0x00, 0x00, 0x00, 0x00, 0x00, 0x00, 0x00, 0x00, 0x00, 0x00, 0x00, 0x00, 0x00, },
{0x00, 0x00, 0x00, 0x00, 0x00, 0x00, 0x00, 0x00, 0x00, 0x00, 0x00, 0x00, 0x00, 0x00, 0x00, 0x00, },
{0x00, 0x00, 0x00, 0x00, 0x00, 0x00, 0x00, 0x00, 0x00, 0x00, 0x00, 0x00, 0x00, 0x00, 0x00, 0x00, },
{0x00, 0x00, 0x00, 0x00, 0x00, 0x00, 0x00, 0x00, 0x00, 0x00, 0x00, 0x00, 0x00, 0x00, 0x00, 0x00, },
{0x00, 0x00, 0x00, 0x00, 0x00, 0x00, 0x00, 0x00, 0x00, 0x00, 0x00, 0x00, 0x00, 0x00, 0x00, 0x00, },
{0x00, 0x00, 0x00, 0x00, 0x00, 0x00, 0x00, 0x00, 0x00, 0x00, 0x00, 0x00, 0x00, 0x00, 0x00, 0x00, },
{0x00, 0x00, 0x00, 0x00, 0x00, 0x00, 0x00, 0x00, 0x00, 0x00, 0x00, 0x00, 0x00, 0x00, 0x00, 0x00, },
{0x00, 0x00, 0x00, 0x00, 0x00, 0x00, 0x00, 0x00, 0x00, 0x00, 0x00, 0x00, 0x00, 0x00, 0x00, 0x00, },
{0x00, 0x00, 0x00, 0x00, 0x00, 0x00, 0x00, 0x00, 0x00, 0x00, 0x00, 0x00, 0x00, 0x00, 0x00, 0x00, },
{0x00, 0x00, 0x00, 0x00, 0x00, 0x00, 0x00, 0x00, 0x00, 0x00, 0x00, 0x00, 0x00, 0x00, 0x00, 0x00, },
{0x00, 0x00, 0x00, 0x00, 0x00, 0x00, 0x00, 0x00, 0x00, 0x00, 0x00, 0x00, 0x00, 0x00, 0x00, 0x00, },
{0x00, 0x00, 0x00, 0x00, 0x00, 0x00, 0x00, 0x00, 0x00, 0x00, 0x00, 0x00, 0x00, 0x00, 0x00, 0x00, },
{0x00, 0x00, 0x00, 0x00, 0x00, 0x00, 0x01, 0xfc, 0x00, 0x00, 0x00, 0x00, 0x00, 0x00, 0x00, 0x00, },
{0x00, 0x00, 0x00, 0x00, 0x00, 0x00, 0x01, 0xfe, 0x00, 0x00, 0x00, 0x00, 0x00, 0x00, 0x00, 0x00, },
{0x00, 0x00, 0x00, 0x00, 0x00, 0x00, 0x01, 0xff, 0x00, 0x00, 0x00, 0x00, 0x00, 0x00, 0x00, 0x00, },
{0x00, 0x00, 0x00, 0x00, 0x00, 0x07, 0xf1, 0xff, 0x80, 0x00, 0x00, 0x00, 0x00, 0x00, 0x00, 0x00, },
{0x00, 0x00, 0x00, 0x00, 0x00, 0x0f, 0xf0, 0x3f, 0xc0, 0x00, 0x00, 0x07, 0xfc, 0x00, 0x00, 0x00, },
{0x00, 0x00, 0x00, 0x00, 0x00, 0x0f, 0xf0, 0x0f, 0xe0, 0x00, 0x00, 0x0f, 0xfc, 0x00, 0x00, 0x00, },
{0x00, 0x00, 0x00, 0x00, 0x00, 0x0f, 0xf0, 0x07, 0xf0, 0x00, 0x00, 0x3f, 0xfc, 0x00, 0x00, 0x00, },
{0x00, 0x00, 0x00, 0x00, 0x00, 0x0f, 0xf0, 0x03, 0xf8, 0x00, 0x00, 0xff, 0xfc, 0x00, 0x00, 0x00, },
{0x00, 0x00, 0x00, 0x00, 0x00, 0x0f, 0xe0, 0x00, 0xfc, 0x00, 0x01, 0xff, 0xfc, 0x00, 0x00, 0x00, },
{0x00, 0x00, 0x00, 0x00, 0x00, 0x0f, 0xc0, 0x00, 0x7e, 0x00, 0x07, 0xff, 0xfc, 0x00, 0x00, 0x00, },
{0x00, 0x00, 0x00, 0x00, 0x00, 0x0f, 0x80, 0x00, 0x7e, 0x00, 0x0f, 0xff, 0xfc, 0x00, 0x00, 0x00, },
{0x00, 0x00, 0x00, 0x00, 0x00, 0x1f, 0x00, 0x01, 0xfc, 0x1f, 0xff, 0xff, 0xfc, 0x00, 0x00, 0x00, },
{0x00, 0x00, 0x00, 0x00, 0x00, 0x1f, 0x00, 0x03, 0xf8, 0x3f, 0xff, 0xff, 0xfc, 0x00, 0x00, 0x00, },
{0x00, 0x00, 0x00, 0x00, 0x00, 0x7e, 0x00, 0x07, 0xf0, 0x3f, 0xff, 0xff, 0xfc, 0x00, 0x00, 0x00, },
{0x00, 0x00, 0x00, 0x1c, 0x00, 0xfe, 0x00, 0x1f, 0xe0, 0x3f, 0xff, 0xff, 0xfc, 0x00, 0x00, 0x00, },
{0x00, 0x01, 0xe0, 0x3e, 0x00, 0x7e, 0x00, 0x3f, 0xc0, 0x3f, 0xff, 0xff, 0xfc, 0x00, 0x00, 0x00, },
{0x00, 0x03, 0xf8, 0xfe, 0x00, 0x3e, 0x01, 0xff, 0x80, 0x3f, 0xff, 0xff, 0xfc, 0x00, 0x00, 0x00, },
{0x00, 0x03, 0xff, 0xfe, 0x00, 0x1e, 0x01, 0xff, 0x00, 0x3f, 0xff, 0xff, 0xfc, 0x00, 0x00, 0x00, },
{0x00, 0x03, 0xff, 0xff, 0x00, 0x1e, 0x01, 0xfe, 0x00, 0x3f, 0xff, 0xff, 0xfc, 0x00, 0x00, 0x00, },
{0x00, 0x07, 0xff, 0xff, 0x00, 0x1f, 0x00, 0x00, 0x00, 0x3f, 0xff, 0xff, 0xfc, 0x00, 0x00, 0x00, },
{0x00, 0x07, 0xff, 0xff, 0x80, 0x1f, 0x00, 0x00, 0x00, 0x3f, 0xff, 0xff, 0xfc, 0x00, 0x00, 0x00, },
{0x00, 0x0f, 0xf8, 0x7f, 0xc0, 0x1f, 0x80, 0x00, 0x00, 0x3f, 0xff, 0xff, 0xfc, 0x00, 0x00, 0x00, },
{0x00, 0x1f, 0xc0, 0x0f, 0xfc, 0x1f, 0xc0, 0x00, 0x00, 0x3f, 0xff, 0xff, 0xfc, 0x00, 0x00, 0x00, },
{0x01, 0xff, 0x80, 0x07, 0xfe, 0x1f, 0xe0, 0x00, 0x00, 0x3f, 0xff, 0xff, 0xfc, 0x00, 0x00, 0x00, },
{0x03, 0xff, 0x00, 0x03, 0xff, 0x0f, 0xf0, 0x00, 0x00, 0x3f, 0xff, 0xe0, 0x00, 0x00, 0x00, 0x00, },
{0x03, 0xfe, 0x00, 0x01, 0xff, 0x07, 0xf0, 0x00, 0x00, 0x3f, 0xff, 0xf0, 0x00, 0x00, 0x00, 0x00, },
{0x03, 0xfc, 0x00, 0x00, 0xff, 0x03, 0xf0, 0x00, 0x00, 0x3f, 0xff, 0xf0, 0x00, 0x00, 0x00, 0x00, },
{0x03, 0xfc, 0x00, 0x00, 0xfe, 0x01, 0xf0, 0x00, 0x00, 0x3f, 0xff, 0xf0, 0x00, 0x00, 0x00, 0x00, },
{0x01, 0xf8, 0x00, 0x00, 0x7c, 0x01, 0xf0, 0x00, 0x00, 0x3f, 0xff, 0xf0, 0x00, 0x00, 0x00, 0x00, },
{0x00, 0xf8, 0x00, 0x00, 0x7c, 0x00, 0x00, 0x00, 0x00, 0x3f, 0xff, 0xf0, 0x00, 0x00, 0x00, 0x00, },
{0x00, 0xf8, 0x00, 0x00, 0x7c, 0x00, 0x00, 0x00, 0x00, 0x3f, 0xff, 0xf0, 0x00, 0x00, 0x00, 0x00, },
{0x00, 0xf8, 0x00, 0x00, 0x7c, 0x00, 0x00, 0x00, 0x00, 0x3f, 0xff, 0xf0, 0x00, 0x00, 0x00, 0x00, },
{0x00, 0xf8, 0x00, 0x00, 0x7c, 0x00, 0x00, 0x00, 0x00, 0x3f, 0xff, 0xf0, 0x00, 0x00, 0x00, 0x00, },
{0x00, 0xf8, 0x00, 0x00, 0x7c, 0x00, 0x00, 0x00, 0x00, 0x3f, 0xff, 0xf0, 0x00, 0x00, 0x00, 0x00, },
{0x00, 0xf8, 0x00, 0x00, 0x7e, 0x00, 0x00, 0x00, 0x00, 0x3f, 0xff, 0xf0, 0x00, 0x00, 0x00, 0x00, },
{0x01, 0xfc, 0x00, 0x00, 0xff, 0x00, 0x00, 0x00, 0x00, 0x3f, 0xff, 0xf0, 0x00, 0x00, 0x00, 0x00, },
{0x03, 0xfc, 0x00, 0x00, 0xff, 0x00, 0x00, 0x00, 0x00, 0x3f, 0xff, 0xf0, 0x00, 0x00, 0x00, 0x00, },
{0x03, 0xfe, 0x00, 0x01, 0xff, 0x00, 0x00, 0x00, 0x00, 0x3f, 0xff, 0xe0, 0x00, 0x00, 0x00, 0x00, },
{0x03, 0xff, 0x00, 0x03, 0xff, 0x00, 0x00, 0x00, 0x00, 0x3f, 0xff, 0xc0, 0x00, 0x00, 0x00, 0x00, },
{0x01, 0xff, 0x80, 0x07, 0xfe, 0x00, 0x00, 0x00, 0x00, 0x3f, 0xff, 0x00, 0x00, 0x00, 0x00, 0x00, },
{0x00, 0xff, 0xe0, 0x0f, 0xe0, 0x00, 0x00, 0x00, 0x00, 0x3c, 0x00, 0x00, 0x00, 0x00, 0x00, 0x00, },
{0x00, 0x0f, 0xf8, 0x7f, 0xc0, 0x00, 0x00, 0x00, 0x00, 0x38, 0x00, 0x00, 0x00, 0x00, 0x00, 0x00, },
{0x00, 0x07, 0xff, 0xff, 0x80, 0x00, 0x00, 0x00, 0x00, 0x38, 0x00, 0x00, 0x00, 0x00, 0x00, 0x00, },
{0x00, 0x03, 0xff, 0xff, 0x80, 0x00, 0x00, 0x00, 0x00, 0x30, 0x00, 0x00, 0x00, 0x00, 0x00, 0x00, },
{0x00, 0x03, 0xff, 0xff, 0x00, 0x00, 0x00, 0x00, 0x00, 0x30, 0x00, 0x00, 0x00, 0x00, 0x00, 0x00, },
{0x00, 0x03, 0xff, 0xff, 0x00, 0x00, 0x00, 0x00, 0x00, 0x00, 0x00, 0x00, 0x00, 0x00, 0x00, 0x00, },
{0x00, 0x01, 0xfc, 0x7f, 0x00, 0x00, 0x00, 0x00, 0x00, 0x00, 0x00, 0x00, 0x00, 0x00, 0x00, 0x00, },
{0x00, 0x01, 0xf0, 0x1e, 0x00, 0x00, 0x00, 0x00, 0x00, 0x00, 0x00, 0x00, 0x00, 0x00, 0x00, 0x00, },
{0x00, 0x00, 0xe0, 0x00, 0x00, 0x00, 0x00, 0x00, 0x00, 0x00, 0x00, 0x00, 0x00, 0x00, 0x00, 0x00, },
{0x00, 0x00, 0x00, 0x00, 0x00, 0x00, 0x00, 0x00, 0x00, 0x00, 0x00, 0x00, 0x00, 0x00, 0x00, 0x00, },
{0x00, 0x00, 0x00, 0x00, 0x00, 0x00, 0x00, 0x00, 0x00, 0x00, 0x00, 0x00, 0x00, 0x00, 0x00, 0x00, },
{0x00, 0x00, 0x00, 0x00, 0x00, 0x00, 0x00, 0x00, 0x00, 0x00, 0x00, 0x00, 0x00, 0x00, 0x00, 0x00, },
{0x00, 0x00, 0x00, 0x00, 0x00, 0x00, 0x00, 0x00, 0x00, 0x00, 0x00, 0x00, 0x00, 0x00, 0x00, 0x00, },
{0x00, 0x00, 0x00, 0x00, 0x00, 0x00, 0x00, 0x00, 0x00, 0x00, 0x00, 0x00, 0x00, 0x00, 0x00, 0x00, },
{0x00, 0x00, 0x00, 0x00, 0x00, 0x00, 0x00, 0x00, 0x00, 0x00, 0x00, 0x00, 0x00, 0x00, 0x00, 0x00, },
{0x00, 0x00, 0x00, 0x00, 0x00, 0x00, 0x00, 0x00, 0x00, 0x00, 0x00, 0x00, 0x00, 0x00, 0x00, 0x00, },
{0x00, 0x00, 0x00, 0x00, 0x00, 0x00, 0x00, 0x00, 0x00, 0x00, 0x00, 0x00, 0x00, 0x00, 0x00, 0x00, },
{0x00, 0x00, 0x00, 0x00, 0x00, 0x00, 0x00, 0x00, 0x00, 0x00, 0x00, 0x00, 0x00, 0x00, 0x00, 0x00, },
{0x00, 0x00, 0x00, 0x00, 0x00, 0x00, 0x00, 0x00, 0x00, 0x00, 0x00, 0x00, 0x00, 0x00, 0x00, 0x00, },
{0x00, 0x00, 0x00, 0x00, 0x00, 0x00, 0x00, 0x00, 0x00, 0x00, 0x00, 0x00, 0x00, 0x00, 0x00, 0x00, },
{0x00, 0x00, 0x00, 0x00, 0x00, 0x00, 0x00, 0x00, 0x00, 0x00, 0x00, 0x00, 0x00, 0x00, 0x00, 0x00, },
{0x00, 0x00, 0x00, 0x00, 0x00, 0x00, 0x00, 0x00, 0x00, 0x00, 0x00, 0x00, 0x00, 0x00, 0x00, 0x00, },
}; /*red layer yangwen*/

const unsigned char img_runing[250][16] ICACHE_RODATA_ATTR = { /*Black layer inscription runtime interface */
{0xf8, 0x00, 0x00, 0x00, 0x00, 0x00, 0x00, 0x00, 0x00, 0x00, 0x00, 0x00, 0x00, 0x7f, 0xff, 0xff, },
{0xe0, 0x00, 0xff, 0xff, 0xff, 0xff, 0xff, 0xff, 0xff, 0xff, 0xff, 0xfe, 0xfb, 0x7f, 0xff, 0xff, },
{0xc0, 0x00, 0xff, 0xff, 0xff, 0xff, 0xff, 0xff, 0xff, 0xff, 0xff, 0xee, 0xfb, 0x7f, 0xff, 0xff, },
{0x80, 0x00, 0xff, 0xff, 0xff, 0xff, 0xff, 0xff, 0xff, 0xff, 0xff, 0xee, 0xf7, 0x7f, 0xff, 0xff, },
{0x80, 0x00, 0xff, 0xff, 0xff, 0xff, 0xff, 0xff, 0xff, 0xff, 0xff, 0xee, 0xef, 0x7f, 0xff, 0xff, },
{0x00, 0x00, 0xff, 0xff, 0xff, 0xff, 0xff, 0xff, 0xff, 0xff, 0xff, 0xee, 0x9f, 0x7f, 0xff, 0xff, },
{0x00, 0x00, 0xff, 0xff, 0xff, 0xff, 0xff, 0xff, 0xff, 0xff, 0xff, 0xe0, 0x7f, 0x7f, 0xff, 0xff, },
{0x00, 0x00, 0xff, 0xff, 0xff, 0xff, 0xff, 0xff, 0xff, 0xff, 0xff, 0xee, 0x9f, 0x7f, 0xff, 0xff, },
{0x00, 0x00, 0xff, 0xff, 0xff, 0xff, 0xff, 0xff, 0xff, 0xff, 0xff, 0xee, 0xef, 0x7f, 0xff, 0xff, },
{0x00, 0x00, 0xff, 0xff, 0xff, 0xff, 0xff, 0xff, 0xff, 0xff, 0xff, 0xee, 0xf7, 0x7f, 0xff, 0xff, },
{0x00, 0x00, 0xff, 0xff, 0xff, 0xff, 0xff, 0xff, 0xff, 0xff, 0xff, 0xee, 0xfb, 0x7f, 0xff, 0xff, },
{0x00, 0x00, 0xff, 0xff, 0xff, 0xff, 0xff, 0xff, 0xff, 0xff, 0xff, 0xfe, 0xfb, 0x7f, 0xff, 0xff, },
{0x00, 0x00, 0xff, 0xff, 0xff, 0xff, 0xff, 0xff, 0xff, 0xff, 0xff, 0xff, 0xff, 0x7f, 0xff, 0xff, },
{0x00, 0x00, 0xff, 0xff, 0xff, 0xff, 0xff, 0xff, 0xff, 0xff, 0xff, 0xff, 0xff, 0x7f, 0xff, 0xff, },
{0x00, 0x00, 0xff, 0xff, 0xff, 0xff, 0xff, 0xff, 0xff, 0xff, 0xff, 0xf0, 0x03, 0x7f, 0xff, 0xff, },
{0x00, 0x00, 0xff, 0xff, 0xff, 0xff, 0xff, 0xff, 0xff, 0xff, 0xff, 0xf7, 0x77, 0x7f, 0xff, 0xff, },
{0x00, 0x00, 0xff, 0xff, 0xff, 0xff, 0xff, 0xff, 0xff, 0xff, 0xff, 0xf7, 0x77, 0x7f, 0xff, 0xff, },
{0x00, 0x00, 0xff, 0xff, 0xff, 0xff, 0xff, 0xff, 0xff, 0xff, 0xff, 0xf7, 0x77, 0x7f, 0xff, 0xff, },
{0x00, 0x00, 0xff, 0xff, 0xff, 0xff, 0xff, 0xff, 0xff, 0xff, 0xff, 0xf7, 0x77, 0x7f, 0xff, 0xff, },
{0x00, 0x00, 0xff, 0xff, 0xff, 0xff, 0xff, 0xff, 0xff, 0xff, 0xff, 0xd7, 0x77, 0x7f, 0xff, 0xff, },
{0x00, 0x00, 0xff, 0xff, 0xff, 0xff, 0xff, 0xff, 0xff, 0xff, 0xff, 0xe7, 0x77, 0x7f, 0xff, 0xff, },
{0x00, 0x00, 0xff, 0xff, 0xff, 0xff, 0xff, 0xff, 0xff, 0xff, 0xff, 0xf7, 0x77, 0x7f, 0xff, 0xff, },
{0x00, 0x00, 0xff, 0xff, 0xff, 0xff, 0xff, 0xff, 0xff, 0xff, 0xff, 0xf0, 0x03, 0x7f, 0xff, 0xff, },
{0x00, 0x00, 0xff, 0xff, 0xff, 0xff, 0xff, 0xff, 0xff, 0xff, 0xff, 0xff, 0xff, 0x7f, 0xff, 0xff, },
{0x00, 0x00, 0xff, 0xff, 0xff, 0xff, 0xff, 0xff, 0xff, 0xff, 0xff, 0xff, 0xff, 0x7f, 0xff, 0xff, },
{0x00, 0x00, 0xff, 0xff, 0xff, 0xff, 0xff, 0xff, 0xff, 0xff, 0xff, 0x00, 0x00, 0x7f, 0xff, 0xff, },
{0x00, 0x00, 0xff, 0xff, 0xff, 0xff, 0xff, 0xff, 0xff, 0xff, 0xff, 0x7f, 0xff, 0x7f, 0xff, 0xff, },
{0x00, 0x00, 0xff, 0xff, 0xff, 0xff, 0xff, 0xff, 0xff, 0xff, 0xff, 0x7e, 0xf7, 0x7f, 0xff, 0xff, },
{0x00, 0x00, 0xff, 0xff, 0xff, 0xff, 0xff, 0xff, 0xff, 0xff, 0xff, 0x7d, 0xfb, 0x7f, 0xff, 0xff, },
{0x00, 0x00, 0xff, 0xff, 0xff, 0xff, 0xff, 0xff, 0xff, 0xff, 0xff, 0x7d, 0xfb, 0x7f, 0xff, 0xff, },
{0x00, 0x00, 0xff, 0xff, 0xff, 0xff, 0xff, 0xff, 0xff, 0xff, 0xff, 0x76, 0xf7, 0x7f, 0xff, 0xff, },
{0x00, 0x00, 0xff, 0xff, 0xff, 0xff, 0xff, 0xff, 0xff, 0xff, 0xff, 0x6b, 0x0f, 0x7f, 0xff, 0xff, },
{0x00, 0x00, 0xff, 0xff, 0xff, 0xff, 0xff, 0xff, 0xff, 0xff, 0xff, 0x77, 0xff, 0x7f, 0xff, 0xff, },
{0x00, 0x00, 0xff, 0xff, 0xff, 0xff, 0xff, 0xff, 0xff, 0xff, 0xff, 0x7f, 0xff, 0x7f, 0xff, 0xff, },
{0x00, 0x00, 0xff, 0xff, 0xff, 0xff, 0xff, 0xff, 0xff, 0xff, 0xff, 0x7f, 0xff, 0x7f, 0xff, 0xff, },
{0x00, 0x00, 0xff, 0xff, 0xff, 0xff, 0xff, 0xff, 0xff, 0xff, 0xff, 0x7f, 0xff, 0x7f, 0xff, 0xff, },
{0x00, 0x00, 0xff, 0xff, 0xff, 0xff, 0xff, 0xff, 0xff, 0xff, 0xff, 0x7f, 0xff, 0x7f, 0xff, 0xff, },
{0x00, 0x00, 0xff, 0xff, 0xff, 0xff, 0xff, 0xff, 0xff, 0xff, 0xff, 0x7f, 0xff, 0x7f, 0xff, 0xff, },
{0x00, 0x00, 0xff, 0xff, 0xff, 0xff, 0xff, 0xff, 0xff, 0xff, 0xff, 0x7f, 0xff, 0x7f, 0xff, 0xff, },
{0x10, 0x1c, 0xff, 0xff, 0xff, 0xff, 0xff, 0xff, 0xff, 0xff, 0xff, 0x7f, 0xff, 0x7f, 0xff, 0xff, },
{0x14, 0x08, 0xff, 0xff, 0xff, 0xff, 0xff, 0xff, 0xff, 0xff, 0xff, 0x7f, 0xff, 0x7f, 0xff, 0xff, },
{0x15, 0xf0, 0xff, 0xff, 0xff, 0xff, 0xff, 0xff, 0xff, 0xff, 0xff, 0x7f, 0xff, 0x7f, 0xff, 0xff, },
{0x15, 0x00, 0xff, 0xff, 0xff, 0xff, 0xff, 0xff, 0xff, 0xff, 0xff, 0x7f, 0xff, 0x7f, 0xff, 0xff, },
{0x15, 0x00, 0xff, 0xff, 0xff, 0xff, 0xff, 0xff, 0xff, 0xff, 0xff, 0x7f, 0xff, 0x7f, 0xff, 0xff, },
{0x15, 0x00, 0xff, 0xff, 0xff, 0xff, 0xff, 0xff, 0xff, 0xff, 0xff, 0x7f, 0xff, 0x7f, 0xff, 0xff, },
{0x15, 0x00, 0xff, 0xff, 0xff, 0xff, 0xff, 0xff, 0xff, 0xff, 0xff, 0x7f, 0xff, 0x7f, 0xff, 0xff, },
{0x15, 0x00, 0xff, 0xff, 0xff, 0xff, 0xff, 0xff, 0xff, 0xff, 0xff, 0x7f, 0xff, 0x7f, 0xff, 0xff, },
{0x35, 0x00, 0xff, 0xff, 0xff, 0xff, 0xff, 0xff, 0xff, 0xff, 0xff, 0x7f, 0xff, 0x7f, 0xff, 0xff, },
{0x09, 0x00, 0xff, 0xff, 0xff, 0xff, 0xff, 0xff, 0xff, 0xff, 0xff, 0x7f, 0xff, 0x7f, 0xff, 0xff, },
{0x04, 0x00, 0xff, 0xff, 0xff, 0xff, 0xff, 0xff, 0xff, 0xff, 0xff, 0x7f, 0xff, 0x7f, 0xff, 0xff, },
{0x00, 0x00, 0xff, 0xff, 0xff, 0xff, 0xff, 0xff, 0xff, 0xff, 0xff, 0x7f, 0xff, 0x7f, 0xff, 0xff, },
{0x01, 0x04, 0xff, 0xff, 0xff, 0xff, 0xff, 0xff, 0xff, 0xff, 0xff, 0x7f, 0xff, 0x7f, 0xff, 0xff, },
{0x11, 0x04, 0xff, 0xff, 0xff, 0xff, 0xff, 0xff, 0xff, 0xff, 0xff, 0x7f, 0xff, 0x7f, 0xff, 0xff, },
{0x11, 0x08, 0xff, 0xff, 0xff, 0xff, 0xff, 0xff, 0xff, 0xff, 0xff, 0x7f, 0xff, 0x7f, 0xff, 0xff, },
{0x11, 0x10, 0xff, 0xff, 0xff, 0xff, 0xff, 0xff, 0xff, 0xff, 0xff, 0x7f, 0xff, 0x7f, 0xff, 0xff, },
{0x11, 0x60, 0xff, 0xff, 0xff, 0xff, 0xff, 0xff, 0xff, 0xff, 0xff, 0x7f, 0xff, 0x7f, 0xff, 0xff, },
{0x1f, 0x80, 0xff, 0xff, 0xff, 0xff, 0xff, 0xff, 0xff, 0xff, 0xff, 0x7f, 0xff, 0x7f, 0xff, 0xff, },
{0x11, 0x60, 0xff, 0xff, 0xff, 0xff, 0xff, 0xff, 0xff, 0xff, 0xff, 0x7f, 0xff, 0x7f, 0xff, 0xff, },
{0x11, 0x10, 0xff, 0xff, 0xff, 0xff, 0xff, 0xff, 0xff, 0xff, 0xff, 0x7f, 0xbf, 0x7f, 0xff, 0xff, },
{0x11, 0x08, 0xff, 0xff, 0xff, 0xff, 0xff, 0xff, 0xff, 0xff, 0xff, 0x7f, 0xdf, 0x7f, 0xff, 0xff, },
{0x11, 0x04, 0xff, 0xff, 0xff, 0xff, 0xff, 0xff, 0xff, 0xff, 0xff, 0x7f, 0xdf, 0x7f, 0xff, 0xff, },
{0x01, 0x04, 0x00, 0x00, 0x00, 0x00, 0x00, 0x00, 0x00, 0x00, 0x00, 0x7f, 0xbf, 0x7f, 0xff, 0xff, },
{0x00, 0x00, 0xff, 0xff, 0xff, 0xff, 0xff, 0xff, 0xff, 0xff, 0xff, 0x7f, 0x7f, 0x7f, 0xff, 0xff, },
{0x00, 0x00, 0xff, 0xff, 0xff, 0xff, 0xff, 0xff, 0xff, 0xff, 0xff, 0x7f, 0x7f, 0x7f, 0xff, 0xff, },
{0x1f, 0xfc, 0xff, 0xff, 0xff, 0xff, 0xff, 0xff, 0xff, 0xff, 0xff, 0x7f, 0xbf, 0x7f, 0xff, 0xff, },
{0x11, 0x08, 0xff, 0xff, 0xff, 0xff, 0xff, 0xff, 0xff, 0xff, 0xff, 0x7f, 0xff, 0x7f, 0xff, 0xff, },
{0x11, 0x08, 0xff, 0xff, 0xff, 0xff, 0xff, 0xff, 0xff, 0xff, 0xff, 0x7e, 0xf7, 0x7f, 0xff, 0xff, },
{0x11, 0x08, 0xff, 0xff, 0xff, 0xff, 0xff, 0xff, 0xff, 0xff, 0xff, 0x7d, 0xfb, 0x7f, 0xff, 0xff, },
{0x11, 0x08, 0xff, 0xff, 0xff, 0xff, 0xff, 0xff, 0xff, 0xff, 0xff, 0x7d, 0xfb, 0x7f, 0xff, 0xff, },
{0x11, 0x08, 0xff, 0xff, 0xff, 0xff, 0xff, 0xff, 0xff, 0xff, 0xff, 0x76, 0xf7, 0x7f, 0xff, 0xff, },
{0x11, 0x08, 0xff, 0xff, 0xff, 0xff, 0xff, 0xff, 0xff, 0xff, 0xff, 0x6b, 0x0f, 0x7f, 0xff, 0xff, },
{0x11, 0x08, 0xff, 0xff, 0xff, 0xff, 0xff, 0xff, 0xff, 0xff, 0xff, 0x77, 0xff, 0x7f, 0xff, 0xff, },
{0x1f, 0xfc, 0xff, 0xff, 0xff, 0xff, 0xff, 0xff, 0xff, 0xff, 0xff, 0x7f, 0xff, 0x7f, 0xff, 0xff, },
{0x00, 0x00, 0xff, 0xff, 0xff, 0xff, 0xff, 0xff, 0xff, 0xff, 0xff, 0x7f, 0xff, 0x7f, 0xff, 0xff, },
{0x00, 0x00, 0xff, 0xff, 0xff, 0xff, 0xff, 0xff, 0xff, 0xff, 0xff, 0x7f, 0xff, 0x7f, 0xff, 0xff, },
{0x02, 0x00, 0xff, 0xff, 0xff, 0xff, 0xff, 0xff, 0xff, 0xff, 0xff, 0x7f, 0xff, 0x7f, 0xff, 0xff, },
{0x02, 0x00, 0xff, 0xff, 0xff, 0xff, 0xff, 0xff, 0xff, 0xff, 0xff, 0x7f, 0xff, 0x7f, 0xff, 0xff, },
{0x04, 0x60, 0xff, 0xff, 0xff, 0xff, 0xff, 0xff, 0xff, 0xff, 0xff, 0x7f, 0xff, 0x7f, 0xff, 0xff, },
{0x08, 0x50, 0xff, 0xff, 0xff, 0xff, 0xff, 0xff, 0xff, 0xff, 0xff, 0x7f, 0xff, 0x7f, 0xff, 0xff, },
{0x10, 0x48, 0xff, 0xff, 0xff, 0xff, 0xff, 0xff, 0xff, 0xff, 0xff, 0x7f, 0xff, 0x7f, 0xff, 0xff, },
{0x21, 0x44, 0xff, 0xff, 0xff, 0xff, 0xff, 0xff, 0xff, 0xff, 0xff, 0x7f, 0xff, 0x7f, 0xff, 0xff, },
{0x12, 0x40, 0xff, 0xff, 0xff, 0xff, 0xff, 0xff, 0xff, 0xff, 0xff, 0x7f, 0xff, 0x7f, 0xff, 0xff, },
{0x08, 0x40, 0xff, 0xff, 0xff, 0xff, 0xff, 0xff, 0xff, 0xff, 0xff, 0x7f, 0xff, 0x7f, 0xff, 0xff, },
{0x04, 0x40, 0xff, 0xff, 0xff, 0xff, 0xff, 0xff, 0xff, 0xff, 0xff, 0x7f, 0xff, 0x7f, 0xff, 0xff, },
{0x02, 0x40, 0xff, 0xff, 0xff, 0xff, 0xff, 0xff, 0xff, 0xff, 0xff, 0x7f, 0xff, 0x7f, 0xff, 0xff, },
{0x02, 0x00, 0xff, 0xff, 0xff, 0xff, 0xff, 0xff, 0xff, 0xff, 0xff, 0x7f, 0xff, 0x7f, 0xff, 0xff, },
{0x00, 0x00, 0xff, 0xff, 0xff, 0xff, 0xff, 0xff, 0xff, 0xff, 0xff, 0x7f, 0xff, 0x7f, 0xff, 0xff, },
{0x00, 0x00, 0xff, 0xff, 0xff, 0xff, 0xff, 0xff, 0xff, 0xff, 0xff, 0x7f, 0xff, 0x7f, 0xff, 0xff, },
{0x00, 0x00, 0xff, 0xff, 0xff, 0xff, 0xff, 0xff, 0xff, 0xff, 0xff, 0x7f, 0xff, 0x7f, 0xff, 0xff, },
{0x00, 0x00, 0xff, 0xff, 0xff, 0xff, 0xff, 0xff, 0xff, 0xff, 0xff, 0x7f, 0xff, 0x7f, 0xff, 0xff, },
{0x00, 0x00, 0xff, 0xff, 0xff, 0xff, 0xff, 0xff, 0xff, 0xff, 0xff, 0x7f, 0xff, 0x7f, 0xff, 0xff, },
{0x00, 0x00, 0xff, 0xff, 0xff, 0xff, 0xff, 0xff, 0xff, 0xff, 0xff, 0x7f, 0xff, 0x7f, 0xff, 0xff, },
{0x00, 0x00, 0xff, 0xff, 0xff, 0xff, 0xff, 0xff, 0xff, 0xff, 0xff, 0x7f, 0xff, 0x7f, 0xff, 0xff, },
{0x00, 0x00, 0xff, 0xff, 0xff, 0xff, 0xff, 0xff, 0xff, 0xff, 0xff, 0x7f, 0xff, 0x7f, 0xff, 0xff, },
{0x00, 0x00, 0xff, 0xff, 0xff, 0xff, 0xff, 0xff, 0xff, 0xff, 0xff, 0x7f, 0xff, 0x7f, 0xff, 0xff, },
{0x00, 0x00, 0xff, 0xff, 0xff, 0xff, 0xff, 0xff, 0xff, 0xff, 0xff, 0x7f, 0xff, 0x7f, 0xff, 0xff, },
{0x00, 0x00, 0xff, 0xff, 0xff, 0xff, 0xff, 0xff, 0xff, 0xff, 0xff, 0x00, 0x00, 0x7f, 0xff, 0xff, },
{0x00, 0x00, 0xff, 0xff, 0xff, 0xff, 0xff, 0xff, 0xff, 0xff, 0xff, 0xff, 0xff, 0x7f, 0xff, 0xff, },
{0x00, 0x00, 0xff, 0xff, 0xff, 0xff, 0xff, 0xff, 0xff, 0xff, 0xff, 0xc0, 0x03, 0x7f, 0xff, 0xff, },
{0x00, 0x00, 0xff, 0xff, 0xff, 0xff, 0xff, 0xff, 0xff, 0xff, 0xff, 0xdf, 0xfb, 0x7f, 0xff, 0xff, },
{0x00, 0x00, 0xff, 0xff, 0xff, 0xff, 0xff, 0xff, 0xff, 0xff, 0xff, 0xd8, 0x0b, 0x7f, 0xff, 0xff, },
{0x00, 0x00, 0xff, 0xff, 0xff, 0xff, 0xff, 0xff, 0xff, 0xff, 0xff, 0xdb, 0x6f, 0x7f, 0xff, 0xff, },
{0x00, 0x00, 0xff, 0xff, 0xff, 0xff, 0xff, 0xff, 0xff, 0xff, 0xff, 0xdb, 0x6f, 0x7f, 0xff, 0xff, },
{0x00, 0x00, 0xff, 0xff, 0xff, 0xff, 0xff, 0xff, 0xff, 0xff, 0xff, 0xdb, 0x6f, 0x7f, 0xff, 0xff, },
{0x00, 0x00, 0xff, 0xff, 0xff, 0xff, 0xff, 0xff, 0xff, 0xff, 0xff, 0xdb, 0x6f, 0x7f, 0xff, 0xff, },
{0x00, 0x00, 0xff, 0xff, 0xff, 0xff, 0xff, 0xff, 0xff, 0xff, 0xff, 0xf8, 0x0f, 0x7f, 0xff, 0xff, },
{0x00, 0x00, 0xff, 0xff, 0xff, 0xff, 0xff, 0xff, 0xff, 0xff, 0xff, 0xef, 0xff, 0x7f, 0xff, 0xff, },
{0x00, 0x00, 0xff, 0xff, 0xff, 0xff, 0xff, 0xff, 0xff, 0xff, 0xff, 0xd8, 0x03, 0x7f, 0xff, 0xff, },
{0x00, 0x00, 0xff, 0xff, 0xff, 0xff, 0xff, 0xff, 0xff, 0xff, 0xff, 0xff, 0xff, 0x7f, 0xff, 0xff, },
{0x00, 0x00, 0xff, 0xff, 0xff, 0xff, 0xff, 0xff, 0xff, 0xff, 0xff, 0xff, 0xff, 0x7f, 0xff, 0xff, },
{0x00, 0x00, 0xff, 0xff, 0xff, 0xff, 0xff, 0xff, 0xff, 0xff, 0xff, 0xf7, 0xfb, 0x7f, 0xff, 0xff, },
{0x00, 0x00, 0xff, 0xff, 0xff, 0xff, 0xff, 0xff, 0xff, 0xff, 0xff, 0xf4, 0x7b, 0x7f, 0xff, 0xff, },
{0x00, 0x00, 0xff, 0xff, 0xff, 0xff, 0xff, 0xff, 0xff, 0xff, 0xff, 0xf5, 0x97, 0x7f, 0xff, 0xff, },
{0x00, 0x00, 0xff, 0xff, 0xff, 0xff, 0xff, 0xff, 0xff, 0xff, 0xff, 0xf5, 0x6f, 0x7f, 0xff, 0xff, },
{0x00, 0x00, 0xff, 0xff, 0xff, 0xff, 0xff, 0xff, 0xff, 0xff, 0xff, 0xf1, 0xd7, 0x7f, 0xff, 0xff, },
{0x00, 0x00, 0xff, 0xff, 0xff, 0xff, 0xff, 0xff, 0xff, 0xff, 0xff, 0xe6, 0xbb, 0x7f, 0xff, 0xff, },
{0x00, 0x00, 0xff, 0xff, 0xff, 0xff, 0xff, 0xff, 0xff, 0xff, 0xff, 0xd7, 0x7b, 0x7f, 0xff, 0xff, },
{0x80, 0x00, 0xff, 0xff, 0xff, 0xff, 0xff, 0xff, 0xff, 0xff, 0xff, 0xf1, 0xbf, 0x7f, 0xff, 0xff, },
{0x80, 0x00, 0xff, 0xff, 0xff, 0xff, 0xff, 0xff, 0xff, 0xff, 0xff, 0xf6, 0x03, 0x7f, 0xff, 0xff, },
{0xc0, 0x00, 0xff, 0xff, 0xff, 0xff, 0xff, 0xff, 0xff, 0xff, 0xff, 0xf7, 0x7f, 0x7f, 0xff, 0xff, },
{0xe0, 0x00, 0xff, 0xff, 0xff, 0xff, 0xff, 0xff, 0xff, 0xff, 0xff, 0xf7, 0xbf, 0x7f, 0xff, 0xff, },
{0xf8, 0x00, 0x00, 0x00, 0x00, 0x00, 0x00, 0x00, 0x00, 0x00, 0x00, 0x00, 0x00, 0x7f, 0xff, 0xff, },
{0xff, 0xff, 0xff, 0xff, 0xff, 0xff, 0xff, 0xff, 0xff, 0xff, 0xff, 0xff, 0xff, 0xff, 0xff, 0xff, },
{0xff, 0xff, 0xff, 0xff, 0xff, 0xff, 0xff, 0xff, 0xff, 0xff, 0xff, 0xff, 0xff, 0xff, 0xff, 0xff, },
{0xff, 0xff, 0xff, 0xff, 0xff, 0xff, 0xff, 0xff, 0xff, 0xff, 0xff, 0xff, 0xff, 0xff, 0xff, 0xff, },
{0xff, 0xff, 0xff, 0xff, 0xff, 0xff, 0xff, 0xff, 0xff, 0xff, 0xff, 0xff, 0xff, 0xff, 0xff, 0xff, },
{0xff, 0xff, 0xff, 0xff, 0xff, 0xff, 0xff, 0xff, 0xff, 0xff, 0xff, 0xff, 0xff, 0xff, 0xff, 0xff, },
{0xff, 0xff, 0xff, 0xff, 0xff, 0xff, 0xff, 0xff, 0xff, 0xff, 0xff, 0xff, 0xff, 0xff, 0xff, 0xff, },
{0xff, 0xff, 0xff, 0xff, 0xff, 0xff, 0xff, 0xff, 0xff, 0xff, 0xff, 0xff, 0xff, 0xff, 0xff, 0xff, },
{0xff, 0xff, 0xff, 0xff, 0xff, 0xff, 0xff, 0xff, 0xff, 0xff, 0xff, 0xff, 0xff, 0xff, 0xff, 0xff, },
{0xf8, 0x00, 0x00, 0x00, 0x00, 0x00, 0x00, 0x00, 0x00, 0x00, 0x00, 0x00, 0x00, 0x7f, 0xff, 0xff, },
{0xe0, 0x00, 0xff, 0xff, 0xff, 0xff, 0xff, 0xff, 0xff, 0xff, 0xff, 0xff, 0xff, 0x7f, 0xff, 0xff, },
{0xc0, 0x00, 0xff, 0xff, 0xff, 0xff, 0xff, 0xff, 0xff, 0xff, 0xff, 0xff, 0xff, 0x7f, 0xff, 0xff, },
{0x80, 0x00, 0xff, 0xff, 0xff, 0xff, 0xff, 0xff, 0xff, 0xff, 0xff, 0xff, 0xff, 0x7f, 0xff, 0xff, },
{0x80, 0x00, 0xff, 0xff, 0xff, 0xff, 0xff, 0xff, 0xff, 0xff, 0xff, 0xff, 0xff, 0x7f, 0xff, 0xff, },
{0x00, 0x00, 0xff, 0xff, 0xff, 0xff, 0xff, 0xff, 0xff, 0xff, 0xff, 0xff, 0xff, 0x7f, 0xff, 0xff, },
{0x00, 0x00, 0xff, 0xff, 0xff, 0xff, 0xff, 0xff, 0xff, 0xff, 0xff, 0xff, 0xff, 0x7f, 0xff, 0xff, },
{0x00, 0x00, 0xff, 0xff, 0xff, 0xff, 0xff, 0xff, 0xff, 0xff, 0xff, 0xff, 0xff, 0x7f, 0xff, 0xff, },
{0x00, 0x00, 0xff, 0xff, 0xff, 0xff, 0xff, 0xff, 0xff, 0xff, 0xff, 0xff, 0xff, 0x7f, 0xff, 0xff, },
{0x00, 0x00, 0xff, 0xff, 0xff, 0xff, 0xff, 0xff, 0xff, 0xff, 0xff, 0xff, 0xff, 0x7f, 0xff, 0xff, },
{0x00, 0x00, 0xff, 0xff, 0xff, 0xff, 0xff, 0xff, 0xff, 0xff, 0xff, 0xff, 0xff, 0x7f, 0xff, 0xff, },
{0x00, 0x00, 0xff, 0xff, 0xff, 0xff, 0xff, 0xff, 0xff, 0xff, 0xff, 0xff, 0xff, 0x7f, 0xff, 0xff, },
{0x00, 0x00, 0xff, 0xff, 0xff, 0xff, 0xff, 0xff, 0xff, 0xff, 0xff, 0xff, 0xff, 0x7f, 0xff, 0xff, },
{0x00, 0x00, 0xff, 0xff, 0xff, 0xff, 0xff, 0xff, 0xff, 0xff, 0xff, 0xff, 0xff, 0x7f, 0xff, 0xff, },
{0x00, 0x00, 0xff, 0xff, 0xff, 0xff, 0xff, 0xff, 0xff, 0xff, 0xff, 0xff, 0xff, 0x7f, 0xff, 0xff, },
{0x00, 0x00, 0xff, 0xff, 0xff, 0xff, 0xff, 0xff, 0xff, 0xff, 0xff, 0xff, 0xff, 0x7f, 0xff, 0xff, },
{0x1f, 0xfc, 0xff, 0xff, 0xff, 0xff, 0xff, 0xff, 0xff, 0xff, 0xff, 0xff, 0xff, 0x7f, 0xff, 0xff, },
{0x12, 0x44, 0xff, 0xff, 0xff, 0xff, 0xff, 0xff, 0xff, 0xff, 0xff, 0xff, 0xff, 0x7f, 0xff, 0xff, },
{0x12, 0x40, 0xff, 0xff, 0xff, 0xff, 0xff, 0xff, 0xff, 0xff, 0xff, 0xff, 0xff, 0x7f, 0xff, 0xff, },
{0x1f, 0xf8, 0xff, 0xff, 0xff, 0xff, 0xff, 0xff, 0xff, 0xff, 0xff, 0xff, 0xff, 0x7f, 0xff, 0xff, },
{0x00, 0x04, 0xff, 0xff, 0xff, 0xff, 0xff, 0xff, 0xff, 0xff, 0xff, 0xff, 0xff, 0x7f, 0xff, 0xff, },
{0x08, 0x24, 0xff, 0xff, 0xff, 0xff, 0xff, 0xff, 0xff, 0xff, 0xff, 0xff, 0xff, 0x7f, 0xff, 0xff, },
{0x3f, 0xe8, 0xff, 0xff, 0xff, 0xff, 0xff, 0xff, 0xff, 0xff, 0xff, 0xff, 0xff, 0x7f, 0xff, 0xff, },
{0x0a, 0xa0, 0xff, 0xff, 0xff, 0xff, 0xff, 0xff, 0xff, 0xff, 0xff, 0xff, 0xff, 0x7f, 0xff, 0xff, },
{0x0a, 0xa0, 0xff, 0xff, 0xff, 0xff, 0xff, 0xff, 0xff, 0xff, 0xff, 0xff, 0xff, 0x7f, 0xff, 0xff, },
{0x3f, 0xe8, 0xff, 0xff, 0xff, 0xff, 0xff, 0xff, 0xff, 0xff, 0xff, 0xff, 0xff, 0x7f, 0xff, 0xff, },
{0x08, 0x24, 0xff, 0xff, 0xff, 0xff, 0xff, 0xff, 0xff, 0xff, 0xff, 0xff, 0xff, 0x7f, 0xff, 0xff, },
{0x00, 0x00, 0xff, 0xff, 0xff, 0xff, 0xff, 0xff, 0xff, 0xff, 0xff, 0xff, 0xff, 0x7f, 0xff, 0xff, },
{0x00, 0x04, 0xff, 0xff, 0xff, 0xff, 0xff, 0xff, 0xff, 0xff, 0xff, 0xff, 0xff, 0x7f, 0xff, 0xff, },
{0x3e, 0x44, 0xff, 0xff, 0xff, 0xff, 0xff, 0xff, 0xff, 0xff, 0xff, 0xff, 0xff, 0x7f, 0xff, 0xff, },
{0x2a, 0x54, 0xff, 0xff, 0xff, 0xff, 0xff, 0xff, 0xff, 0xff, 0xff, 0xff, 0xff, 0x7f, 0xff, 0xff, },
{0x2a, 0x54, 0xff, 0xff, 0xff, 0xff, 0xff, 0xff, 0xff, 0xff, 0xff, 0xff, 0xff, 0x7f, 0xff, 0xff, },
{0x2a, 0x54, 0xff, 0xff, 0xff, 0xff, 0xff, 0xff, 0xff, 0xff, 0xff, 0xff, 0xff, 0x7f, 0xff, 0xff, },
{0x2b, 0xfc, 0xff, 0xff, 0xff, 0xff, 0xff, 0xff, 0xff, 0xff, 0xff, 0xff, 0xff, 0x7f, 0xff, 0xff, },
{0x2a, 0x54, 0xff, 0xff, 0xff, 0xff, 0xff, 0xff, 0xff, 0xff, 0xff, 0xff, 0xff, 0x7f, 0xff, 0xff, },
{0x2a, 0x54, 0xff, 0xff, 0xff, 0xff, 0xff, 0xff, 0xff, 0xff, 0xff, 0xff, 0xff, 0x7f, 0xff, 0xff, },
{0x2a, 0x54, 0xff, 0xff, 0xff, 0xff, 0xff, 0xff, 0xff, 0xff, 0xff, 0xff, 0xff, 0x7f, 0xff, 0xff, },
{0x3e, 0xc4, 0xff, 0xff, 0xff, 0xff, 0xff, 0xff, 0xff, 0xff, 0xff, 0xff, 0xff, 0x7f, 0xff, 0xff, },
{0x00, 0x24, 0xff, 0xff, 0xff, 0xff, 0xff, 0xff, 0xff, 0xff, 0xff, 0xff, 0xff, 0x7f, 0xff, 0xff, },
{0x00, 0x00, 0xff, 0xff, 0xff, 0xff, 0xff, 0xff, 0xff, 0xff, 0xff, 0xff, 0xff, 0x7f, 0xff, 0xff, },
{0x00, 0x00, 0xff, 0xff, 0xff, 0xff, 0xff, 0xff, 0xff, 0xff, 0xff, 0xff, 0xff, 0x7f, 0xff, 0xff, },
{0x00, 0x00, 0xff, 0xff, 0xff, 0xff, 0xff, 0xff, 0xff, 0xff, 0xff, 0xff, 0xff, 0x7f, 0xff, 0xff, },
{0x00, 0x00, 0xff, 0xff, 0xff, 0xff, 0xff, 0xff, 0xff, 0xff, 0xff, 0xff, 0xff, 0x7f, 0xff, 0xff, },
{0x00, 0x00, 0xff, 0xff, 0xff, 0xff, 0xff, 0xff, 0xff, 0xff, 0xff, 0xff, 0xff, 0x7f, 0xff, 0xff, },
{0x00, 0x00, 0xff, 0xff, 0xff, 0xff, 0xff, 0xff, 0xff, 0xff, 0xff, 0xff, 0xff, 0x7f, 0xff, 0xff, },
{0x00, 0x00, 0xff, 0xff, 0xff, 0xff, 0xff, 0xff, 0xff, 0xff, 0xff, 0xff, 0xff, 0x7f, 0xff, 0xff, },
{0x1f, 0xfc, 0xff, 0xff, 0xff, 0xff, 0xff, 0xff, 0xff, 0xff, 0xff, 0xff, 0xff, 0x7f, 0xff, 0xff, },
{0x12, 0x44, 0xff, 0xff, 0xff, 0xff, 0xff, 0xff, 0xff, 0xff, 0xff, 0xff, 0xff, 0x7f, 0xff, 0xff, },
{0x12, 0x44, 0xff, 0xff, 0xff, 0xff, 0xff, 0xff, 0xff, 0xff, 0xff, 0xff, 0xff, 0x7f, 0xff, 0xff, },
{0x12, 0x40, 0xff, 0xff, 0xff, 0xff, 0xff, 0xff, 0xff, 0xff, 0xff, 0xff, 0xff, 0x7f, 0xff, 0xff, },
{0x12, 0x40, 0xff, 0xff, 0xff, 0xff, 0xff, 0xff, 0xff, 0xff, 0xff, 0xff, 0xff, 0x7f, 0xff, 0xff, },
{0x12, 0x40, 0xff, 0xff, 0xff, 0xff, 0xff, 0xff, 0xff, 0xff, 0xff, 0xff, 0xff, 0x7f, 0xff, 0xff, },
{0x12, 0x40, 0xff, 0xff, 0xff, 0xff, 0xff, 0xff, 0xff, 0xff, 0xff, 0xff, 0xff, 0x7f, 0xff, 0xff, },
{0x1f, 0xe0, 0xff, 0xff, 0xff, 0xff, 0xff, 0xff, 0xff, 0xff, 0xff, 0xff, 0xff, 0x7f, 0xff, 0xff, },
{0x00, 0x18, 0xff, 0xff, 0xff, 0xff, 0xff, 0xff, 0xff, 0xff, 0xff, 0xff, 0xff, 0x7f, 0xff, 0xff, },
{0x00, 0x04, 0xff, 0xff, 0xff, 0xff, 0xff, 0xff, 0xff, 0xff, 0xff, 0xff, 0xff, 0x7f, 0xff, 0xff, },
{0x00, 0x00, 0xff, 0xff, 0xff, 0xff, 0xff, 0xff, 0xff, 0xff, 0xff, 0xff, 0xff, 0x7f, 0xff, 0xff, },
{0x00, 0x00, 0xff, 0xff, 0xff, 0xff, 0xff, 0xff, 0xff, 0xff, 0xff, 0xff, 0xff, 0x7f, 0xff, 0xff, },
{0x00, 0x00, 0xff, 0xff, 0xff, 0xff, 0xff, 0xff, 0xff, 0xff, 0xff, 0xff, 0xff, 0x7f, 0xff, 0xff, },
{0x00, 0x00, 0xff, 0xff, 0xff, 0xff, 0xff, 0xff, 0xff, 0xff, 0xff, 0xff, 0xff, 0x7f, 0xff, 0xff, },
{0x00, 0x00, 0xff, 0xff, 0xff, 0xff, 0xff, 0xff, 0xff, 0xff, 0xff, 0xff, 0xff, 0x7f, 0xff, 0xff, },
{0x00, 0x00, 0xff, 0xff, 0xff, 0xff, 0xff, 0xff, 0xff, 0xff, 0xff, 0xff, 0xff, 0x7f, 0xff, 0xff, },
{0x00, 0x00, 0xff, 0xff, 0xff, 0xff, 0xff, 0xff, 0xff, 0xff, 0xff, 0xff, 0xff, 0x7f, 0xff, 0xff, },
{0x00, 0x00, 0xff, 0xff, 0xff, 0xff, 0xff, 0xff, 0xff, 0xff, 0xff, 0xff, 0xff, 0x7f, 0xff, 0xff, },
{0x00, 0x00, 0xff, 0xff, 0xff, 0xff, 0xff, 0xff, 0xff, 0xff, 0xff, 0xff, 0xff, 0x7f, 0xff, 0xff, },
{0x00, 0x00, 0xff, 0xff, 0xff, 0xff, 0xff, 0xff, 0xff, 0xff, 0xff, 0xff, 0xff, 0x7f, 0xff, 0xff, },
{0x00, 0x00, 0xff, 0xff, 0xff, 0xff, 0xff, 0xff, 0xff, 0xff, 0xff, 0xff, 0xff, 0x7f, 0xff, 0xff, },
{0x00, 0x00, 0xff, 0xff, 0xff, 0xff, 0xff, 0xff, 0xff, 0xff, 0xff, 0xff, 0xff, 0x7f, 0xff, 0xff, },
{0x00, 0x00, 0xff, 0xff, 0xff, 0xff, 0xff, 0xff, 0xff, 0xff, 0xff, 0xff, 0xff, 0x7f, 0xff, 0xff, },
{0x00, 0x00, 0xff, 0xff, 0xff, 0xff, 0xff, 0xff, 0xff, 0xff, 0xff, 0xff, 0xff, 0x7f, 0xff, 0xff, },
{0x00, 0x00, 0xff, 0xff, 0xff, 0xff, 0xff, 0xff, 0xff, 0xff, 0xff, 0xff, 0xff, 0x7f, 0xff, 0xff, },
{0x00, 0x00, 0xff, 0xff, 0xff, 0xff, 0xff, 0xff, 0xff, 0xff, 0xff, 0xff, 0xff, 0x7f, 0xff, 0xff, },
{0x00, 0x00, 0xff, 0xff, 0xff, 0xff, 0xff, 0xff, 0xff, 0xff, 0xff, 0xff, 0xff, 0x7f, 0xff, 0xff, },
{0x08, 0x20, 0xff, 0xff, 0xff, 0xff, 0xff, 0xff, 0xff, 0xff, 0xff, 0xff, 0xff, 0x7f, 0xff, 0xff, },
{0x09, 0x20, 0xff, 0xff, 0xff, 0xff, 0xff, 0xff, 0xff, 0xff, 0xff, 0xff, 0xff, 0x7f, 0xff, 0xff, },
{0x09, 0x20, 0xff, 0xff, 0xff, 0xff, 0xff, 0xff, 0xff, 0xff, 0xff, 0xff, 0xff, 0x7f, 0xff, 0xff, },
{0x09, 0x20, 0xff, 0xff, 0xff, 0xff, 0xff, 0xff, 0xff, 0xff, 0xff, 0xff, 0xff, 0x7f, 0xff, 0xff, },
{0x0f, 0xfc, 0xff, 0xff, 0xff, 0xff, 0xff, 0xff, 0xff, 0xff, 0xff, 0xff, 0xff, 0x7f, 0xff, 0xff, },
{0x09, 0x20, 0xff, 0xff, 0xff, 0xff, 0xff, 0xff, 0xff, 0xff, 0xff, 0xff, 0xff, 0x7f, 0xff, 0xff, },
{0x09, 0x20, 0xff, 0xff, 0xff, 0xff, 0xff, 0xff, 0xff, 0xff, 0xff, 0xff, 0xff, 0x7f, 0xff, 0xff, },
{0x09, 0x20, 0xff, 0xff, 0xff, 0xff, 0xff, 0xff, 0xff, 0xff, 0xff, 0xff, 0xff, 0x7f, 0xff, 0xff, },
{0x39, 0xe0, 0xff, 0xff, 0xff, 0xff, 0xff, 0xff, 0xff, 0xff, 0xff, 0xff, 0xff, 0x7f, 0xff, 0xff, },
{0x04, 0x20, 0xff, 0xff, 0xff, 0xff, 0xff, 0xff, 0xff, 0xff, 0xff, 0xff, 0xff, 0x7f, 0xff, 0xff, },
{0x02, 0x20, 0xff, 0xff, 0xff, 0xff, 0xff, 0xff, 0xff, 0xff, 0xff, 0xff, 0xff, 0x7f, 0xff, 0xff, },
{0x00, 0x00, 0xff, 0xff, 0xff, 0xff, 0xff, 0xff, 0xff, 0xff, 0xff, 0xff, 0xff, 0x7f, 0xff, 0xff, },
{0x00, 0x00, 0xff, 0xff, 0xff, 0xff, 0xff, 0xff, 0xff, 0xff, 0xff, 0xff, 0xff, 0x7f, 0xff, 0xff, },
{0x00, 0x00, 0xff, 0xff, 0xff, 0xff, 0xff, 0xff, 0xff, 0xff, 0xff, 0xff, 0xff, 0x7f, 0xff, 0xff, },
{0x00, 0x00, 0xff, 0xff, 0xff, 0xff, 0xff, 0xff, 0xff, 0xff, 0xff, 0xff, 0xff, 0x7f, 0xff, 0xff, },
{0x00, 0x00, 0xff, 0xff, 0xff, 0xff, 0xff, 0xff, 0xff, 0xff, 0xff, 0xff, 0xff, 0x7f, 0xff, 0xff, },
{0x00, 0x00, 0xff, 0xff, 0xff, 0xff, 0xff, 0xff, 0xff, 0xff, 0xff, 0xff, 0xff, 0x7f, 0xff, 0xff, },
{0x00, 0x00, 0xff, 0xff, 0xff, 0xff, 0xff, 0xff, 0xff, 0xff, 0xff, 0xff, 0xff, 0x7f, 0xff, 0xff, },
{0x00, 0x00, 0xff, 0xff, 0xff, 0xff, 0xff, 0xff, 0xff, 0xff, 0xff, 0xff, 0xff, 0x7f, 0xff, 0xff, },
{0x00, 0x00, 0xff, 0xff, 0xff, 0xff, 0xff, 0xff, 0xff, 0xff, 0xff, 0xff, 0xff, 0x7f, 0xff, 0xff, },
{0x00, 0x00, 0xff, 0xff, 0xff, 0xff, 0xff, 0xff, 0xff, 0xff, 0xff, 0xff, 0xff, 0x7f, 0xff, 0xff, },
{0x00, 0x00, 0xff, 0xff, 0xff, 0xff, 0xff, 0xff, 0xff, 0xff, 0xff, 0xff, 0xff, 0x7f, 0xff, 0xff, },
{0x00, 0x00, 0xff, 0xff, 0xff, 0xff, 0xff, 0xff, 0xff, 0xff, 0xff, 0xff, 0xff, 0x7f, 0xff, 0xff, },
{0x00, 0x00, 0xff, 0xff, 0xff, 0xff, 0xff, 0xff, 0xff, 0xff, 0xff, 0xff, 0xff, 0x7f, 0xff, 0xff, },
{0x00, 0x00, 0xff, 0xff, 0xff, 0xff, 0xff, 0xff, 0xff, 0xff, 0xff, 0xff, 0xff, 0x7f, 0xff, 0xff, },
{0x00, 0x00, 0xff, 0xff, 0xff, 0xff, 0xff, 0xff, 0xff, 0xff, 0xff, 0xff, 0xff, 0x7f, 0xff, 0xff, },
{0x00, 0x00, 0xff, 0xff, 0xff, 0xff, 0xff, 0xff, 0xff, 0xff, 0xff, 0xff, 0xff, 0x7f, 0xff, 0xff, },
{0x00, 0x00, 0xff, 0xff, 0xff, 0xff, 0xff, 0xff, 0xff, 0xff, 0xff, 0xff, 0xff, 0x7f, 0xff, 0xff, },
{0x00, 0x00, 0xff, 0xff, 0xff, 0xff, 0xff, 0xff, 0xff, 0xff, 0xff, 0xff, 0xff, 0x7f, 0xff, 0xff, },
{0x00, 0x00, 0xff, 0xff, 0xff, 0xff, 0xff, 0xff, 0xff, 0xff, 0xff, 0xff, 0xff, 0x7f, 0xff, 0xff, },
{0x00, 0x00, 0xff, 0xff, 0xff, 0xff, 0xff, 0xff, 0xff, 0xff, 0xff, 0xff, 0xff, 0x7f, 0xff, 0xff, },
{0x00, 0x00, 0xff, 0xff, 0xff, 0xff, 0xff, 0xff, 0xff, 0xff, 0xff, 0xff, 0xff, 0x7f, 0xff, 0xff, },
{0x00, 0x00, 0xff, 0xff, 0xff, 0xff, 0xff, 0xff, 0xff, 0xff, 0xff, 0xff, 0xff, 0x7f, 0xff, 0xff, },
{0x00, 0x00, 0xff, 0xff, 0xff, 0xff, 0xff, 0xff, 0xff, 0xff, 0xff, 0xff, 0xff, 0x7f, 0xff, 0xff, },
{0x00, 0x00, 0xff, 0xff, 0xff, 0xff, 0xff, 0xff, 0xff, 0xff, 0xff, 0xff, 0xff, 0x7f, 0xff, 0xff, },
{0x00, 0x00, 0xff, 0xff, 0xff, 0xff, 0xff, 0xff, 0xff, 0xff, 0xff, 0xff, 0xff, 0x7f, 0xff, 0xff, },
{0x00, 0x00, 0xff, 0xff, 0xff, 0xff, 0xff, 0xff, 0xff, 0xff, 0xff, 0xff, 0xff, 0x7f, 0xff, 0xff, },
{0x00, 0x00, 0xff, 0xff, 0xff, 0xff, 0xff, 0xff, 0xff, 0xff, 0xff, 0xff, 0xff, 0x7f, 0xff, 0xff, },
{0x00, 0x00, 0xff, 0xff, 0xff, 0xff, 0xff, 0xff, 0xff, 0xff, 0xff, 0xff, 0xff, 0x7f, 0xff, 0xff, },
{0x00, 0x00, 0xff, 0xff, 0xff, 0xff, 0xff, 0xff, 0xff, 0xff, 0xff, 0xff, 0xff, 0x7f, 0xff, 0xff, },
{0x00, 0x00, 0xff, 0xff, 0xff, 0xff, 0xff, 0xff, 0xff, 0xff, 0xff, 0xff, 0xff, 0x7f, 0xff, 0xff, },
{0x00, 0x00, 0xff, 0xff, 0xff, 0xff, 0xff, 0xff, 0xff, 0xff, 0xff, 0xff, 0xff, 0x7f, 0xff, 0xff, },
{0x80, 0x00, 0xff, 0xff, 0xff, 0xff, 0xff, 0xff, 0xff, 0xff, 0xff, 0xff, 0xff, 0x7f, 0xff, 0xff, },
{0x80, 0x00, 0xff, 0xff, 0xff, 0xff, 0xff, 0xff, 0xff, 0xff, 0xff, 0xff, 0xff, 0x7f, 0xff, 0xff, },
{0xc0, 0x00, 0xff, 0xff, 0xff, 0xff, 0xff, 0xff, 0xff, 0xff, 0xff, 0xff, 0xff, 0x7f, 0xff, 0xff, },
{0xe0, 0x00, 0xff, 0xff, 0xff, 0xff, 0xff, 0xff, 0xff, 0xff, 0xff, 0xff, 0xff, 0x7f, 0xff, 0xff, },
{0xf8, 0x00, 0x00, 0x00, 0x00, 0x00, 0x00, 0x00, 0x00, 0x00, 0x00, 0x00, 0x00, 0x7f, 0xff, 0xff, },
}; /*black layer inscription*/


const unsigned char img_lowpwr[250][16] ICACHE_RODATA_ATTR = { /*Black layer inscription low battery reminder*/
{0xff, 0xff, 0xff, 0xff, 0xff, 0xff, 0xff, 0xff, 0xff, 0xff, 0xff, 0xff, 0xff, 0xff, 0xff, 0xff, },
{0xff, 0xff, 0xff, 0xff, 0xff, 0xff, 0xff, 0xff, 0xff, 0xff, 0xff, 0xff, 0xff, 0xff, 0xff, 0xff, },
{0xff, 0xff, 0xff, 0xff, 0xff, 0xff, 0xff, 0xff, 0xff, 0xff, 0xff, 0xff, 0xff, 0xff, 0xff, 0xff, },
{0xff, 0xff, 0xff, 0xff, 0xff, 0xff, 0xff, 0xff, 0xff, 0xff, 0xff, 0xff, 0xff, 0xff, 0xff, 0xff, },
{0xff, 0xff, 0xff, 0xff, 0xff, 0xff, 0xff, 0xff, 0xff, 0xff, 0xff, 0xff, 0xff, 0xff, 0xff, 0xff, },
{0xff, 0xff, 0xff, 0xff, 0xff, 0xff, 0xff, 0xff, 0xff, 0xff, 0xff, 0xff, 0xff, 0xff, 0xff, 0xff, },
{0xff, 0xff, 0xff, 0xff, 0xff, 0xff, 0xff, 0xff, 0xff, 0xff, 0xff, 0xff, 0xff, 0xff, 0xff, 0xff, },
{0xff, 0xff, 0xff, 0xff, 0xff, 0xff, 0xff, 0xff, 0xff, 0xff, 0xff, 0xff, 0xff, 0xff, 0xff, 0xff, },
{0xff, 0xff, 0xff, 0xff, 0xff, 0xff, 0xff, 0xff, 0xff, 0xff, 0xff, 0xff, 0xff, 0xff, 0xff, 0xff, },
{0xff, 0xff, 0xff, 0xff, 0xff, 0xff, 0xff, 0xff, 0xff, 0xff, 0xff, 0xff, 0xff, 0xff, 0xff, 0xff, },
{0xff, 0xff, 0xff, 0xff, 0xff, 0xff, 0xff, 0xff, 0xff, 0xff, 0xff, 0xff, 0xff, 0xff, 0xff, 0xff, },
{0xff, 0xff, 0xff, 0xff, 0xff, 0xff, 0xff, 0xff, 0xff, 0xff, 0xff, 0xff, 0xff, 0xff, 0xff, 0xff, },
{0xff, 0xff, 0xff, 0xff, 0xff, 0xff, 0xff, 0xff, 0xff, 0xff, 0xff, 0xff, 0xff, 0xff, 0xff, 0xff, },
{0xff, 0xff, 0xff, 0xff, 0xff, 0xff, 0xff, 0xff, 0xff, 0xff, 0xff, 0xff, 0xff, 0xff, 0xff, 0xff, },
{0xff, 0xff, 0xff, 0xff, 0xff, 0xff, 0xff, 0xff, 0xff, 0xff, 0xff, 0xff, 0xff, 0xff, 0xff, 0xff, },
{0xff, 0xff, 0xff, 0xff, 0xff, 0xff, 0xff, 0xff, 0xff, 0xff, 0xff, 0xff, 0xff, 0xff, 0xff, 0xff, },
{0xff, 0xff, 0xff, 0xff, 0xff, 0xff, 0xff, 0xff, 0xff, 0xff, 0xff, 0xff, 0xff, 0xff, 0xff, 0xff, },
{0xff, 0xff, 0xff, 0xff, 0xff, 0xff, 0xff, 0xff, 0xff, 0xff, 0xff, 0xff, 0xff, 0xff, 0xff, 0xff, },
{0xff, 0xff, 0xff, 0xff, 0xff, 0xff, 0xff, 0xff, 0xff, 0xff, 0xff, 0xff, 0xff, 0xff, 0xff, 0xff, },
{0xff, 0xff, 0xff, 0xff, 0xff, 0xff, 0xff, 0xff, 0xff, 0xff, 0xff, 0xff, 0xff, 0xff, 0xff, 0xff, },
{0xff, 0xff, 0xff, 0xff, 0xff, 0xff, 0xff, 0xff, 0xff, 0xff, 0xff, 0xff, 0xff, 0xff, 0xff, 0xff, },
{0xff, 0xff, 0xff, 0xff, 0xff, 0xff, 0xff, 0xff, 0xff, 0xff, 0xff, 0xff, 0xff, 0xff, 0xff, 0xff, },
{0xff, 0xff, 0xff, 0xff, 0xff, 0xff, 0xff, 0xff, 0xff, 0xff, 0xff, 0xff, 0xff, 0xff, 0xff, 0xff, },
{0xff, 0xff, 0xff, 0xff, 0xff, 0xff, 0xff, 0xff, 0xff, 0xff, 0xff, 0xff, 0xff, 0xff, 0xff, 0xff, },
{0xff, 0xff, 0xff, 0xff, 0xff, 0xff, 0xff, 0xff, 0xff, 0xff, 0xff, 0xff, 0xff, 0xff, 0xff, 0xff, },
{0xff, 0xff, 0xff, 0xff, 0xff, 0xff, 0xff, 0xff, 0xff, 0xff, 0xff, 0xff, 0xff, 0xff, 0xff, 0xff, },
{0xff, 0xff, 0xff, 0xff, 0xff, 0xff, 0xff, 0xff, 0xff, 0xff, 0xff, 0xff, 0xff, 0xff, 0xff, 0xff, },
{0xff, 0xff, 0xff, 0xff, 0xff, 0xff, 0xff, 0xff, 0xff, 0xff, 0xff, 0xff, 0xff, 0xff, 0xff, 0xff, },
{0xff, 0xff, 0xff, 0xff, 0xff, 0xff, 0xff, 0xff, 0xff, 0xff, 0xff, 0xff, 0xff, 0xff, 0xff, 0xff, },
{0xff, 0xff, 0xff, 0xff, 0xff, 0xff, 0xff, 0xff, 0xff, 0xff, 0xff, 0xff, 0xff, 0xff, 0xff, 0xff, },
{0xff, 0xff, 0xff, 0xff, 0xff, 0xff, 0xff, 0xff, 0xff, 0xff, 0xff, 0xff, 0xff, 0xff, 0xff, 0xff, },
{0xff, 0xff, 0xff, 0xff, 0xff, 0xff, 0xff, 0xff, 0xff, 0xff, 0xff, 0xff, 0xff, 0xff, 0xff, 0xff, },
{0xff, 0xff, 0xff, 0xff, 0xff, 0xff, 0xff, 0xff, 0xff, 0xff, 0xff, 0xff, 0xff, 0xff, 0xff, 0xff, },
{0xff, 0xff, 0xff, 0xff, 0xff, 0xff, 0xff, 0xff, 0xff, 0xff, 0xff, 0xff, 0xff, 0xff, 0xff, 0xff, },
{0xff, 0xe0, 0x00, 0x00, 0x00, 0x00, 0x00, 0x00, 0x00, 0x00, 0x00, 0x03, 0xff, 0xff, 0xff, 0xff, },
{0xff, 0xe0, 0x00, 0x00, 0x00, 0x00, 0x00, 0x00, 0x00, 0x00, 0x00, 0x03, 0xff, 0xff, 0xff, 0xff, },
{0xff, 0xe7, 0xff, 0xff, 0xff, 0xff, 0xff, 0xff, 0xff, 0xff, 0xff, 0xf3, 0xff, 0xff, 0xff, 0xff, },
{0xff, 0xe7, 0xff, 0xff, 0xff, 0xff, 0xff, 0xff, 0xff, 0xff, 0xff, 0xf3, 0xff, 0xff, 0xff, 0xff, },
{0xff, 0xe7, 0xff, 0xff, 0xff, 0xff, 0xff, 0xff, 0xff, 0xff, 0xff, 0xf3, 0xff, 0xff, 0xff, 0xff, },
{0xff, 0xe7, 0xff, 0xff, 0xff, 0xff, 0xff, 0xff, 0xff, 0xff, 0xff, 0xf3, 0xff, 0xff, 0xff, 0xff, },
{0xff, 0xe7, 0xff, 0xff, 0xff, 0xff, 0xff, 0xff, 0xff, 0xff, 0xff, 0xf3, 0xff, 0xff, 0xff, 0xff, },
{0xff, 0xe7, 0xff, 0xff, 0xff, 0xff, 0xff, 0xff, 0xff, 0xff, 0xff, 0xf3, 0xff, 0xff, 0xff, 0xff, },
{0xff, 0xe7, 0xff, 0xff, 0xff, 0xff, 0xff, 0xff, 0xff, 0xff, 0xff, 0xf3, 0xff, 0xff, 0xff, 0xff, },
{0xff, 0xe7, 0xff, 0xff, 0xff, 0xff, 0xff, 0xff, 0xff, 0xff, 0xff, 0xf3, 0xff, 0xff, 0xff, 0xff, },
{0xff, 0xe7, 0xff, 0xff, 0xff, 0xff, 0xff, 0xff, 0xff, 0xff, 0xff, 0xf3, 0xff, 0xff, 0xff, 0xff, },
{0xff, 0xe7, 0xff, 0xff, 0xff, 0xff, 0xff, 0xff, 0xff, 0xff, 0xff, 0xf3, 0xff, 0xff, 0xff, 0xff, },
{0xff, 0xe7, 0xff, 0xff, 0xff, 0xff, 0xff, 0xff, 0xff, 0xff, 0xff, 0xf3, 0xff, 0xff, 0xff, 0xff, },
{0xff, 0xe7, 0xff, 0xff, 0xff, 0xff, 0xff, 0xff, 0xff, 0xff, 0xff, 0xf3, 0xff, 0xff, 0xff, 0xff, },
{0xff, 0xe7, 0xff, 0xff, 0xff, 0xff, 0xff, 0xff, 0xff, 0xff, 0xff, 0xf3, 0xff, 0xff, 0xff, 0xff, },
{0xff, 0xe7, 0xff, 0xff, 0xff, 0xff, 0xff, 0xff, 0xff, 0xff, 0xff, 0xf3, 0xff, 0xff, 0xff, 0xff, },
{0xff, 0xe7, 0xff, 0xff, 0xff, 0xff, 0xff, 0xff, 0xff, 0xff, 0xff, 0xf3, 0xff, 0xff, 0xff, 0xff, },
{0xff, 0xe7, 0xff, 0xff, 0xff, 0xff, 0xff, 0xff, 0xff, 0xff, 0xff, 0xf3, 0xff, 0xff, 0xff, 0xff, },
{0xff, 0xe7, 0xff, 0xff, 0xff, 0xff, 0xff, 0xff, 0xff, 0xff, 0xff, 0xf3, 0xff, 0xff, 0xff, 0xff, },
{0xff, 0xe7, 0xff, 0xff, 0xff, 0xff, 0xff, 0xff, 0xff, 0xff, 0xff, 0xf3, 0xff, 0xff, 0xff, 0xff, },
{0xff, 0xe7, 0xff, 0xff, 0xff, 0xff, 0xff, 0xff, 0xff, 0xff, 0xff, 0xf3, 0xff, 0xff, 0xff, 0xff, },
{0xff, 0xe7, 0xff, 0xff, 0xff, 0xff, 0xff, 0xff, 0xff, 0xff, 0xff, 0xf3, 0xff, 0xff, 0xff, 0xff, },
{0xff, 0xe7, 0xff, 0xff, 0xff, 0xff, 0xff, 0xff, 0xff, 0xff, 0xff, 0xf3, 0xff, 0xff, 0xff, 0xff, },
{0xff, 0xe7, 0xff, 0xff, 0xff, 0xff, 0xff, 0xff, 0xff, 0xff, 0xff, 0xf3, 0xff, 0xff, 0xff, 0xff, },
{0xff, 0xe7, 0xff, 0xff, 0xff, 0xff, 0xff, 0xff, 0xff, 0xff, 0xff, 0xf3, 0xff, 0xff, 0xff, 0xff, },
{0xff, 0xe7, 0xff, 0xff, 0xff, 0xff, 0xff, 0xff, 0xff, 0xff, 0xff, 0xf3, 0xff, 0xff, 0xff, 0xff, },
{0xff, 0xe7, 0xff, 0xff, 0xff, 0xff, 0xff, 0xff, 0xff, 0xff, 0xff, 0xf3, 0xff, 0xff, 0xff, 0xff, },
{0xff, 0xe7, 0xff, 0xff, 0xff, 0xff, 0xff, 0xff, 0xff, 0xff, 0xff, 0xf3, 0xff, 0xff, 0xff, 0xff, },
{0xff, 0xe7, 0xff, 0xff, 0xff, 0xff, 0xff, 0xff, 0xff, 0xff, 0xff, 0xf3, 0xff, 0xff, 0xff, 0xff, },
{0xff, 0xe7, 0xff, 0xff, 0xff, 0xff, 0xff, 0xff, 0xff, 0xff, 0xff, 0xf3, 0xff, 0xff, 0xff, 0xff, },
{0xff, 0xe7, 0xff, 0xff, 0xff, 0xff, 0xff, 0xff, 0xff, 0xff, 0xff, 0xf3, 0xff, 0xff, 0xff, 0xff, },
{0xff, 0xe7, 0xff, 0xff, 0xff, 0xff, 0xff, 0xff, 0xff, 0xff, 0xff, 0xf3, 0xff, 0xff, 0xff, 0xff, },
{0xff, 0xe7, 0xff, 0xff, 0xff, 0xff, 0xff, 0xff, 0xff, 0xff, 0xff, 0xf3, 0xff, 0xff, 0xff, 0xff, },
{0xff, 0xe7, 0xff, 0xff, 0xff, 0xff, 0xff, 0xff, 0xff, 0xff, 0xff, 0xf3, 0xff, 0xff, 0xff, 0xff, },
{0xff, 0xe7, 0xff, 0xff, 0xff, 0xff, 0xff, 0xff, 0xff, 0xff, 0xff, 0xf3, 0xff, 0xff, 0xff, 0xff, },
{0xff, 0xe7, 0xff, 0xff, 0xff, 0xff, 0xff, 0xff, 0xff, 0xff, 0xff, 0xf3, 0xff, 0xfc, 0x3f, 0xff, },
{0xff, 0xe7, 0xff, 0xff, 0xff, 0xff, 0xff, 0xff, 0xff, 0xff, 0xff, 0xf3, 0xff, 0xff, 0xbf, 0xff, },
{0xff, 0xe7, 0xff, 0xff, 0xff, 0xff, 0xff, 0xff, 0xff, 0xff, 0xff, 0xf3, 0xf8, 0x01, 0xbf, 0xff, },
{0xff, 0xe7, 0xff, 0xff, 0xff, 0xff, 0xff, 0xff, 0xff, 0xff, 0xff, 0xf3, 0xfb, 0xbb, 0xbf, 0xff, },
{0xff, 0xe7, 0xff, 0xff, 0xff, 0xff, 0xff, 0xff, 0xff, 0xff, 0xff, 0xf3, 0xfb, 0xbb, 0xbf, 0xff, },
{0xff, 0xe7, 0xff, 0xff, 0xff, 0xff, 0xff, 0xff, 0xff, 0xff, 0xff, 0xf3, 0xfb, 0xbb, 0xbf, 0xff, },
{0xff, 0xe7, 0xff, 0xff, 0xff, 0xff, 0xff, 0xff, 0xff, 0xff, 0xff, 0xf3, 0xfb, 0xbb, 0xbf, 0xff, },
{0xff, 0xe7, 0xff, 0xff, 0xff, 0xff, 0xff, 0xff, 0xff, 0xff, 0xff, 0xf3, 0xc0, 0x00, 0x7f, 0xff, },
{0xff, 0xe7, 0xff, 0xff, 0xff, 0xff, 0xff, 0xff, 0xff, 0xff, 0xff, 0xf3, 0xfb, 0xbb, 0xff, 0xff, },
{0xff, 0xe7, 0xff, 0xff, 0xff, 0xff, 0xff, 0xff, 0xff, 0xff, 0xff, 0xf3, 0xfb, 0xbb, 0xff, 0xff, },
{0xff, 0xe7, 0xff, 0xff, 0xff, 0xff, 0xff, 0xff, 0xff, 0xff, 0xff, 0xf3, 0xfb, 0xbb, 0xff, 0xff, },
{0xff, 0xe7, 0xff, 0xff, 0xff, 0xff, 0xff, 0xff, 0xff, 0xff, 0xff, 0xf3, 0xfb, 0xbb, 0xff, 0xff, },
{0xff, 0xe7, 0xff, 0xff, 0xff, 0xff, 0xff, 0xff, 0xff, 0xff, 0xff, 0xf3, 0xf8, 0x01, 0xff, 0xff, },
{0xff, 0xe7, 0xff, 0xff, 0xff, 0xff, 0xff, 0xff, 0xff, 0xff, 0xff, 0xf3, 0xff, 0xff, 0xff, 0xff, },
{0xff, 0xe7, 0xff, 0xff, 0xff, 0xff, 0xff, 0xff, 0xff, 0xff, 0xff, 0xf3, 0xff, 0xff, 0xff, 0xff, },
{0xff, 0xe7, 0xff, 0xff, 0xff, 0xff, 0xff, 0xff, 0xff, 0xff, 0xff, 0xf3, 0xff, 0xff, 0xff, 0xff, },
{0xff, 0xe7, 0xff, 0xff, 0xff, 0xff, 0xff, 0xff, 0xff, 0xff, 0xff, 0xf3, 0xf7, 0xff, 0xff, 0xff, },
{0xff, 0xe7, 0xff, 0xff, 0xff, 0xff, 0xff, 0xff, 0xff, 0xff, 0xff, 0xf3, 0xf7, 0xfc, 0x3f, 0xff, },
{0xff, 0xe7, 0xff, 0xff, 0xff, 0xff, 0xff, 0xff, 0xff, 0xff, 0xff, 0xf3, 0xf7, 0x9f, 0xbf, 0xff, },
{0xff, 0xe7, 0xff, 0xff, 0xff, 0xff, 0xff, 0xff, 0xff, 0xff, 0xff, 0xf3, 0xf7, 0x3f, 0xbf, 0xff, },
{0xff, 0xe7, 0xff, 0xff, 0xff, 0xff, 0xff, 0xff, 0xff, 0xff, 0xff, 0xf3, 0xf6, 0xbf, 0xbf, 0xff, },
{0xff, 0xe7, 0xff, 0xff, 0xff, 0xff, 0xff, 0xff, 0xff, 0xff, 0xff, 0xf3, 0xf7, 0x80, 0x7f, 0xff, },
{0xff, 0xe7, 0xff, 0xff, 0xff, 0xff, 0xff, 0xff, 0xff, 0xff, 0xff, 0xf3, 0xf7, 0xbf, 0xff, 0xff, },
{0xff, 0xe7, 0xff, 0xff, 0xff, 0xff, 0xff, 0xff, 0xff, 0xff, 0xff, 0xf3, 0xe7, 0xbf, 0xff, 0xff, },
{0xff, 0xe7, 0xff, 0xff, 0xff, 0xff, 0xff, 0xff, 0xff, 0xff, 0xff, 0xf3, 0xd7, 0xbf, 0xff, 0xff, },
{0xff, 0xe7, 0xff, 0xff, 0xff, 0xff, 0xff, 0xff, 0xff, 0xff, 0xff, 0xf3, 0xf1, 0x83, 0xff, 0xff, },
{0xff, 0xe7, 0xff, 0xff, 0xff, 0xff, 0xff, 0xff, 0xff, 0xff, 0xff, 0xf3, 0xf6, 0xbc, 0xff, 0xff, },
{0xff, 0xe7, 0xff, 0xff, 0xff, 0xff, 0xff, 0xff, 0xff, 0xff, 0xff, 0xf3, 0xf7, 0x3f, 0x7f, 0xff, },
{0xff, 0xe7, 0xff, 0xff, 0xff, 0xff, 0xff, 0xff, 0xff, 0xff, 0xff, 0xf3, 0xf7, 0xbf, 0xbf, 0xff, },
{0xff, 0xe7, 0xff, 0xff, 0xff, 0xff, 0xff, 0xff, 0xff, 0xff, 0xff, 0xf3, 0xf7, 0xff, 0xbf, 0xff, },
{0xff, 0xe7, 0xff, 0xff, 0xff, 0xff, 0xff, 0xff, 0xff, 0xff, 0xff, 0xf3, 0xf7, 0xff, 0xff, 0xff, },
{0xff, 0xe7, 0xff, 0xff, 0xff, 0xff, 0xff, 0xff, 0xff, 0xff, 0xff, 0xf3, 0xff, 0xff, 0xff, 0xff, },
{0xff, 0xe7, 0xff, 0xff, 0xff, 0xff, 0xff, 0xff, 0xff, 0xff, 0xff, 0xf3, 0xff, 0x7f, 0xff, 0xff, },
{0xff, 0xe7, 0xff, 0xff, 0xff, 0xff, 0xff, 0xff, 0xff, 0xff, 0xff, 0xf3, 0xf7, 0x7f, 0xff, 0xff, },
{0xff, 0xe7, 0xff, 0xff, 0xff, 0xff, 0xff, 0xff, 0xff, 0xff, 0xff, 0xf3, 0xf5, 0x40, 0x7f, 0xff, },
{0xff, 0xe7, 0xff, 0xff, 0xff, 0xff, 0xff, 0xff, 0xff, 0xff, 0xff, 0xf3, 0xf5, 0x55, 0xbf, 0xff, },
{0xff, 0xe7, 0xff, 0xff, 0xff, 0xff, 0xff, 0xff, 0xff, 0xff, 0xff, 0xf3, 0xf5, 0x55, 0x7f, 0xff, },
{0xff, 0xe7, 0xff, 0xff, 0xff, 0xff, 0xff, 0xff, 0xff, 0xff, 0xff, 0xf3, 0xc0, 0x55, 0xff, 0xff, },
{0xff, 0xe7, 0xff, 0xff, 0xff, 0xff, 0xff, 0xff, 0xff, 0xff, 0xff, 0xf3, 0xf5, 0x55, 0xff, 0xff, },
{0xff, 0xe7, 0xff, 0xff, 0xff, 0xff, 0xff, 0xff, 0xff, 0xff, 0xff, 0xf3, 0xf5, 0x55, 0xff, 0xff, },
{0xff, 0xe7, 0xff, 0xff, 0xff, 0xff, 0xff, 0xff, 0xff, 0xff, 0xff, 0xf3, 0xf5, 0x40, 0x3f, 0xff, },
{0xff, 0xe7, 0xff, 0xff, 0xff, 0xff, 0xff, 0xff, 0xff, 0xff, 0xff, 0xf3, 0xf7, 0x7f, 0xff, 0xff, },
{0xff, 0xe7, 0xff, 0xff, 0xff, 0xff, 0xff, 0xff, 0xff, 0xff, 0xff, 0xf3, 0xff, 0xfd, 0xff, 0xff, },
{0xff, 0xe7, 0xff, 0xff, 0xff, 0xff, 0xff, 0xff, 0xff, 0xff, 0xff, 0xf3, 0xff, 0xfe, 0xff, 0xff, },
{0xff, 0xe7, 0xff, 0xff, 0xff, 0xff, 0xff, 0xff, 0xff, 0xff, 0xff, 0xf3, 0xf3, 0x00, 0x7f, 0xff, },
{0xff, 0xe7, 0xff, 0xff, 0xff, 0xff, 0xff, 0xff, 0xff, 0xff, 0xff, 0xf3, 0xef, 0x7f, 0xff, 0xff, },
{0xff, 0xe7, 0xff, 0xff, 0xff, 0xff, 0xff, 0xff, 0xff, 0xff, 0xff, 0xf3, 0xff, 0x7f, 0xff, 0xff, },
{0xff, 0xe7, 0xff, 0xff, 0xff, 0xff, 0xff, 0xff, 0xff, 0xff, 0xff, 0xf3, 0xff, 0xff, 0xff, 0xff, },
{0xff, 0xe7, 0xff, 0xff, 0xff, 0xff, 0xff, 0xff, 0xff, 0xff, 0xff, 0xf3, 0xff, 0xff, 0xff, 0xff, },
{0xff, 0xe7, 0xff, 0xff, 0xff, 0xff, 0xff, 0xff, 0xff, 0xff, 0xff, 0xf3, 0xff, 0xff, 0xff, 0xff, },
{0xff, 0xe7, 0xff, 0xff, 0xff, 0xff, 0xff, 0xff, 0xff, 0xff, 0xff, 0xf3, 0xff, 0xff, 0xff, 0xff, },
{0xff, 0xe7, 0xff, 0xff, 0xff, 0xff, 0xff, 0xff, 0xff, 0xff, 0xff, 0xf3, 0xff, 0xff, 0xff, 0xff, },
{0xff, 0xe7, 0xff, 0xff, 0xff, 0xff, 0xff, 0xff, 0xff, 0xff, 0xff, 0xf3, 0xff, 0xff, 0xff, 0xff, },
{0xff, 0xe7, 0xff, 0xff, 0xff, 0xff, 0xff, 0xff, 0xff, 0xff, 0xff, 0xf3, 0xff, 0xff, 0xff, 0xff, },
{0xff, 0xe7, 0xff, 0xff, 0xff, 0xff, 0xff, 0xff, 0xff, 0xff, 0xff, 0xf3, 0xff, 0xff, 0xff, 0xff, },
{0xff, 0xe7, 0xff, 0xff, 0xff, 0xf8, 0x7f, 0xff, 0xff, 0xff, 0xff, 0xf3, 0xff, 0xff, 0xff, 0xff, },
{0xff, 0xe7, 0xff, 0xff, 0xff, 0xf0, 0x3f, 0xff, 0xff, 0xff, 0xff, 0xf3, 0xff, 0xb8, 0x3f, 0xff, },
{0xff, 0xe7, 0xff, 0xff, 0xff, 0xf1, 0x0f, 0xff, 0xff, 0xff, 0xff, 0xf3, 0xef, 0xbf, 0x7f, 0xff, },
{0xff, 0xe7, 0xff, 0xff, 0xff, 0xf1, 0x87, 0xff, 0xff, 0xff, 0xff, 0xf3, 0xcf, 0xbc, 0xff, 0xff, },
{0xff, 0xe7, 0xff, 0xff, 0xff, 0xf1, 0xc1, 0xff, 0xff, 0xff, 0xff, 0xf3, 0xef, 0xa3, 0xbf, 0xff, },
{0xff, 0xe7, 0xff, 0xff, 0xff, 0xf1, 0xf0, 0xff, 0xff, 0xff, 0xff, 0xf3, 0xe0, 0x1f, 0x7f, 0xff, },
{0xff, 0xe7, 0xff, 0xff, 0xff, 0xf1, 0xf8, 0x7f, 0xff, 0xff, 0xff, 0xf3, 0xf7, 0xbf, 0xff, 0xff, },
{0xff, 0xe7, 0xff, 0xff, 0xff, 0xf1, 0xfe, 0x1f, 0xff, 0xff, 0xff, 0xf3, 0xf7, 0xbe, 0xff, 0xff, },
{0xff, 0xe7, 0xff, 0xff, 0xff, 0xf1, 0xff, 0x0f, 0xff, 0xff, 0xff, 0xf3, 0xf7, 0xbf, 0x7f, 0xff, },
{0xff, 0xe7, 0xff, 0xff, 0xff, 0xf1, 0xff, 0x87, 0xff, 0xff, 0xff, 0xf3, 0xf0, 0x00, 0x3f, 0xff, },
{0xff, 0xe7, 0xff, 0xff, 0xff, 0xf1, 0xff, 0xe1, 0xff, 0xff, 0xff, 0xf3, 0xff, 0xff, 0xff, 0xff, },
{0xff, 0xe4, 0x03, 0xff, 0xff, 0xf1, 0xff, 0xf0, 0xff, 0xff, 0xff, 0xf3, 0xc7, 0xff, 0xff, 0xff, },
{0xff, 0xe4, 0x00, 0x07, 0xff, 0xf1, 0xff, 0xfc, 0x3f, 0xff, 0xff, 0xf3, 0xf8, 0x00, 0x3f, 0xff, },
{0xff, 0xe6, 0x00, 0x00, 0x1f, 0xf1, 0xff, 0xfe, 0x1f, 0xff, 0xff, 0xf3, 0xfe, 0x7f, 0xff, 0xff, },
{0xff, 0xe7, 0x87, 0xc0, 0x00, 0x31, 0xff, 0xff, 0x0f, 0xff, 0xff, 0xf3, 0xff, 0xbf, 0xff, 0xff, },
{0xff, 0xe7, 0xc3, 0xff, 0x00, 0x01, 0xff, 0xff, 0xc7, 0xff, 0xff, 0xf3, 0xff, 0xdf, 0xff, 0xff, },
{0xff, 0xe7, 0xf0, 0xff, 0xfe, 0x03, 0xff, 0xff, 0xf1, 0xff, 0xff, 0xf3, 0xff, 0xff, 0xff, 0xff, },
{0xff, 0xe7, 0xf8, 0x3f, 0xff, 0xff, 0xff, 0xff, 0xf8, 0x7f, 0xff, 0xf3, 0xfe, 0xff, 0xff, 0xff, },
{0xff, 0xe7, 0xfe, 0x1f, 0xff, 0xff, 0xff, 0xff, 0xfc, 0x3f, 0xff, 0xf3, 0xfe, 0xff, 0xbf, 0xff, },
{0xff, 0xe7, 0xff, 0x87, 0xff, 0xff, 0xff, 0xff, 0xfe, 0x1f, 0xff, 0xf3, 0xfe, 0xff, 0xbf, 0xff, },
{0xff, 0xe7, 0xff, 0xc3, 0xff, 0xff, 0xff, 0xff, 0xff, 0x87, 0xff, 0xf3, 0xe0, 0x82, 0xbf, 0xff, },
{0xff, 0xe7, 0xff, 0xf0, 0xff, 0xff, 0xff, 0xff, 0xff, 0xc3, 0xff, 0xf3, 0xea, 0xaa, 0xbf, 0xff, },
{0xff, 0xe7, 0xff, 0xf8, 0x3f, 0xff, 0xff, 0x81, 0xff, 0xf0, 0xff, 0xf3, 0xea, 0xaa, 0xbf, 0xff, },
{0xff, 0xe7, 0xff, 0xfe, 0x1f, 0xff, 0xff, 0x00, 0x7f, 0xf8, 0x7f, 0xf3, 0xea, 0xaa, 0xbf, 0xff, },
{0xff, 0xe7, 0xff, 0xff, 0x07, 0xff, 0xff, 0x18, 0x03, 0xfc, 0x3f, 0xf3, 0xea, 0x80, 0x3f, 0xff, },
{0xff, 0xe7, 0xff, 0xff, 0xc3, 0xff, 0xff, 0x1f, 0x80, 0x3f, 0x0f, 0xf3, 0xea, 0xaa, 0xbf, 0xff, },
{0xff, 0xe7, 0xff, 0xff, 0xf0, 0xff, 0xff, 0x1f, 0xf8, 0x03, 0x87, 0xf3, 0xea, 0xaa, 0xbf, 0xff, },
{0xff, 0xe7, 0xff, 0xff, 0xf8, 0x7f, 0xff, 0x1f, 0xff, 0x00, 0x43, 0xf3, 0xea, 0xaa, 0xbf, 0xff, },
{0xff, 0xe7, 0xff, 0xff, 0xfe, 0x1f, 0xff, 0x1f, 0xff, 0xf0, 0x00, 0xf3, 0xe0, 0x82, 0xbf, 0xff, },
{0xff, 0xe7, 0xff, 0xff, 0xff, 0x07, 0xff, 0x1f, 0xff, 0xff, 0x00, 0x73, 0xfe, 0xff, 0xbf, 0xff, },
{0xff, 0xe7, 0xff, 0xff, 0xff, 0xc3, 0xff, 0x1f, 0xff, 0xff, 0xf0, 0x73, 0xfe, 0xff, 0xbf, 0xff, },
{0xff, 0xe7, 0xff, 0xff, 0xff, 0xe0, 0xff, 0x1f, 0xff, 0xff, 0xfe, 0x73, 0xfe, 0xff, 0xff, 0xff, },
{0xff, 0xe7, 0xff, 0xff, 0xff, 0xf8, 0x7f, 0x1f, 0xff, 0xff, 0xff, 0xf3, 0xff, 0xff, 0xff, 0xff, },
{0xff, 0xe7, 0xff, 0xff, 0xff, 0xfe, 0x1f, 0x1f, 0xff, 0xff, 0xff, 0xf3, 0xff, 0xfc, 0x3f, 0xff, },
{0xff, 0xe7, 0xff, 0xff, 0xff, 0xff, 0x07, 0x1f, 0xff, 0xff, 0xff, 0xf3, 0xff, 0xff, 0xbf, 0xff, },
{0xff, 0xe7, 0xff, 0xff, 0xff, 0xff, 0xc3, 0x1f, 0xff, 0xff, 0xff, 0xf3, 0xf8, 0x01, 0xbf, 0xff, },
{0xff, 0xe7, 0xff, 0xff, 0xff, 0xff, 0xe0, 0x1f, 0xff, 0xff, 0xff, 0xf3, 0xfb, 0xbb, 0xbf, 0xff, },
{0xff, 0xe7, 0xff, 0xff, 0xff, 0xff, 0xf8, 0x1f, 0xff, 0xff, 0xff, 0xf3, 0xfb, 0xbb, 0xbf, 0xff, },
{0xff, 0xe7, 0xff, 0xff, 0xff, 0xff, 0xfc, 0x3f, 0xff, 0xff, 0xff, 0xf3, 0xfb, 0xbb, 0xbf, 0xff, },
{0xff, 0xe7, 0xff, 0xff, 0xff, 0xff, 0xff, 0x3f, 0xff, 0xff, 0xff, 0xf3, 0xfb, 0xbb, 0xbf, 0xff, },
{0xff, 0xe7, 0xff, 0xff, 0xff, 0xff, 0xff, 0xff, 0xff, 0xff, 0xff, 0xf3, 0xc0, 0x00, 0x7f, 0xff, },
{0xff, 0xe7, 0xff, 0xff, 0xff, 0xff, 0xff, 0xff, 0xff, 0xff, 0xff, 0xf3, 0xfb, 0xbb, 0xff, 0xff, },
{0xff, 0xe7, 0xff, 0xff, 0xff, 0xff, 0xff, 0xff, 0xff, 0xff, 0xff, 0xf3, 0xfb, 0xbb, 0xff, 0xff, },
{0xff, 0xe7, 0xff, 0xff, 0xff, 0xff, 0xff, 0xff, 0xff, 0xff, 0xff, 0xf3, 0xfb, 0xbb, 0xff, 0xff, },
{0xff, 0xe7, 0xff, 0xff, 0xff, 0xff, 0xff, 0xff, 0xff, 0xff, 0xff, 0xf3, 0xfb, 0xbb, 0xff, 0xff, },
{0xff, 0xe7, 0xff, 0xff, 0xff, 0xff, 0xff, 0xff, 0xff, 0xff, 0xff, 0xf3, 0xf8, 0x01, 0xff, 0xff, },
{0xff, 0xe7, 0xff, 0xff, 0xff, 0xff, 0xff, 0xff, 0xff, 0xff, 0xff, 0xf3, 0xff, 0xff, 0xff, 0xff, },
{0xff, 0xe7, 0xff, 0xff, 0xff, 0xff, 0xff, 0xff, 0xff, 0xff, 0xff, 0xf3, 0xff, 0xff, 0xff, 0xff, },
{0xff, 0xe7, 0xff, 0xff, 0xff, 0xff, 0xff, 0xff, 0xff, 0xff, 0xff, 0xf3, 0xff, 0xff, 0xff, 0xff, },
{0xff, 0xe7, 0xff, 0xff, 0xff, 0xff, 0xff, 0xff, 0xff, 0xff, 0xff, 0xf3, 0xff, 0xff, 0xff, 0xff, },
{0xff, 0xe7, 0xff, 0xff, 0xff, 0xff, 0xff, 0xff, 0xff, 0xff, 0xff, 0xf3, 0xff, 0xff, 0xff, 0xff, },
{0xff, 0xe7, 0xff, 0xff, 0xff, 0xff, 0xff, 0xff, 0xff, 0xff, 0xff, 0xf3, 0xff, 0xff, 0xff, 0xff, },
{0xff, 0xe7, 0xff, 0xff, 0xff, 0xff, 0xff, 0xff, 0xff, 0xff, 0xff, 0xf3, 0xff, 0xff, 0xff, 0xff, },
{0xff, 0xe7, 0xff, 0xff, 0xff, 0xff, 0xff, 0xff, 0xff, 0xff, 0xff, 0xf3, 0xff, 0xff, 0xff, 0xff, },
{0xff, 0xe7, 0xff, 0xff, 0xff, 0xff, 0xff, 0xff, 0xff, 0xff, 0xff, 0xf3, 0xff, 0xff, 0xff, 0xff, },
{0xff, 0xe7, 0xff, 0xff, 0xff, 0xff, 0xff, 0xff, 0xff, 0xff, 0xff, 0xf3, 0xff, 0xff, 0xff, 0xff, },
{0xff, 0xe7, 0xff, 0xff, 0xff, 0xff, 0xff, 0xff, 0xff, 0xff, 0xff, 0xf3, 0xff, 0xff, 0xff, 0xff, },
{0xff, 0xe7, 0xff, 0xff, 0xff, 0xff, 0xff, 0xff, 0xff, 0xff, 0xff, 0xf3, 0xff, 0xff, 0xff, 0xff, },
{0xff, 0xe7, 0xff, 0xff, 0xff, 0xff, 0xff, 0xff, 0xff, 0xff, 0xff, 0xf3, 0xff, 0xff, 0xff, 0xff, },
{0xff, 0xe7, 0xff, 0xff, 0xff, 0xff, 0xff, 0xff, 0xff, 0xff, 0xff, 0xf3, 0xff, 0xff, 0xff, 0xff, },
{0xff, 0xe7, 0xff, 0xff, 0xff, 0xff, 0xff, 0xff, 0xff, 0xff, 0xff, 0xf3, 0xff, 0xff, 0xff, 0xff, },
{0xff, 0xe7, 0xff, 0xff, 0xff, 0xff, 0xff, 0xff, 0xff, 0xff, 0xff, 0xf3, 0xff, 0xff, 0xff, 0xff, },
{0xff, 0xe7, 0xff, 0xff, 0xff, 0xff, 0xff, 0xff, 0xff, 0xff, 0xff, 0xf3, 0xff, 0xff, 0xff, 0xff, },
{0xff, 0xe7, 0xff, 0xff, 0xff, 0xff, 0xff, 0xff, 0xff, 0xff, 0xff, 0xf3, 0xff, 0xff, 0xff, 0xff, },
{0xff, 0xe7, 0xff, 0xff, 0xff, 0xff, 0xff, 0xff, 0xff, 0xff, 0xff, 0xf3, 0xff, 0xff, 0xff, 0xff, },
{0xff, 0xe7, 0xff, 0xff, 0xff, 0xff, 0xff, 0xff, 0xff, 0xff, 0xff, 0xf3, 0xff, 0xff, 0xff, 0xff, },
{0xff, 0xe7, 0xff, 0xff, 0xff, 0xff, 0xff, 0xff, 0xff, 0xff, 0xff, 0xf3, 0xff, 0xff, 0xff, 0xff, },
{0xff, 0xe7, 0xff, 0xff, 0xff, 0xff, 0xff, 0xff, 0xff, 0xff, 0xff, 0xf3, 0xff, 0xff, 0xff, 0xff, },
{0xff, 0xe7, 0xff, 0xff, 0xff, 0xff, 0xff, 0xff, 0xff, 0xff, 0xff, 0xf3, 0xff, 0xff, 0xff, 0xff, },
{0xff, 0xe7, 0xff, 0xff, 0xff, 0xff, 0xff, 0xff, 0xff, 0xff, 0xff, 0xf3, 0xff, 0xff, 0xff, 0xff, },
{0xff, 0xe7, 0xff, 0xff, 0xff, 0xff, 0xff, 0xff, 0xff, 0xff, 0xff, 0xf3, 0xff, 0xff, 0xff, 0xff, },
{0xff, 0xe7, 0xff, 0xff, 0xff, 0xff, 0xff, 0xff, 0xff, 0xff, 0xff, 0xf3, 0xff, 0xff, 0xff, 0xff, },
{0xff, 0xe7, 0xff, 0xff, 0xff, 0xff, 0xff, 0xff, 0xff, 0xff, 0xff, 0xf3, 0xff, 0xff, 0xff, 0xff, },
{0xff, 0xe7, 0xff, 0xff, 0xff, 0xff, 0xff, 0xff, 0xff, 0xff, 0xff, 0xf3, 0xff, 0xff, 0xff, 0xff, },
{0xff, 0xe7, 0xff, 0xff, 0xff, 0xff, 0xff, 0xff, 0xff, 0xff, 0xff, 0xf3, 0xff, 0xff, 0xff, 0xff, },
{0xff, 0xe7, 0xff, 0xff, 0xff, 0xff, 0xff, 0xff, 0xff, 0xff, 0xff, 0xf3, 0xff, 0xff, 0xff, 0xff, },
{0xff, 0xe7, 0xff, 0xff, 0xff, 0xff, 0xff, 0xff, 0xff, 0xff, 0xff, 0xf3, 0xff, 0xff, 0xff, 0xff, },
{0xff, 0xe7, 0xff, 0xff, 0xff, 0xff, 0xff, 0xff, 0xff, 0xff, 0xff, 0xf3, 0xff, 0xff, 0xff, 0xff, },
{0xff, 0xe7, 0xff, 0xff, 0xff, 0xff, 0xff, 0xff, 0xff, 0xff, 0xff, 0xf3, 0xff, 0xff, 0xff, 0xff, },
{0xff, 0xe7, 0xff, 0xff, 0xff, 0xff, 0xff, 0xff, 0xff, 0xff, 0xff, 0xf3, 0xff, 0xff, 0xff, 0xff, },
{0xff, 0xe7, 0xff, 0xff, 0xff, 0xff, 0xff, 0xff, 0xff, 0xff, 0xff, 0xf3, 0xff, 0xff, 0xff, 0xff, },
{0xff, 0xe7, 0xff, 0xff, 0xff, 0xff, 0xff, 0xff, 0xff, 0xff, 0xff, 0xf3, 0xff, 0xff, 0xff, 0xff, },
{0xff, 0xe0, 0x00, 0x00, 0x00, 0x00, 0x00, 0x00, 0x00, 0x00, 0x00, 0x03, 0xff, 0xff, 0xff, 0xff, },
{0xff, 0xe0, 0x00, 0x00, 0x00, 0x00, 0x00, 0x00, 0x00, 0x00, 0x00, 0x03, 0xff, 0xff, 0xff, 0xff, },
{0xff, 0xff, 0xff, 0xff, 0xf3, 0xff, 0xff, 0xfc, 0x7f, 0xff, 0xff, 0xff, 0xff, 0xff, 0xff, 0xff, },
{0xff, 0xff, 0xff, 0xff, 0xf3, 0xff, 0xff, 0xfc, 0x7f, 0xff, 0xff, 0xff, 0xff, 0xff, 0xff, 0xff, },
{0xff, 0xff, 0xff, 0xff, 0xf3, 0xff, 0xff, 0xfc, 0x7f, 0xff, 0xff, 0xff, 0xff, 0xff, 0xff, 0xff, },
{0xff, 0xff, 0xff, 0xff, 0xf3, 0xff, 0xff, 0xfc, 0x7f, 0xff, 0xff, 0xff, 0xff, 0xff, 0xff, 0xff, },
{0xff, 0xff, 0xff, 0xff, 0xf3, 0xff, 0xff, 0xfc, 0x7f, 0xff, 0xff, 0xff, 0xff, 0xff, 0xff, 0xff, },
{0xff, 0xff, 0xff, 0xff, 0xf3, 0xff, 0xff, 0xfc, 0x7f, 0xff, 0xff, 0xff, 0xff, 0xff, 0xff, 0xff, },
{0xff, 0xff, 0xff, 0xff, 0xf3, 0xff, 0xff, 0xfc, 0x7f, 0xff, 0xff, 0xff, 0xff, 0xff, 0xff, 0xff, },
{0xff, 0xff, 0xff, 0xff, 0xf0, 0x00, 0x00, 0x00, 0x7f, 0xff, 0xff, 0xff, 0xff, 0xff, 0xff, 0xff, },
{0xff, 0xff, 0xff, 0xff, 0xf0, 0x00, 0x00, 0x00, 0x7f, 0xff, 0xff, 0xff, 0xff, 0xff, 0xff, 0xff, },
{0xff, 0xff, 0xff, 0xff, 0xff, 0xff, 0xff, 0xff, 0xff, 0xff, 0xff, 0xff, 0xff, 0xff, 0xff, 0xff, },
{0xff, 0xff, 0xff, 0xff, 0xff, 0xff, 0xff, 0xff, 0xff, 0xff, 0xff, 0xff, 0xff, 0xff, 0xff, 0xff, },
{0xff, 0xff, 0xff, 0xff, 0xff, 0xff, 0xff, 0xff, 0xff, 0xff, 0xff, 0xff, 0xff, 0xff, 0xff, 0xff, },
{0xff, 0xff, 0xff, 0xff, 0xff, 0xff, 0xff, 0xff, 0xff, 0xff, 0xff, 0xff, 0xff, 0xff, 0xff, 0xff, },
{0xff, 0xff, 0xff, 0xff, 0xff, 0xff, 0xff, 0xff, 0xff, 0xff, 0xff, 0xff, 0xff, 0xff, 0xff, 0xff, },
{0xff, 0xff, 0xff, 0xff, 0xff, 0xff, 0xff, 0xff, 0xff, 0xff, 0xff, 0xff, 0xff, 0xff, 0xff, 0xff, },
{0xff, 0xff, 0xff, 0xff, 0xff, 0xff, 0xff, 0xff, 0xff, 0xff, 0xff, 0xff, 0xff, 0xff, 0xff, 0xff, },
{0xff, 0xff, 0xff, 0xff, 0xff, 0xff, 0xff, 0xff, 0xff, 0xff, 0xff, 0xff, 0xff, 0xff, 0xff, 0xff, },
{0xff, 0xff, 0xff, 0xff, 0xff, 0xff, 0xff, 0xff, 0xff, 0xff, 0xff, 0xff, 0xff, 0xff, 0xff, 0xff, },
{0xff, 0xff, 0xff, 0xff, 0xff, 0xff, 0xff, 0xff, 0xff, 0xff, 0xff, 0xff, 0xff, 0xff, 0xff, 0xff, },
{0xff, 0xff, 0xff, 0xff, 0xff, 0xff, 0xff, 0xff, 0xff, 0xff, 0xff, 0xff, 0xff, 0xff, 0xff, 0xff, },
{0xff, 0xff, 0xff, 0xff, 0xff, 0xff, 0xff, 0xff, 0xff, 0xff, 0xff, 0xff, 0xff, 0xff, 0xff, 0xff, },
{0xff, 0xff, 0xff, 0xff, 0xff, 0xff, 0xff, 0xff, 0xff, 0xff, 0xff, 0xff, 0xff, 0xff, 0xff, 0xff, },
{0xff, 0xff, 0xff, 0xff, 0xff, 0xff, 0xff, 0xff, 0xff, 0xff, 0xff, 0xff, 0xff, 0xff, 0xff, 0xff, },
{0xff, 0xff, 0xff, 0xff, 0xff, 0xff, 0xff, 0xff, 0xff, 0xff, 0xff, 0xff, 0xff, 0xff, 0xff, 0xff, },
{0xff, 0xff, 0xff, 0xff, 0xff, 0xff, 0xff, 0xff, 0xff, 0xff, 0xff, 0xff, 0xff, 0xff, 0xff, 0xff, },
{0xff, 0xff, 0xff, 0xff, 0xff, 0xff, 0xff, 0xff, 0xff, 0xff, 0xff, 0xff, 0xff, 0xff, 0xff, 0xff, },
{0xff, 0xff, 0xff, 0xff, 0xff, 0xff, 0xff, 0xff, 0xff, 0xff, 0xff, 0xff, 0xff, 0xff, 0xff, 0xff, },
{0xff, 0xff, 0xff, 0xff, 0xff, 0xff, 0xff, 0xff, 0xff, 0xff, 0xff, 0xff, 0xff, 0xff, 0xff, 0xff, },
{0xff, 0xff, 0xff, 0xff, 0xff, 0xff, 0xff, 0xff, 0xff, 0xff, 0xff, 0xff, 0xff, 0xff, 0xff, 0xff, },
{0xff, 0xff, 0xff, 0xff, 0xff, 0xff, 0xff, 0xff, 0xff, 0xff, 0xff, 0xff, 0xff, 0xff, 0xff, 0xff, },
{0xff, 0xff, 0xff, 0xff, 0xff, 0xff, 0xff, 0xff, 0xff, 0xff, 0xff, 0xff, 0xff, 0xff, 0xff, 0xff, },
{0xff, 0xff, 0xff, 0xff, 0xff, 0xff, 0xff, 0xff, 0xff, 0xff, 0xff, 0xff, 0xff, 0xff, 0xff, 0xff, },
{0xff, 0xff, 0xff, 0xff, 0xff, 0xff, 0xff, 0xff, 0xff, 0xff, 0xff, 0xff, 0xff, 0xff, 0xff, 0xff, },
{0xff, 0xff, 0xff, 0xff, 0xff, 0xff, 0xff, 0xff, 0xff, 0xff, 0xff, 0xff, 0xff, 0xff, 0xff, 0xff, },
{0xff, 0xff, 0xff, 0xff, 0xff, 0xff, 0xff, 0xff, 0xff, 0xff, 0xff, 0xff, 0xff, 0xff, 0xff, 0xff, },
{0xff, 0xff, 0xff, 0xff, 0xff, 0xff, 0xff, 0xff, 0xff, 0xff, 0xff, 0xff, 0xff, 0xff, 0xff, 0xff, },
{0xff, 0xff, 0xff, 0xff, 0xff, 0xff, 0xff, 0xff, 0xff, 0xff, 0xff, 0xff, 0xff, 0xff, 0xff, 0xff, },
{0xff, 0xff, 0xff, 0xff, 0xff, 0xff, 0xff, 0xff, 0xff, 0xff, 0xff, 0xff, 0xff, 0xff, 0xff, 0xff, },
{0xff, 0xff, 0xff, 0xff, 0xff, 0xff, 0xff, 0xff, 0xff, 0xff, 0xff, 0xff, 0xff, 0xff, 0xff, 0xff, },
{0xff, 0xff, 0xff, 0xff, 0xff, 0xff, 0xff, 0xff, 0xff, 0xff, 0xff, 0xff, 0xff, 0xff, 0xff, 0xff, },
{0xff, 0xff, 0xff, 0xff, 0xff, 0xff, 0xff, 0xff, 0xff, 0xff, 0xff, 0xff, 0xff, 0xff, 0xff, 0xff, },
{0xff, 0xff, 0xff, 0xff, 0xff, 0xff, 0xff, 0xff, 0xff, 0xff, 0xff, 0xff, 0xff, 0xff, 0xff, 0xff, },
}; /*black layer inscription*/
#endif

/********* English version UI interface ************************************************************************/
#if(EINK_UI_LANGUAGE == EINK_LANGUAGE_ENGLISH)
const unsigned char img_timeout[250][16] ICACHE_RODATA_ATTR = { /* Set timeout reminder red layer yangwen*/
{0x00, 0x00, 0x00, 0x00, 0x00, 0x00, 0x00, 0x00, 0x00, 0x00, 0x00, 0x00, 0x00, 0x00, 0x00, 0x00, },
{0x00, 0x00, 0x00, 0x00, 0x00, 0x00, 0x00, 0x00, 0x00, 0x00, 0x00, 0x00, 0x00, 0x00, 0x00, 0x00, },
{0x00, 0x00, 0x00, 0x00, 0x00, 0x00, 0x00, 0x00, 0x00, 0x00, 0x00, 0x00, 0x00, 0x00, 0x00, 0x00, },
{0x00, 0x00, 0x00, 0x00, 0x00, 0x00, 0x00, 0x00, 0x00, 0x00, 0x00, 0x00, 0x00, 0x00, 0x00, 0x00, },
{0x00, 0x00, 0x00, 0x00, 0x00, 0x00, 0x00, 0x00, 0x00, 0x00, 0x00, 0x00, 0x00, 0x00, 0x00, 0x00, },
{0x00, 0x00, 0x00, 0x00, 0x00, 0x00, 0x00, 0x00, 0x00, 0x00, 0x00, 0x00, 0x00, 0x00, 0x00, 0x00, },
{0x00, 0x00, 0x00, 0x00, 0x00, 0x00, 0x00, 0x00, 0x00, 0x00, 0x00, 0x00, 0x00, 0x00, 0x00, 0x00, },
{0x00, 0x00, 0x00, 0x00, 0x00, 0x00, 0x00, 0x00, 0x00, 0x00, 0x00, 0x00, 0x00, 0x00, 0x00, 0x00, },
{0x00, 0x00, 0x00, 0x00, 0x00, 0x00, 0x00, 0x00, 0x00, 0x00, 0x00, 0x00, 0x00, 0x00, 0x00, 0x00, },
{0x00, 0x00, 0x00, 0x00, 0x00, 0x00, 0x00, 0x00, 0x00, 0x00, 0x00, 0x00, 0x00, 0x00, 0x00, 0x00, },
{0x00, 0x00, 0x00, 0x00, 0x00, 0x00, 0x00, 0x00, 0x00, 0x00, 0x00, 0x00, 0x00, 0x00, 0x00, 0x00, },
{0x00, 0x00, 0x00, 0x00, 0x00, 0x00, 0x00, 0x00, 0x00, 0x00, 0x00, 0x00, 0x00, 0x00, 0x00, 0x00, },
{0x00, 0x00, 0x00, 0x00, 0x00, 0x00, 0x00, 0x00, 0x00, 0x00, 0x00, 0x00, 0x00, 0x00, 0x00, 0x00, },
{0x00, 0x00, 0x00, 0x00, 0x00, 0x00, 0x00, 0x00, 0x00, 0x00, 0x00, 0x00, 0x00, 0x00, 0x00, 0x00, },
{0x00, 0x00, 0x00, 0x00, 0x00, 0x00, 0x00, 0x00, 0x00, 0x00, 0x00, 0x00, 0x00, 0x00, 0x00, 0x00, },
{0x00, 0x00, 0x00, 0x00, 0x00, 0x00, 0x00, 0x00, 0x00, 0x00, 0x00, 0x00, 0x00, 0x00, 0x00, 0x00, },
{0x00, 0x00, 0x00, 0x00, 0x00, 0x00, 0x00, 0x00, 0x00, 0x00, 0x00, 0x00, 0x00, 0x00, 0x00, 0x00, },
{0x00, 0x00, 0x00, 0x00, 0x00, 0x00, 0x00, 0x00, 0x00, 0x00, 0x00, 0x00, 0x00, 0x00, 0x00, 0x00, },
{0x00, 0x00, 0x00, 0x00, 0x00, 0x00, 0x00, 0x00, 0x00, 0x00, 0x00, 0x00, 0x00, 0x00, 0x00, 0x00, },
{0x00, 0x00, 0x00, 0x00, 0x00, 0x00, 0x00, 0x00, 0x00, 0x00, 0x00, 0x00, 0x00, 0x00, 0x00, 0x00, },
{0x00, 0x00, 0x00, 0x00, 0x00, 0x00, 0x00, 0x00, 0x00, 0x00, 0x00, 0x00, 0x00, 0x00, 0x00, 0x00, },
{0x00, 0x00, 0x00, 0x00, 0x00, 0x00, 0x00, 0x00, 0x00, 0x00, 0x00, 0x00, 0x00, 0x00, 0x00, 0x00, },
{0x00, 0x00, 0x00, 0x00, 0x00, 0x00, 0x00, 0x00, 0x00, 0x00, 0x00, 0x00, 0x00, 0x00, 0x00, 0x00, },
{0x00, 0x00, 0x00, 0x00, 0x00, 0x00, 0x00, 0x00, 0x00, 0x00, 0x00, 0x00, 0x03, 0xf0, 0x00, 0x00, },
{0x00, 0x00, 0x00, 0x00, 0x00, 0x00, 0x00, 0x00, 0x00, 0x00, 0x00, 0x00, 0x04, 0x00, 0x00, 0x00, },
{0x00, 0x00, 0x00, 0x00, 0x00, 0x00, 0x00, 0x00, 0x00, 0x00, 0x00, 0x00, 0x04, 0x00, 0x00, 0x00, },
{0x00, 0x00, 0x00, 0x00, 0x00, 0x00, 0x00, 0x00, 0x00, 0x00, 0x00, 0x00, 0x04, 0x00, 0x00, 0x00, },
{0x00, 0x00, 0x00, 0x00, 0x00, 0x00, 0x00, 0x00, 0x00, 0x00, 0x00, 0x00, 0x04, 0x00, 0x00, 0x00, },
{0x00, 0x00, 0x00, 0x00, 0x00, 0x00, 0x00, 0x00, 0x00, 0x00, 0x00, 0x00, 0x7f, 0xf0, 0x00, 0x00, },
{0x00, 0x00, 0x00, 0x00, 0x00, 0x00, 0x00, 0x00, 0x00, 0x00, 0x00, 0x00, 0x00, 0x00, 0x00, 0x00, },
{0x00, 0x00, 0x00, 0x00, 0x00, 0x00, 0x00, 0x00, 0x00, 0x00, 0x00, 0x00, 0x00, 0x00, 0x00, 0x00, },
{0x00, 0x00, 0x00, 0x00, 0x00, 0x00, 0x00, 0x00, 0x00, 0x00, 0x00, 0x00, 0x02, 0x60, 0x00, 0x00, },
{0x00, 0x00, 0x00, 0x00, 0x00, 0x00, 0x00, 0x00, 0x00, 0x00, 0x00, 0x00, 0x06, 0x20, 0x00, 0x00, },
{0x00, 0x00, 0x00, 0x00, 0x00, 0x00, 0x00, 0x00, 0x00, 0x00, 0x00, 0x00, 0x04, 0x10, 0x00, 0x00, },
{0x00, 0x00, 0x00, 0x00, 0x00, 0x00, 0x00, 0x00, 0x00, 0x00, 0x00, 0x00, 0x04, 0x10, 0x00, 0x00, },
{0x00, 0x00, 0x00, 0x00, 0x00, 0x00, 0x00, 0x00, 0x00, 0x00, 0x00, 0x00, 0x04, 0x30, 0x00, 0x00, },
{0x00, 0x00, 0x00, 0x00, 0x00, 0x00, 0x00, 0x00, 0x00, 0x00, 0x00, 0x00, 0x03, 0xe0, 0x00, 0x00, },
{0x00, 0x00, 0x00, 0x00, 0x00, 0x00, 0x00, 0x00, 0x00, 0x00, 0x00, 0x00, 0x00, 0x00, 0x00, 0x00, },
{0x00, 0x00, 0x00, 0x00, 0x00, 0x00, 0x00, 0x00, 0x00, 0x00, 0x00, 0x00, 0x00, 0x00, 0x00, 0x00, },
{0x00, 0x00, 0x00, 0x00, 0x00, 0x00, 0x00, 0x00, 0x00, 0x00, 0x00, 0x00, 0x00, 0x30, 0x00, 0x00, },
{0x00, 0x00, 0x00, 0x00, 0x00, 0x00, 0x00, 0x00, 0x00, 0x00, 0x00, 0x00, 0x04, 0x10, 0x00, 0x00, },
{0x00, 0x00, 0x00, 0x00, 0x00, 0x00, 0x00, 0x00, 0x00, 0x00, 0x00, 0x00, 0x04, 0x10, 0x00, 0x00, },
{0x00, 0x00, 0x00, 0x00, 0x00, 0x00, 0x00, 0x00, 0x00, 0x00, 0x00, 0x00, 0x3f, 0xe0, 0x00, 0x00, },
{0x00, 0x00, 0x00, 0x00, 0x00, 0x00, 0x00, 0x00, 0x00, 0x00, 0x00, 0x00, 0x04, 0x00, 0x00, 0x00, },
{0x00, 0x03, 0xff, 0xff, 0xff, 0xff, 0xff, 0xff, 0xff, 0xff, 0xff, 0xe0, 0x04, 0x00, 0x00, 0x00, },
{0x00, 0x07, 0xff, 0xff, 0xff, 0xff, 0xff, 0xff, 0xff, 0xff, 0xff, 0xf0, 0x00, 0x00, 0x00, 0x00, },
{0x00, 0x0f, 0xff, 0xff, 0xff, 0xff, 0xff, 0xff, 0xff, 0xff, 0xff, 0xf8, 0x00, 0x00, 0x00, 0x00, },
{0x00, 0x0f, 0xff, 0xff, 0xff, 0xff, 0xff, 0xff, 0xff, 0xff, 0xff, 0xf8, 0x27, 0xf0, 0x00, 0x00, },
{0x00, 0x0f, 0xff, 0xff, 0xff, 0xff, 0xff, 0xff, 0xff, 0xff, 0xff, 0xf8, 0x00, 0x00, 0x00, 0x00, },
{0x00, 0x0f, 0xff, 0xff, 0xff, 0xff, 0xff, 0xff, 0xff, 0xff, 0xff, 0xf8, 0x00, 0x00, 0x00, 0x00, },
{0x00, 0x0f, 0xff, 0xff, 0xff, 0xff, 0xff, 0xff, 0xff, 0xff, 0xff, 0xf8, 0x04, 0x00, 0x00, 0x00, },
{0x00, 0x0f, 0xff, 0xff, 0xff, 0xff, 0xff, 0xff, 0xff, 0xff, 0xff, 0xf8, 0x07, 0xc0, 0x00, 0x00, },
{0x00, 0x0f, 0xff, 0xf8, 0x00, 0x00, 0x00, 0x00, 0x00, 0xff, 0xff, 0xf8, 0x00, 0x70, 0x00, 0x00, },
{0x00, 0x0f, 0xff, 0xf0, 0x00, 0x00, 0x00, 0x00, 0x00, 0x7f, 0xff, 0xf8, 0x00, 0xc0, 0x00, 0x00, },
{0x00, 0x0f, 0xff, 0xf0, 0x00, 0x00, 0x00, 0x00, 0x00, 0x7f, 0xff, 0xf8, 0x07, 0x80, 0x00, 0x00, },
{0x00, 0x0f, 0xff, 0xff, 0xf8, 0x3f, 0xff, 0xc2, 0x1f, 0xff, 0xff, 0xf8, 0x00, 0xc0, 0x00, 0x00, },
{0x00, 0x0f, 0xff, 0xff, 0xf8, 0x7f, 0xff, 0xe3, 0x1f, 0xff, 0xff, 0xf8, 0x00, 0x70, 0x00, 0x00, },
{0x00, 0x0f, 0xff, 0xff, 0xf0, 0xff, 0xff, 0xe3, 0x1f, 0xff, 0xff, 0xf8, 0x07, 0xc0, 0x00, 0x00, },
{0x00, 0x0f, 0xff, 0xff, 0xe1, 0xff, 0xff, 0xe3, 0x1f, 0xff, 0xff, 0xf8, 0x04, 0x00, 0x00, 0x00, },
{0x00, 0x0f, 0xff, 0xff, 0xc3, 0xff, 0xff, 0xe3, 0x1f, 0xff, 0xff, 0xf8, 0x00, 0x00, 0x00, 0x00, },
{0x00, 0x0f, 0xff, 0xff, 0x87, 0xf1, 0xff, 0xe3, 0x1f, 0xff, 0xff, 0xf8, 0x02, 0x60, 0x00, 0x00, },
{0x00, 0x0f, 0xff, 0xff, 0x87, 0xe0, 0xff, 0xe3, 0x1f, 0xff, 0xff, 0xf8, 0x06, 0xb0, 0x00, 0x00, },
{0x00, 0x0f, 0xc0, 0xff, 0x0f, 0xc0, 0xff, 0xc3, 0x1f, 0xff, 0x83, 0xf8, 0x04, 0x90, 0x00, 0x00, },
{0x00, 0x0f, 0x80, 0x7e, 0x1f, 0x80, 0x7f, 0x83, 0x1f, 0xff, 0x01, 0xf8, 0x04, 0x90, 0x00, 0x00, },
{0x00, 0x0f, 0x00, 0x7c, 0x3f, 0x00, 0x3f, 0x03, 0x1f, 0xfe, 0x00, 0xf8, 0x04, 0xb0, 0x00, 0x00, },
{0x00, 0x0f, 0x1c, 0x7c, 0x7f, 0x00, 0x00, 0x03, 0x1f, 0xfe, 0x38, 0xf8, 0x03, 0x20, 0x00, 0x00, },
{0x00, 0x0f, 0x1c, 0x38, 0x7e, 0x10, 0x00, 0x03, 0x1f, 0xfc, 0x78, 0xf8, 0x00, 0x00, 0x00, 0x00, },
{0x00, 0x0f, 0x1c, 0x70, 0xfc, 0x31, 0x80, 0x63, 0x1f, 0xfe, 0x38, 0xf8, 0x00, 0x00, 0x00, 0x00, },
{0x00, 0x0f, 0x00, 0x61, 0xf8, 0x71, 0xff, 0xe3, 0x1f, 0xfe, 0x00, 0xf8, 0x00, 0x00, 0x00, 0x00, },
{0x00, 0x0f, 0x80, 0x43, 0xf0, 0xf1, 0xff, 0xe3, 0x1f, 0xfe, 0x01, 0xf8, 0x00, 0x00, 0x00, 0x00, },
{0x00, 0x0f, 0xc0, 0xc3, 0xe1, 0xf1, 0xff, 0xe3, 0x1f, 0xff, 0x03, 0xf8, 0x00, 0x00, 0x00, 0x00, },
{0x00, 0x0f, 0xf3, 0x87, 0xc3, 0xf1, 0xff, 0xe3, 0x1f, 0xff, 0xcf, 0xf8, 0x00, 0x00, 0x00, 0x00, },
{0x00, 0x0f, 0xff, 0x0f, 0x87, 0xf1, 0xff, 0xe3, 0x1f, 0xff, 0xff, 0xf8, 0x06, 0x00, 0x00, 0x00, },
{0x00, 0x0f, 0xfe, 0x1f, 0x0f, 0xf1, 0xff, 0xe3, 0x1f, 0xff, 0xff, 0xf8, 0x03, 0x80, 0x00, 0x00, },
{0x00, 0x0f, 0xfc, 0x3e, 0x0f, 0xf1, 0xff, 0xe3, 0x1f, 0xff, 0xff, 0xf8, 0x00, 0x70, 0x00, 0x00, },
{0x00, 0x0f, 0xfc, 0x3e, 0x1f, 0xf1, 0xff, 0xe3, 0x1f, 0xff, 0xff, 0xf8, 0x00, 0x4c, 0x00, 0x00, },
{0x00, 0x0f, 0xf8, 0x7c, 0x3f, 0xf1, 0xff, 0xe3, 0x1f, 0xff, 0xff, 0xf8, 0x03, 0xc4, 0x00, 0x00, },
{0x00, 0x0f, 0xf0, 0x00, 0x7f, 0xf1, 0xff, 0xe3, 0x1f, 0xff, 0xff, 0xf8, 0x06, 0x00, 0x00, 0x00, },
{0x00, 0x0f, 0xf0, 0x00, 0xff, 0xf1, 0xff, 0xe0, 0x1f, 0xff, 0xff, 0xf8, 0x00, 0x00, 0x00, 0x00, },
{0x00, 0x0f, 0xf0, 0x00, 0xff, 0xf1, 0xff, 0xe0, 0x1f, 0xff, 0xff, 0xf8, 0x00, 0x00, 0x00, 0x00, },
{0x00, 0x0f, 0xf1, 0xf8, 0xff, 0xf1, 0xff, 0xe0, 0x3f, 0xff, 0xff, 0xf8, 0x04, 0x00, 0x00, 0x00, },
{0x00, 0x0f, 0xf1, 0xf8, 0xff, 0xf1, 0xff, 0xe0, 0x3f, 0xff, 0xff, 0xf8, 0x02, 0x00, 0x00, 0x00, },
{0x00, 0x0f, 0xf1, 0xf8, 0xff, 0xf1, 0xff, 0xe3, 0xff, 0xff, 0xff, 0xf8, 0x07, 0xf0, 0x00, 0x00, },
{0x00, 0x0f, 0xf1, 0xf8, 0xff, 0xf1, 0xff, 0xe3, 0xff, 0xff, 0xff, 0xf8, 0x00, 0x00, 0x00, 0x00, },
{0x00, 0x0f, 0xf1, 0xf8, 0xff, 0xf1, 0xff, 0xe3, 0xff, 0xff, 0xff, 0xf8, 0x00, 0x00, 0x00, 0x00, },
{0x00, 0x0f, 0xf1, 0xf8, 0xff, 0xf1, 0xff, 0xe3, 0xff, 0xff, 0xff, 0xf8, 0x00, 0x30, 0x00, 0x00, },
{0x00, 0x0f, 0xf1, 0xf8, 0xff, 0xf1, 0xff, 0xe3, 0xff, 0xff, 0xff, 0xf8, 0x04, 0x10, 0x00, 0x00, },
{0x00, 0x07, 0xf1, 0xf8, 0xff, 0xf1, 0xff, 0xe3, 0xff, 0xff, 0xff, 0xf0, 0x04, 0x10, 0x00, 0x00, },
{0x00, 0x03, 0xf1, 0xf8, 0xff, 0xf8, 0xff, 0xc3, 0xff, 0xff, 0xff, 0xe0, 0x3f, 0xe0, 0x00, 0x00, },
{0x00, 0x00, 0x01, 0xf8, 0xff, 0xf8, 0xff, 0xc0, 0x00, 0x00, 0x00, 0x00, 0x04, 0x00, 0x00, 0x00, },
{0x00, 0x00, 0x01, 0xf8, 0xff, 0xf0, 0x7f, 0x80, 0x00, 0x00, 0x00, 0x00, 0x04, 0x00, 0x00, 0x00, },
{0x00, 0x00, 0x01, 0xf8, 0xff, 0xe0, 0x1f, 0x00, 0x00, 0x00, 0x00, 0x00, 0x00, 0x00, 0x00, 0x00, },
{0x00, 0x00, 0x01, 0xf8, 0xff, 0xc0, 0x00, 0x00, 0x00, 0x00, 0x00, 0x00, 0x00, 0x00, 0x00, 0x00, },
{0x00, 0x00, 0x01, 0xf8, 0xff, 0x80, 0x00, 0x00, 0x00, 0x00, 0x00, 0x00, 0x03, 0xa0, 0x00, 0x00, },
{0x00, 0x00, 0x01, 0xf8, 0xff, 0x00, 0x00, 0x00, 0x00, 0x00, 0x00, 0x00, 0x04, 0x90, 0x00, 0x00, },
{0x00, 0x00, 0x01, 0xf8, 0xfe, 0x02, 0x00, 0x00, 0x00, 0x00, 0x00, 0x00, 0x04, 0x90, 0x00, 0x00, },
{0x00, 0x00, 0x01, 0xf8, 0xfc, 0x06, 0x00, 0x00, 0x00, 0x00, 0x00, 0x00, 0x04, 0x90, 0x00, 0x00, },
{0x00, 0x00, 0x01, 0xf8, 0xf8, 0x0e, 0x00, 0x00, 0x00, 0x00, 0x00, 0x00, 0x04, 0x90, 0x00, 0x00, },
{0x00, 0x00, 0x01, 0xf8, 0xf0, 0x1f, 0xff, 0xff, 0xff, 0xc0, 0x00, 0x00, 0x03, 0xe0, 0x00, 0x00, },
{0x00, 0x00, 0x01, 0xf8, 0xe0, 0x3f, 0xff, 0xff, 0xff, 0xc0, 0x00, 0x00, 0x00, 0x00, 0x00, 0x00, },
{0x00, 0x00, 0x01, 0xf8, 0xc0, 0x7f, 0xff, 0xff, 0xff, 0xc0, 0x00, 0x00, 0x00, 0x00, 0x00, 0x00, },
{0x00, 0x00, 0x01, 0xf8, 0x80, 0x7f, 0xff, 0xff, 0xff, 0xc0, 0x00, 0x00, 0x3c, 0x30, 0x00, 0x00, },
{0x00, 0x00, 0x01, 0xf8, 0x00, 0x3f, 0xff, 0xff, 0xff, 0xc0, 0x00, 0x00, 0x66, 0xe0, 0x00, 0x00, },
{0x00, 0x00, 0x01, 0xf8, 0x00, 0x1e, 0x00, 0x00, 0x00, 0x00, 0x00, 0x00, 0x43, 0x80, 0x00, 0x00, },
{0x00, 0x00, 0x01, 0xf8, 0x00, 0x0e, 0x00, 0x00, 0x00, 0x00, 0x00, 0x00, 0x42, 0x00, 0x00, 0x00, },
{0x00, 0x00, 0x01, 0xf8, 0x00, 0x06, 0x00, 0x00, 0x00, 0x00, 0x00, 0x00, 0x42, 0x00, 0x00, 0x00, },
{0x00, 0x00, 0x00, 0x00, 0x00, 0x02, 0x00, 0x00, 0x00, 0x00, 0x00, 0x00, 0x7f, 0xf0, 0x00, 0x00, },
{0x00, 0x00, 0x00, 0x00, 0x00, 0x00, 0x00, 0x00, 0x00, 0x00, 0x00, 0x00, 0x00, 0x00, 0x00, 0x00, },
{0x00, 0x00, 0x00, 0x00, 0x00, 0x00, 0x00, 0x00, 0x00, 0x00, 0x00, 0x00, 0x00, 0x00, 0x00, 0x00, },
{0x00, 0x00, 0x00, 0x00, 0x00, 0x00, 0x00, 0x00, 0x00, 0x00, 0x00, 0x00, 0x00, 0x00, 0x00, 0x00, },
{0x00, 0x00, 0x00, 0x00, 0x00, 0x00, 0x00, 0x00, 0x00, 0x00, 0x00, 0x00, 0x00, 0x00, 0x00, 0x00, },
{0x00, 0x00, 0x00, 0x00, 0x00, 0x00, 0x00, 0x00, 0x00, 0x00, 0x00, 0x00, 0x00, 0x00, 0x00, 0x00, },
{0x00, 0x00, 0x00, 0x00, 0x00, 0x00, 0x00, 0x00, 0x00, 0x00, 0x00, 0x00, 0x00, 0x00, 0x00, 0x00, },
{0x00, 0x00, 0x00, 0x00, 0x00, 0x00, 0x00, 0x00, 0x00, 0x00, 0x00, 0x00, 0x00, 0x00, 0x00, 0x00, },
{0x00, 0x00, 0x00, 0x00, 0x00, 0x00, 0x00, 0x00, 0x00, 0x00, 0x00, 0x00, 0x00, 0x00, 0x00, 0x00, },
{0x00, 0x00, 0x00, 0x00, 0x00, 0x00, 0x00, 0x00, 0x00, 0x00, 0x00, 0x00, 0x00, 0x00, 0x00, 0x00, },
{0x00, 0x00, 0x00, 0x00, 0x00, 0x00, 0x00, 0x00, 0x00, 0x00, 0x00, 0x00, 0x00, 0x00, 0x00, 0x00, },
{0x00, 0x00, 0x00, 0x00, 0x00, 0x00, 0x00, 0x00, 0x00, 0x00, 0x00, 0x00, 0x00, 0x00, 0x00, 0x00, },
{0x00, 0x00, 0x00, 0x00, 0x00, 0x00, 0x00, 0x00, 0x00, 0x00, 0x00, 0x00, 0x00, 0x00, 0x00, 0x00, },
{0x00, 0x00, 0x00, 0x00, 0x00, 0x00, 0x00, 0x00, 0x00, 0x00, 0x00, 0x00, 0x00, 0x00, 0x00, 0x00, },
{0x00, 0x00, 0x00, 0x00, 0x00, 0x00, 0x00, 0x00, 0x00, 0x00, 0x00, 0x00, 0x00, 0x00, 0x00, 0x00, },
{0x00, 0x00, 0x00, 0x00, 0x00, 0x00, 0x00, 0x00, 0x00, 0x00, 0x00, 0x00, 0x00, 0x00, 0x00, 0x00, },
{0x00, 0x00, 0x00, 0x00, 0x00, 0x00, 0x00, 0x00, 0x00, 0x00, 0x00, 0x00, 0x00, 0x00, 0x00, 0x00, },
{0x00, 0x00, 0x00, 0x00, 0x00, 0x00, 0x00, 0x00, 0x00, 0x00, 0x00, 0x00, 0x00, 0x00, 0x00, 0x00, },
{0x00, 0x00, 0x00, 0x00, 0x00, 0x00, 0x00, 0x00, 0x00, 0x00, 0x00, 0x00, 0x00, 0x00, 0x00, 0x00, },
{0x00, 0x00, 0x00, 0x00, 0x00, 0x00, 0x00, 0x00, 0x00, 0x00, 0x00, 0x00, 0x00, 0x00, 0x00, 0x00, },
{0x00, 0x00, 0x00, 0x00, 0x00, 0x00, 0x00, 0x00, 0x00, 0x00, 0x00, 0x00, 0x00, 0x00, 0x00, 0x00, },
{0x00, 0x00, 0x00, 0x00, 0x00, 0x00, 0x00, 0x00, 0x00, 0x00, 0x00, 0x00, 0x00, 0x00, 0x00, 0x00, },
{0x00, 0x00, 0x00, 0x00, 0x00, 0x00, 0x00, 0x00, 0x00, 0x00, 0x00, 0x00, 0x00, 0x00, 0x00, 0x00, },
{0x00, 0x00, 0x00, 0x00, 0x00, 0x00, 0x00, 0x00, 0x00, 0x00, 0x00, 0x00, 0x00, 0x00, 0x00, 0x00, },
{0x00, 0x00, 0x00, 0x00, 0x00, 0x00, 0x00, 0x00, 0x00, 0x00, 0x00, 0x00, 0x00, 0x00, 0x00, 0x00, },
{0x00, 0x00, 0x00, 0x00, 0x00, 0x00, 0x00, 0x00, 0x00, 0x00, 0x00, 0x00, 0x00, 0x00, 0x00, 0x00, },
{0x00, 0x00, 0x00, 0x00, 0x00, 0x00, 0x00, 0x00, 0x00, 0x00, 0x00, 0x00, 0x00, 0x00, 0x00, 0x00, },
{0x00, 0x00, 0x00, 0x00, 0x00, 0x00, 0x00, 0x00, 0x00, 0x00, 0x00, 0x00, 0x00, 0x00, 0x00, 0x00, },
{0x00, 0x00, 0x00, 0x00, 0x00, 0x00, 0x00, 0x00, 0x00, 0x00, 0x00, 0x00, 0x00, 0x00, 0x00, 0x00, },
{0x00, 0x00, 0x00, 0x00, 0x00, 0x00, 0x00, 0x00, 0x00, 0x00, 0x00, 0x00, 0x00, 0x30, 0x00, 0x00, },
{0x00, 0x00, 0x00, 0x00, 0x00, 0x00, 0x00, 0x00, 0x00, 0x00, 0x00, 0x00, 0x04, 0x10, 0x00, 0x00, },
{0x00, 0x00, 0x00, 0x00, 0x00, 0x00, 0x00, 0x00, 0x00, 0x00, 0x00, 0x00, 0x04, 0x10, 0x00, 0x00, },
{0x00, 0x00, 0x00, 0x00, 0x00, 0x00, 0x00, 0x00, 0x00, 0x00, 0x00, 0x00, 0x3f, 0xe0, 0x00, 0x00, },
{0x00, 0x00, 0x00, 0x00, 0x00, 0x00, 0x00, 0x00, 0x00, 0x00, 0x00, 0x00, 0x04, 0x00, 0x00, 0x00, },
{0x00, 0x00, 0x00, 0x00, 0x00, 0x00, 0x00, 0x00, 0x00, 0x00, 0x00, 0x00, 0x04, 0x00, 0x00, 0x00, },
{0x00, 0x00, 0x00, 0x00, 0x00, 0x00, 0x00, 0x00, 0x00, 0x00, 0x00, 0x00, 0x00, 0x00, 0x00, 0x00, },
{0x00, 0x00, 0x00, 0x00, 0x00, 0x00, 0x00, 0x00, 0x00, 0x00, 0x00, 0x00, 0x07, 0xe0, 0x00, 0x00, },
{0x00, 0x00, 0x00, 0x00, 0x00, 0x00, 0x00, 0x00, 0x00, 0x00, 0x00, 0x00, 0x00, 0x30, 0x00, 0x00, },
{0x00, 0x00, 0x00, 0x00, 0x00, 0x00, 0x00, 0x00, 0x00, 0x00, 0x00, 0x00, 0x00, 0x10, 0x00, 0x00, },
{0x00, 0x00, 0x00, 0x00, 0x00, 0x00, 0x00, 0x00, 0x00, 0x00, 0x00, 0x00, 0x00, 0x10, 0x00, 0x00, },
{0x00, 0x00, 0x00, 0x00, 0x00, 0x00, 0x00, 0x00, 0x00, 0x00, 0x00, 0x00, 0x00, 0x30, 0x00, 0x00, },
{0x00, 0x00, 0x00, 0x00, 0x00, 0x00, 0x00, 0x00, 0x00, 0x00, 0x00, 0x00, 0x07, 0xe0, 0x00, 0x00, },
{0x00, 0x00, 0x00, 0x00, 0x00, 0x00, 0x00, 0x00, 0x00, 0x00, 0x00, 0x00, 0x00, 0x00, 0x00, 0x00, },
{0x00, 0x00, 0x00, 0x00, 0x00, 0x00, 0x00, 0x00, 0x00, 0x00, 0x00, 0x00, 0x03, 0xe0, 0x00, 0x00, },
{0x00, 0x00, 0x00, 0x00, 0x00, 0x00, 0x00, 0x00, 0x00, 0x00, 0x00, 0x00, 0x06, 0x20, 0x00, 0x00, },
{0x00, 0x00, 0x00, 0x00, 0x00, 0x00, 0x00, 0x00, 0x00, 0x00, 0x00, 0x00, 0x04, 0x10, 0x00, 0x00, },
{0x00, 0x00, 0x00, 0x00, 0x00, 0x00, 0x00, 0x00, 0x00, 0x00, 0x00, 0x00, 0x04, 0x10, 0x00, 0x00, },
{0x00, 0x00, 0x00, 0x00, 0x00, 0x00, 0x00, 0x00, 0x00, 0x00, 0x00, 0x00, 0x04, 0x20, 0x00, 0x00, },
{0x00, 0x00, 0x00, 0x00, 0x00, 0x00, 0x00, 0x00, 0x00, 0x00, 0x00, 0x00, 0x03, 0xe0, 0x00, 0x00, },
{0x00, 0x00, 0x00, 0x00, 0x00, 0x00, 0x00, 0x00, 0x00, 0x00, 0x00, 0x00, 0x00, 0x00, 0x00, 0x00, },
{0x00, 0x00, 0x00, 0x00, 0x00, 0x00, 0x00, 0x00, 0x00, 0x00, 0x00, 0x00, 0x00, 0x00, 0x00, 0x00, },
{0x00, 0x00, 0x00, 0x00, 0x00, 0x00, 0x00, 0x00, 0x00, 0x00, 0x00, 0x00, 0x03, 0x20, 0x00, 0x00, },
{0x00, 0x00, 0x00, 0x00, 0x00, 0x00, 0x00, 0x00, 0x00, 0x00, 0x00, 0x00, 0x04, 0x90, 0x00, 0x00, },
{0x00, 0x00, 0x00, 0x00, 0x00, 0x00, 0x00, 0x00, 0x00, 0x00, 0x00, 0x00, 0x04, 0x90, 0x00, 0x00, },
{0x00, 0x07, 0xfc, 0x00, 0x00, 0x00, 0x00, 0x00, 0x00, 0x00, 0x7f, 0xe0, 0x04, 0x90, 0x00, 0x00, },
{0x00, 0x07, 0xff, 0xfe, 0x00, 0x00, 0x00, 0x00, 0x00, 0xff, 0xff, 0xe0, 0x04, 0x90, 0x00, 0x00, },
{0x00, 0x07, 0xff, 0xff, 0xc0, 0x00, 0x00, 0x00, 0x03, 0xff, 0xff, 0xe0, 0x03, 0xe0, 0x00, 0x00, },
{0x00, 0x07, 0xff, 0xff, 0xf0, 0x00, 0x00, 0x00, 0x0f, 0xff, 0xff, 0xe0, 0x00, 0x00, 0x00, 0x00, },
{0x00, 0x07, 0xff, 0xff, 0xf8, 0x00, 0x00, 0x00, 0x3f, 0xff, 0xff, 0xe0, 0x03, 0xf0, 0x00, 0x00, },
{0x00, 0x07, 0xfe, 0x07, 0xfe, 0x00, 0x00, 0x00, 0x7f, 0xe0, 0x7f, 0xe0, 0x04, 0x00, 0x00, 0x00, },
{0x00, 0x07, 0xfe, 0x01, 0xff, 0x00, 0x00, 0x01, 0xff, 0x00, 0x7f, 0xe0, 0x04, 0x00, 0x00, 0x00, },
{0x00, 0x07, 0xfe, 0x00, 0x7f, 0xc0, 0x00, 0x03, 0xfc, 0x00, 0x7f, 0xe0, 0x03, 0xf0, 0x00, 0x00, },
{0x00, 0x07, 0xfe, 0x00, 0x1f, 0xe0, 0x00, 0x07, 0xf8, 0x00, 0x7f, 0xe0, 0x04, 0x00, 0x00, 0x00, },
{0x00, 0x07, 0xfe, 0x00, 0x07, 0xf0, 0x00, 0x1f, 0xe0, 0x00, 0x7f, 0xe0, 0x04, 0x00, 0x00, 0x00, },
{0x00, 0x07, 0xfe, 0x00, 0x03, 0xf8, 0x00, 0x3f, 0xc0, 0x00, 0x7f, 0xe0, 0x07, 0xf0, 0x00, 0x00, },
{0x00, 0x07, 0xfe, 0x00, 0x01, 0xfe, 0x00, 0x7f, 0x00, 0x00, 0x7f, 0xe0, 0x00, 0x00, 0x00, 0x00, },
{0x00, 0x07, 0xfe, 0x00, 0x00, 0x7f, 0x00, 0xfe, 0x00, 0x00, 0x7f, 0xe0, 0x00, 0x00, 0x00, 0x00, },
{0x00, 0x07, 0xfe, 0x00, 0x00, 0x3f, 0x81, 0xfc, 0x00, 0x0f, 0xff, 0xe0, 0x27, 0xf0, 0x00, 0x00, },
{0x00, 0x07, 0xfe, 0x00, 0x00, 0x1f, 0xc3, 0xf8, 0x00, 0x3f, 0xff, 0xe0, 0x00, 0x00, 0x00, 0x00, },
{0x00, 0x07, 0xfe, 0x00, 0x0f, 0x0f, 0xe7, 0xf0, 0x00, 0xff, 0xff, 0xe0, 0x00, 0x30, 0x00, 0x00, },
{0x00, 0x07, 0xfe, 0x00, 0x0f, 0xc7, 0xff, 0xc0, 0x01, 0xff, 0xff, 0xe0, 0x04, 0x10, 0x00, 0x00, },
{0x00, 0x07, 0xfe, 0x00, 0x0f, 0xf3, 0xff, 0x80, 0x03, 0xff, 0xff, 0xe0, 0x04, 0x10, 0x00, 0x00, },
{0x00, 0x07, 0xfe, 0x00, 0x0f, 0xf9, 0xff, 0x00, 0x07, 0xff, 0xff, 0xe0, 0x3f, 0xe0, 0x00, 0x00, },
{0x00, 0x07, 0xfe, 0x00, 0x0f, 0xfc, 0xfe, 0x00, 0x1f, 0xff, 0xff, 0xe0, 0x04, 0x00, 0x00, 0x00, },
{0x00, 0x07, 0xfe, 0x00, 0x0f, 0xfe, 0x7e, 0x00, 0x3f, 0xff, 0xff, 0xe0, 0x04, 0x00, 0x00, 0x00, },
{0x00, 0x07, 0xfe, 0x00, 0x0f, 0xff, 0xbc, 0x00, 0x7f, 0xff, 0xff, 0xe0, 0x00, 0x00, 0x00, 0x00, },
{0x00, 0x07, 0xfe, 0x00, 0x0f, 0xff, 0x80, 0x00, 0x7f, 0xff, 0xff, 0xe0, 0x00, 0x00, 0x00, 0x00, },
{0x00, 0x07, 0xfe, 0x00, 0x0f, 0xff, 0xff, 0xff, 0xff, 0xff, 0xff, 0xe0, 0x00, 0x00, 0x00, 0x00, },
{0x00, 0x07, 0xfe, 0x00, 0x0f, 0xff, 0xff, 0xff, 0xff, 0xff, 0xff, 0xe0, 0x00, 0x00, 0x00, 0x00, },
{0x00, 0x07, 0xfe, 0x00, 0x0f, 0xff, 0xc0, 0x00, 0xff, 0xff, 0xff, 0xe0, 0x00, 0x00, 0x00, 0x00, },
{0x00, 0x07, 0xfe, 0x00, 0x0f, 0xff, 0x3c, 0x00, 0x7f, 0xff, 0xff, 0xe0, 0x07, 0xfc, 0x00, 0x00, },
{0x00, 0x07, 0xfe, 0x00, 0x0f, 0xfe, 0x7e, 0x00, 0x3f, 0xff, 0xff, 0xe0, 0x04, 0x44, 0x00, 0x00, },
{0x00, 0x07, 0xfe, 0x00, 0x0f, 0xfc, 0xfe, 0x00, 0x1f, 0xff, 0xff, 0xe0, 0x04, 0x44, 0x00, 0x00, },
{0x00, 0x07, 0xfe, 0x00, 0x0f, 0xf9, 0xff, 0x00, 0x0f, 0xff, 0xff, 0xe0, 0x04, 0x44, 0x00, 0x00, },
{0x00, 0x07, 0xfe, 0x00, 0x0f, 0xf3, 0xff, 0x80, 0x03, 0xff, 0xff, 0xe0, 0x03, 0x98, 0x00, 0x00, },
{0x00, 0x07, 0xfe, 0x00, 0x0f, 0xc7, 0xff, 0xe0, 0x01, 0xff, 0xff, 0xe0, 0x00, 0x00, 0x00, 0x00, },
{0x00, 0x07, 0xfe, 0x00, 0x0f, 0x8f, 0xe7, 0xf0, 0x00, 0xff, 0xff, 0xe0, 0x00, 0x00, 0x00, 0x00, },
{0x00, 0x07, 0xfe, 0x00, 0x00, 0x1f, 0xc3, 0xf8, 0x00, 0x3f, 0xff, 0xe0, 0x27, 0xf0, 0x00, 0x00, },
{0x00, 0x07, 0xfe, 0x00, 0x00, 0x3f, 0x81, 0xfc, 0x00, 0x0f, 0xff, 0xe0, 0x00, 0x00, 0x00, 0x00, },
{0x00, 0x07, 0xfe, 0x00, 0x00, 0x7f, 0x00, 0xfe, 0x00, 0x00, 0x7f, 0xe0, 0x00, 0x00, 0x00, 0x00, },
{0x00, 0x07, 0xfe, 0x00, 0x01, 0xfe, 0x00, 0x7f, 0x00, 0x00, 0x7f, 0xe0, 0x44, 0x00, 0x00, 0x00, },
{0x00, 0x07, 0xfe, 0x00, 0x03, 0xf8, 0x00, 0x3f, 0xc0, 0x00, 0x7f, 0xe0, 0x44, 0x00, 0x00, 0x00, },
{0x00, 0x07, 0xfe, 0x00, 0x07, 0xf0, 0x00, 0x1f, 0xe0, 0x00, 0x7f, 0xe0, 0x44, 0x00, 0x00, 0x00, },
{0x00, 0x07, 0xfe, 0x00, 0x1f, 0xe0, 0x00, 0x07, 0xf8, 0x00, 0x7f, 0xe0, 0x3f, 0xf0, 0x00, 0x00, },
{0x00, 0x07, 0xfe, 0x00, 0x7f, 0xc0, 0x00, 0x03, 0xfc, 0x00, 0x7f, 0xe0, 0x04, 0x00, 0x00, 0x00, },
{0x00, 0x07, 0xfe, 0x01, 0xff, 0x00, 0x00, 0x01, 0xff, 0x00, 0x7f, 0xe0, 0x04, 0x00, 0x00, 0x00, },
{0x00, 0x07, 0xfe, 0x07, 0xfe, 0x00, 0x00, 0x00, 0x7f, 0xe0, 0x7f, 0xe0, 0x00, 0x00, 0x00, 0x00, },
{0x00, 0x07, 0xff, 0xff, 0xf8, 0x00, 0x00, 0x00, 0x3f, 0xff, 0xff, 0xe0, 0x00, 0x00, 0x00, 0x00, },
{0x00, 0x07, 0xff, 0xff, 0xf0, 0x00, 0x00, 0x00, 0x0f, 0xff, 0xff, 0xe0, 0x07, 0xf0, 0x00, 0x00, },
{0x00, 0x07, 0xff, 0xff, 0xc0, 0x00, 0x00, 0x00, 0x03, 0xff, 0xff, 0xe0, 0x04, 0x00, 0x00, 0x00, },
{0x00, 0x07, 0xff, 0xfe, 0x00, 0x00, 0x00, 0x00, 0x00, 0xff, 0xff, 0xe0, 0x04, 0x00, 0x00, 0x00, },
{0x00, 0x07, 0xfc, 0x00, 0x00, 0x00, 0x00, 0x00, 0x00, 0x00, 0x7f, 0xe0, 0x04, 0x00, 0x00, 0x00, },
{0x00, 0x07, 0xfc, 0x00, 0x00, 0x00, 0x00, 0x00, 0x00, 0x00, 0x7f, 0xe0, 0x02, 0x00, 0x00, 0x00, },
{0x00, 0x00, 0x00, 0x00, 0x00, 0x00, 0x00, 0x00, 0x00, 0x00, 0x00, 0x00, 0x07, 0xf0, 0x00, 0x00, },
{0x00, 0x00, 0x00, 0x00, 0x00, 0x00, 0x00, 0x00, 0x00, 0x00, 0x00, 0x00, 0x00, 0x00, 0x00, 0x00, },
{0x00, 0x00, 0x00, 0x00, 0x00, 0x00, 0x00, 0x00, 0x00, 0x00, 0x00, 0x00, 0x00, 0x00, 0x00, 0x00, },
{0x00, 0x00, 0x00, 0x00, 0x00, 0x00, 0x00, 0x00, 0x00, 0x00, 0x00, 0x00, 0x03, 0xe0, 0x00, 0x00, },
{0x00, 0x00, 0x00, 0x00, 0x00, 0x00, 0x00, 0x00, 0x00, 0x00, 0x00, 0x00, 0x06, 0x20, 0x00, 0x00, },
{0x00, 0x00, 0x00, 0x00, 0x00, 0x00, 0x00, 0x00, 0x00, 0x00, 0x00, 0x00, 0x04, 0x10, 0x00, 0x00, },
{0x00, 0x00, 0x00, 0x00, 0x00, 0x00, 0x00, 0x00, 0x00, 0x00, 0x00, 0x00, 0x04, 0x10, 0x00, 0x00, },
{0x00, 0x00, 0x00, 0x00, 0x00, 0x00, 0x00, 0x00, 0x00, 0x00, 0x00, 0x00, 0x04, 0x20, 0x00, 0x00, },
{0x00, 0x00, 0x00, 0x00, 0x00, 0x00, 0x00, 0x00, 0x00, 0x00, 0x00, 0x00, 0x03, 0xe0, 0x00, 0x00, },
{0x00, 0x00, 0x00, 0x00, 0x00, 0x00, 0x00, 0x00, 0x00, 0x00, 0x00, 0x00, 0x00, 0x00, 0x00, 0x00, },
{0x00, 0x00, 0x00, 0x00, 0x00, 0x00, 0x00, 0x00, 0x00, 0x00, 0x00, 0x00, 0x00, 0x00, 0x00, 0x00, },
{0x00, 0x00, 0x00, 0x00, 0x00, 0x00, 0x00, 0x00, 0x00, 0x00, 0x00, 0x00, 0x39, 0xe0, 0x00, 0x00, },
{0x00, 0x00, 0x00, 0x00, 0x00, 0x00, 0x00, 0x00, 0x00, 0x00, 0x00, 0x00, 0x60, 0x30, 0x00, 0x00, },
{0x00, 0x00, 0x00, 0x00, 0x00, 0x00, 0x00, 0x00, 0x00, 0x00, 0x00, 0x00, 0x40, 0x10, 0x00, 0x00, },
{0x00, 0x00, 0x00, 0x00, 0x00, 0x00, 0x00, 0x00, 0x00, 0x00, 0x00, 0x00, 0x40, 0x30, 0x00, 0x00, },
{0x00, 0x00, 0x00, 0x00, 0x00, 0x00, 0x00, 0x00, 0x00, 0x00, 0x00, 0x00, 0x60, 0x60, 0x00, 0x00, },
{0x00, 0x00, 0x00, 0x00, 0x00, 0x00, 0x00, 0x00, 0x00, 0x00, 0x00, 0x00, 0x3f, 0xc0, 0x00, 0x00, },
{0x00, 0x00, 0x00, 0x00, 0x00, 0x00, 0x00, 0x00, 0x00, 0x00, 0x00, 0x00, 0x00, 0x00, 0x00, 0x00, },
{0x00, 0x00, 0x00, 0x00, 0x00, 0x00, 0x00, 0x00, 0x00, 0x00, 0x00, 0x00, 0x00, 0x00, 0x00, 0x00, },
{0x00, 0x00, 0x00, 0x00, 0x00, 0x00, 0x00, 0x00, 0x00, 0x00, 0x00, 0x00, 0x00, 0x00, 0x00, 0x00, },
{0x00, 0x00, 0x00, 0x00, 0x00, 0x00, 0x00, 0x00, 0x00, 0x00, 0x00, 0x00, 0x00, 0x00, 0x00, 0x00, },
{0x00, 0x00, 0x00, 0x00, 0x00, 0x00, 0x00, 0x00, 0x00, 0x00, 0x00, 0x00, 0x00, 0x00, 0x00, 0x00, },
{0x00, 0x00, 0x00, 0x00, 0x00, 0x00, 0x00, 0x00, 0x00, 0x00, 0x00, 0x00, 0x00, 0x00, 0x00, 0x00, },
{0x00, 0x00, 0x00, 0x00, 0x00, 0x00, 0x00, 0x00, 0x00, 0x00, 0x00, 0x00, 0x00, 0x00, 0x00, 0x00, },
{0x00, 0x00, 0x00, 0x00, 0x00, 0x00, 0x00, 0x00, 0x00, 0x00, 0x00, 0x00, 0x00, 0x00, 0x00, 0x00, },
{0x00, 0x00, 0x00, 0x00, 0x00, 0x00, 0x00, 0x00, 0x00, 0x00, 0x00, 0x00, 0x00, 0x00, 0x00, 0x00, },
{0x00, 0x00, 0x00, 0x00, 0x00, 0x00, 0x00, 0x00, 0x00, 0x00, 0x00, 0x00, 0x00, 0x00, 0x00, 0x00, },
{0x00, 0x00, 0x00, 0x00, 0x00, 0x00, 0x00, 0x00, 0x00, 0x00, 0x00, 0x00, 0x00, 0x00, 0x00, 0x00, },
{0x00, 0x00, 0x00, 0x00, 0x00, 0x00, 0x00, 0x00, 0x00, 0x00, 0x00, 0x00, 0x00, 0x00, 0x00, 0x00, },
{0x00, 0x00, 0x00, 0x00, 0x00, 0x00, 0x00, 0x00, 0x00, 0x00, 0x00, 0x00, 0x00, 0x00, 0x00, 0x00, },
{0x00, 0x00, 0x00, 0x00, 0x00, 0x00, 0x00, 0x00, 0x00, 0x00, 0x00, 0x00, 0x00, 0x00, 0x00, 0x00, },
{0x00, 0x00, 0x00, 0x00, 0x00, 0x00, 0x00, 0x00, 0x00, 0x00, 0x00, 0x00, 0x00, 0x00, 0x00, 0x00, },
{0x00, 0x00, 0x00, 0x00, 0x00, 0x00, 0x00, 0x00, 0x00, 0x00, 0x00, 0x00, 0x00, 0x00, 0x00, 0x00, },
{0x00, 0x00, 0x00, 0x00, 0x00, 0x00, 0x00, 0x00, 0x00, 0x00, 0x00, 0x00, 0x00, 0x00, 0x00, 0x00, },
{0x00, 0x00, 0x00, 0x00, 0x00, 0x00, 0x00, 0x00, 0x00, 0x00, 0x00, 0x00, 0x00, 0x00, 0x00, 0x00, },
{0x00, 0x00, 0x00, 0x00, 0x00, 0x00, 0x00, 0x00, 0x00, 0x00, 0x00, 0x00, 0x00, 0x00, 0x00, 0x00, },
{0x00, 0x00, 0x00, 0x00, 0x00, 0x00, 0x00, 0x00, 0x00, 0x00, 0x00, 0x00, 0x00, 0x00, 0x00, 0x00, },
{0x00, 0x00, 0x00, 0x00, 0x00, 0x00, 0x00, 0x00, 0x00, 0x00, 0x00, 0x00, 0x00, 0x00, 0x00, 0x00, },
{0x00, 0x00, 0x00, 0x00, 0x00, 0x00, 0x00, 0x00, 0x00, 0x00, 0x00, 0x00, 0x00, 0x00, 0x00, 0x00, },
{0x00, 0x00, 0x00, 0x00, 0x00, 0x00, 0x00, 0x00, 0x00, 0x00, 0x00, 0x00, 0x00, 0x00, 0x00, 0x00, },
{0x00, 0x00, 0x00, 0x00, 0x00, 0x00, 0x00, 0x00, 0x00, 0x00, 0x00, 0x00, 0x00, 0x00, 0x00, 0x00, },
};/*red layer yangwen*/

const unsigned char img_config_black[250][16] ICACHE_RODATA_ATTR = { /*Black layer inscription settings interface*/
{0xff, 0xff, 0xff, 0xff, 0xff, 0xff, 0xff, 0xff, 0xff, 0xff, 0xff, 0xff, 0xff, 0xff, 0xff, 0xff, },
{0xff, 0xff, 0xff, 0xff, 0xff, 0xff, 0xff, 0xff, 0xff, 0xff, 0xff, 0xff, 0xff, 0xff, 0xff, 0xff, },
{0xff, 0xff, 0xff, 0xff, 0xff, 0xff, 0xff, 0xff, 0xff, 0xff, 0xff, 0xff, 0xff, 0xff, 0xff, 0xff, },
{0xff, 0xff, 0xff, 0xff, 0xff, 0xff, 0xff, 0xff, 0xff, 0xff, 0xff, 0xff, 0xff, 0xff, 0xff, 0xff, },
{0xff, 0xff, 0xff, 0xff, 0xff, 0xff, 0xff, 0xff, 0xff, 0xff, 0xff, 0xff, 0xff, 0xff, 0xff, 0xff, },
{0xff, 0xff, 0xff, 0xff, 0xff, 0xff, 0xff, 0xff, 0xff, 0xff, 0xff, 0xff, 0xff, 0xff, 0xff, 0xff, },
{0xff, 0xff, 0xff, 0xff, 0xff, 0xff, 0xff, 0xff, 0xff, 0xff, 0xff, 0xff, 0xff, 0xff, 0xff, 0xff, },
{0xff, 0xff, 0xff, 0xff, 0xff, 0xff, 0xff, 0xff, 0xff, 0xff, 0xff, 0xff, 0xff, 0xff, 0xff, 0xff, },
{0xff, 0xff, 0xff, 0xff, 0xff, 0xff, 0xff, 0xff, 0xff, 0xff, 0xff, 0xff, 0xff, 0xff, 0xff, 0xff, },
{0xff, 0xff, 0xff, 0xff, 0xff, 0xff, 0xff, 0xff, 0xff, 0xff, 0xff, 0xff, 0xff, 0xff, 0xff, 0xff, },
{0xff, 0xff, 0xff, 0xff, 0xff, 0xff, 0xff, 0xff, 0xff, 0xff, 0xff, 0xff, 0xff, 0xff, 0xff, 0xff, },
{0xff, 0xff, 0xff, 0xff, 0xff, 0xff, 0xff, 0xff, 0xff, 0xff, 0xff, 0xff, 0xff, 0xff, 0xff, 0xff, },
{0xff, 0xff, 0xff, 0xff, 0xff, 0xff, 0xff, 0xff, 0xff, 0xff, 0xff, 0xff, 0xff, 0xff, 0xff, 0xff, },
{0xff, 0xff, 0xff, 0xff, 0xff, 0xff, 0xff, 0xff, 0xff, 0xff, 0xff, 0xff, 0xff, 0xff, 0xff, 0xff, },
{0xff, 0xff, 0xff, 0xff, 0xff, 0xff, 0xff, 0xff, 0xff, 0xff, 0xff, 0xff, 0xff, 0xff, 0xff, 0xff, },
{0xff, 0xff, 0xff, 0xff, 0xff, 0xff, 0xff, 0xff, 0xff, 0xff, 0xff, 0xff, 0xff, 0xff, 0xff, 0xff, },
{0xff, 0xff, 0xff, 0xff, 0xff, 0xf8, 0x70, 0xff, 0xff, 0xf8, 0xf1, 0xff, 0xff, 0xff, 0xff, 0xff, },
{0xff, 0xff, 0xff, 0xff, 0xff, 0xf8, 0x70, 0xff, 0xff, 0xf8, 0xf1, 0xff, 0xff, 0xff, 0xff, 0xff, },
{0xff, 0xff, 0xff, 0xff, 0xff, 0xf8, 0x70, 0xff, 0xff, 0xf8, 0xf1, 0xff, 0xff, 0xff, 0xff, 0xff, },
{0xff, 0xff, 0xff, 0xff, 0xff, 0xf8, 0x70, 0xff, 0xff, 0xf8, 0xf1, 0xff, 0xff, 0xff, 0xff, 0xff, },
{0xff, 0xff, 0xff, 0xff, 0xfc, 0x00, 0x70, 0x01, 0xff, 0xf8, 0x01, 0xff, 0xc0, 0x7f, 0xff, 0xff, },
{0xff, 0xff, 0xff, 0xff, 0xfc, 0x00, 0x70, 0x01, 0xff, 0xf8, 0x01, 0xff, 0xc0, 0x7f, 0xff, 0xff, },
{0xff, 0xff, 0xff, 0xff, 0xfc, 0x00, 0x70, 0x01, 0xff, 0xf8, 0x01, 0xff, 0xc0, 0x7f, 0xff, 0xff, },
{0xff, 0xff, 0xff, 0xff, 0xfc, 0x07, 0x80, 0xff, 0xff, 0x80, 0xf1, 0xfc, 0x3f, 0xff, 0xff, 0xff, },
{0xff, 0xff, 0xff, 0xff, 0xfc, 0x07, 0x80, 0xff, 0xff, 0x80, 0xf1, 0xfc, 0x3f, 0xff, 0xff, 0xff, },
{0xff, 0xff, 0xff, 0xff, 0xfc, 0x07, 0x80, 0xff, 0xff, 0x80, 0xf1, 0xfc, 0x3f, 0xff, 0xff, 0xff, },
{0xff, 0xff, 0xff, 0xff, 0xfc, 0x07, 0x80, 0xff, 0xff, 0x80, 0xf1, 0xfc, 0x3f, 0xff, 0xff, 0xff, },
{0xff, 0xff, 0xff, 0xff, 0xe0, 0x00, 0x7f, 0xff, 0xc3, 0xff, 0xfe, 0x1c, 0x3f, 0xff, 0xff, 0xff, },
{0xff, 0xff, 0xff, 0xff, 0xe0, 0x00, 0x7f, 0xff, 0xc3, 0xff, 0xfe, 0x1c, 0x3f, 0xff, 0xff, 0xff, },
{0xff, 0xff, 0xff, 0xff, 0xe0, 0x00, 0x7f, 0xff, 0xc3, 0xff, 0xfe, 0x1c, 0x3f, 0xff, 0xff, 0xff, },
{0xff, 0xff, 0xff, 0xff, 0xfc, 0x3f, 0xff, 0xff, 0xc3, 0x80, 0x00, 0x00, 0x3f, 0xf8, 0x07, 0xff, },
{0xff, 0xff, 0xff, 0xff, 0xfc, 0x3f, 0xff, 0xff, 0xc3, 0x80, 0x00, 0x00, 0x3f, 0xff, 0xff, 0xff, },
{0xff, 0xff, 0xff, 0xff, 0xfc, 0x3f, 0xff, 0xff, 0xc3, 0x80, 0x00, 0x00, 0x3f, 0xff, 0xff, 0xff, },
{0xff, 0xff, 0xff, 0xff, 0xfc, 0x3f, 0xff, 0xff, 0xc3, 0x80, 0x00, 0x00, 0x3f, 0xff, 0x07, 0xff, },
{0xff, 0xff, 0xff, 0xfe, 0x00, 0x07, 0xff, 0x1e, 0x00, 0x07, 0xfe, 0x03, 0xc7, 0xff, 0x57, 0xff, },
{0xff, 0xff, 0xff, 0xfe, 0x00, 0x07, 0xff, 0x1e, 0x00, 0x07, 0xfe, 0x03, 0xc7, 0xff, 0x57, 0xff, },
{0xff, 0xff, 0xff, 0xfe, 0x00, 0x07, 0xff, 0x1e, 0x00, 0x07, 0xfe, 0x03, 0xc7, 0xff, 0x57, 0xff, },
{0xff, 0xff, 0xff, 0xff, 0xe0, 0x00, 0x70, 0x1e, 0x3c, 0x07, 0x0e, 0x03, 0xc7, 0xff, 0xe7, 0xff, },
{0xff, 0xff, 0xff, 0xff, 0xe0, 0x00, 0x70, 0x1e, 0x3c, 0x07, 0x0e, 0x03, 0xc7, 0xff, 0xff, 0xff, },
{0xff, 0xff, 0xff, 0xff, 0xe0, 0x00, 0x70, 0x1e, 0x3c, 0x07, 0x0e, 0x03, 0xc7, 0xfd, 0x87, 0xff, },
{0xff, 0xff, 0xff, 0xff, 0xe0, 0x00, 0x70, 0x1e, 0x3c, 0x07, 0x0e, 0x03, 0xc7, 0xff, 0xff, 0xff, },
{0xff, 0xff, 0xff, 0xfe, 0x00, 0x00, 0x0f, 0x00, 0x3f, 0x87, 0xfe, 0x1f, 0xff, 0xfe, 0xff, 0xff, },
{0xff, 0xff, 0xff, 0xfe, 0x00, 0x00, 0x0f, 0x00, 0x3f, 0x87, 0xfe, 0x1f, 0xff, 0xfe, 0xff, 0xff, },
{0xff, 0xff, 0xff, 0xfe, 0x00, 0x00, 0x0f, 0x00, 0x3f, 0x87, 0xfe, 0x1f, 0xff, 0xff, 0x7f, 0xff, },
{0xff, 0xc3, 0x87, 0x0f, 0xe0, 0x38, 0x00, 0xe1, 0xff, 0x80, 0x00, 0x1c, 0x00, 0x7e, 0x07, 0xff, },
{0xff, 0xc3, 0x87, 0x0f, 0xe0, 0x38, 0x00, 0xe1, 0xff, 0x80, 0x00, 0x1c, 0x00, 0x7f, 0xff, 0xff, },
{0xff, 0xc3, 0x87, 0x0f, 0xe0, 0x38, 0x00, 0xe1, 0xff, 0x80, 0x00, 0x1c, 0x00, 0x7f, 0x8f, 0xff, },
{0xff, 0xc3, 0x87, 0x0f, 0xe0, 0x38, 0x00, 0xe1, 0xff, 0x80, 0x00, 0x1c, 0x00, 0x7f, 0x77, 0xff, },
{0xe1, 0xc3, 0xf8, 0xfe, 0x1c, 0x00, 0x0f, 0x1f, 0xfc, 0x78, 0xff, 0xe3, 0xc7, 0xff, 0x77, 0xff, },
{0xe1, 0xc3, 0xf8, 0xfe, 0x1c, 0x00, 0x0f, 0x1f, 0xfc, 0x78, 0xff, 0xe3, 0xc7, 0xff, 0x77, 0xff, },
{0xe1, 0xc3, 0xf8, 0xfe, 0x1c, 0x00, 0x0f, 0x1f, 0xfc, 0x78, 0xff, 0xe3, 0xc7, 0xff, 0x8f, 0xff, },
{0xe1, 0xfc, 0x00, 0x01, 0xff, 0xc0, 0x7f, 0x00, 0x03, 0x87, 0x0f, 0xe3, 0xc0, 0x7f, 0xff, 0xff, },
{0xe1, 0xfc, 0x00, 0x01, 0xff, 0xc0, 0x7f, 0x00, 0x03, 0x87, 0x0f, 0xe3, 0xc0, 0x7f, 0xff, 0xff, },
{0xe1, 0xfc, 0x00, 0x01, 0xff, 0xc0, 0x7f, 0x00, 0x03, 0x87, 0x0f, 0xe3, 0xc0, 0x7f, 0x77, 0xff, },
{0xe1, 0xfc, 0x00, 0x01, 0xff, 0xc0, 0x7f, 0xe0, 0x03, 0x87, 0x0f, 0xe3, 0xc0, 0x7f, 0x77, 0xff, },
{0xff, 0xff, 0x80, 0xf1, 0xff, 0xf9, 0xff, 0xff, 0xfc, 0x7f, 0xfe, 0x00, 0x00, 0x7e, 0x07, 0xff, },
{0xff, 0xff, 0x80, 0xf1, 0xff, 0xff, 0xff, 0xff, 0xfc, 0x7f, 0xfe, 0x00, 0x00, 0x7f, 0x7f, 0xff, },
{0xff, 0xff, 0x80, 0xf1, 0xff, 0xff, 0xff, 0xff, 0xfc, 0x7f, 0xfe, 0x00, 0x00, 0x7f, 0xff, 0xff, },
{0xff, 0xff, 0x87, 0xff, 0xfc, 0x3f, 0xff, 0xff, 0xff, 0x87, 0xf1, 0xff, 0xc7, 0xfe, 0x07, 0xff, },
{0xff, 0xff, 0x87, 0xff, 0xfc, 0x3f, 0xff, 0xff, 0xff, 0x87, 0xf1, 0xff, 0xc7, 0xff, 0xf7, 0xff, },
{0xff, 0xff, 0x87, 0xff, 0xfc, 0x3f, 0xff, 0xff, 0xff, 0x87, 0xf1, 0xff, 0xc7, 0xff, 0xf7, 0xff, },
{0xff, 0xff, 0x87, 0xff, 0xfc, 0x3f, 0xff, 0xff, 0xff, 0x87, 0xf1, 0xff, 0xc7, 0xff, 0xf7, 0xff, },
{0xfe, 0x3c, 0x7f, 0xfe, 0x03, 0xff, 0xf9, 0x9f, 0xff, 0xf8, 0x0f, 0xfc, 0x00, 0x7e, 0x07, 0xff, },
{0xfe, 0x3c, 0x7f, 0xfe, 0x03, 0xff, 0xf7, 0x6f, 0xff, 0xf8, 0x0f, 0xfc, 0x00, 0x7f, 0xff, 0xff, },
{0xfe, 0x3c, 0x7f, 0xfe, 0x03, 0xff, 0xf6, 0xef, 0xff, 0xf8, 0x0f, 0xfc, 0x00, 0x7b, 0xff, 0xff, },
{0xfe, 0x3c, 0x00, 0x01, 0xe3, 0xff, 0xf9, 0x9f, 0xff, 0x87, 0x0f, 0xff, 0xc7, 0xfb, 0xff, 0xff, },
{0xfe, 0x3c, 0x00, 0x01, 0xe3, 0xff, 0xff, 0xff, 0xff, 0x87, 0x0f, 0xff, 0xc7, 0xfb, 0xff, 0xff, },
{0xfe, 0x3c, 0x00, 0x01, 0xe3, 0xff, 0xf3, 0xff, 0xff, 0x87, 0x0f, 0xff, 0xc7, 0xf8, 0x07, 0xff, },
{0xfe, 0x3c, 0x00, 0x01, 0xe3, 0xff, 0xfd, 0xff, 0xff, 0x87, 0x0f, 0xff, 0xc7, 0xfb, 0xff, 0xff, },
{0xe0, 0x00, 0x00, 0xff, 0xff, 0xff, 0xfe, 0x0f, 0xe0, 0x78, 0x01, 0xfc, 0x07, 0xfb, 0xff, 0xff, },
{0xe0, 0x00, 0x00, 0xff, 0xff, 0xff, 0xfd, 0xff, 0xe0, 0x78, 0x01, 0xfc, 0x07, 0xfb, 0xff, 0xff, },
{0xe0, 0x00, 0x00, 0xff, 0xff, 0xff, 0xf3, 0xff, 0xe0, 0x78, 0x01, 0xfc, 0x07, 0xff, 0xff, 0xff, },
{0xe1, 0xfc, 0x7f, 0xfe, 0x03, 0xff, 0xff, 0xff, 0xff, 0x87, 0x0f, 0xe3, 0xc7, 0xff, 0xff, 0xff, },
{0xe1, 0xfc, 0x7f, 0xfe, 0x03, 0xff, 0xff, 0xff, 0xff, 0x87, 0x0f, 0xe3, 0xc7, 0xff, 0xff, 0xff, },
{0xe1, 0xfc, 0x7f, 0xfe, 0x03, 0xff, 0xff, 0xff, 0xff, 0x87, 0x0f, 0xe3, 0xc7, 0xff, 0xff, 0xff, },
{0xe1, 0xfc, 0x7f, 0xfe, 0x03, 0xff, 0xff, 0xff, 0xff, 0x87, 0x0f, 0xe3, 0xc7, 0xff, 0xff, 0xff, },
{0xff, 0xc3, 0xf8, 0xff, 0xff, 0xff, 0xff, 0xff, 0xff, 0x80, 0xf1, 0xff, 0xc7, 0xff, 0x8f, 0xff, },
{0xff, 0xc3, 0xf8, 0xff, 0xff, 0xff, 0xff, 0xff, 0xff, 0x80, 0xf1, 0xff, 0xc7, 0xff, 0x77, 0xff, },
{0xff, 0xc3, 0xf8, 0xff, 0xff, 0xff, 0xff, 0xff, 0xff, 0x80, 0xf1, 0xff, 0xc7, 0xff, 0x77, 0xff, },
{0xff, 0xff, 0xff, 0x0f, 0xe0, 0x3f, 0xff, 0xff, 0xff, 0x87, 0x0e, 0x1c, 0x00, 0x7f, 0x77, 0xff, },
{0xff, 0xff, 0xff, 0x0f, 0xe0, 0x3f, 0xff, 0x1f, 0xff, 0x87, 0x0e, 0x1c, 0x00, 0x7f, 0x8f, 0xff, },
{0xff, 0xff, 0xff, 0x0f, 0xe0, 0x3f, 0xff, 0x1f, 0xff, 0x87, 0x0e, 0x1c, 0x00, 0x7f, 0xff, 0xff, },
{0xff, 0xff, 0xff, 0x0f, 0xe0, 0x3f, 0xff, 0x1f, 0xff, 0x87, 0x0e, 0x1c, 0x00, 0x7f, 0xff, 0xff, },
{0xff, 0xc0, 0x07, 0xfe, 0x00, 0x07, 0xf0, 0x00, 0x00, 0x07, 0xf0, 0x00, 0x38, 0x7f, 0x2f, 0xff, },
{0xff, 0xc0, 0x07, 0xfe, 0x00, 0x07, 0xf0, 0x00, 0x00, 0x07, 0xf0, 0x00, 0x38, 0x7e, 0xb7, 0xff, },
{0xff, 0xc0, 0x07, 0xfe, 0x00, 0x07, 0xf0, 0x00, 0x00, 0x07, 0xf0, 0x00, 0x38, 0x7e, 0xb7, 0xff, },
{0xff, 0xff, 0xf8, 0x0e, 0x1f, 0xc7, 0xff, 0xe0, 0x00, 0x78, 0xf1, 0xe3, 0xf8, 0x7e, 0xb7, 0xff, },
{0xff, 0xff, 0xf8, 0x0e, 0x1f, 0xc7, 0xff, 0xe0, 0x00, 0x78, 0xf1, 0xe3, 0xf8, 0x7f, 0x0f, 0xff, },
{0xff, 0xff, 0xf8, 0x0e, 0x1f, 0xc7, 0xff, 0xe0, 0x00, 0x78, 0xf1, 0xe3, 0xf8, 0x7f, 0xff, 0xff, },
{0xff, 0xff, 0xf8, 0x0e, 0x1f, 0xc7, 0xff, 0xe0, 0x00, 0x78, 0xf1, 0xe3, 0xf8, 0x7f, 0xff, 0xff, },
{0xff, 0xff, 0xff, 0xff, 0xfc, 0x3f, 0xff, 0xfe, 0x3c, 0x7f, 0xff, 0xff, 0xff, 0xf8, 0x0f, 0xff, },
{0xff, 0xff, 0xff, 0xff, 0xfc, 0x3f, 0xff, 0xfe, 0x3c, 0x7f, 0xff, 0xff, 0xff, 0xff, 0x77, 0xff, },
{0xff, 0xff, 0xff, 0xff, 0xfc, 0x3f, 0xff, 0xfe, 0x3c, 0x7f, 0xff, 0xff, 0xff, 0xff, 0x77, 0xff, },
{0xff, 0xff, 0xff, 0xfe, 0x1c, 0x3f, 0xff, 0xe1, 0xc3, 0x87, 0xff, 0xff, 0xff, 0xff, 0x77, 0xff, },
{0xff, 0xff, 0xff, 0xfe, 0x1c, 0x3f, 0xff, 0xe1, 0xc3, 0x87, 0xff, 0xff, 0xff, 0xff, 0x8f, 0xff, },
{0xff, 0xff, 0xff, 0xfe, 0x1c, 0x3f, 0xff, 0xe1, 0xc3, 0x87, 0xff, 0xff, 0xff, 0xff, 0xff, 0xff, },
{0xff, 0xff, 0xff, 0xfe, 0x1c, 0x3f, 0xff, 0xe1, 0xc3, 0x87, 0xff, 0xff, 0xff, 0xff, 0xff, 0xff, },
{0xff, 0xff, 0xff, 0xfe, 0x1f, 0xff, 0xff, 0xe1, 0xc0, 0x07, 0xff, 0xff, 0xff, 0xfb, 0x07, 0xff, },
{0xff, 0xff, 0xff, 0xfe, 0x1f, 0xff, 0xff, 0xe1, 0xc0, 0x07, 0xff, 0xff, 0xff, 0xff, 0xff, 0xff, },
{0xff, 0xff, 0xff, 0xfe, 0x1f, 0xff, 0xff, 0xe1, 0xc0, 0x07, 0xff, 0xff, 0xff, 0xf8, 0xff, 0xff, },
{0xff, 0xff, 0xff, 0xff, 0xfc, 0x3f, 0xff, 0x01, 0xc3, 0x87, 0xff, 0xff, 0xff, 0xfe, 0x1f, 0xff, },
{0xff, 0xff, 0xff, 0xff, 0xfc, 0x3f, 0xff, 0x01, 0xc3, 0x87, 0xff, 0xff, 0xff, 0xff, 0xe7, 0xff, },
{0xff, 0xff, 0xff, 0xff, 0xfc, 0x3f, 0xff, 0x01, 0xc3, 0x87, 0xff, 0xff, 0xff, 0xff, 0xe7, 0xff, },
{0xff, 0xff, 0xff, 0xff, 0xfc, 0x3f, 0xff, 0x01, 0xc3, 0x87, 0xff, 0xff, 0xff, 0xfe, 0x1f, 0xff, },
{0xff, 0xff, 0xff, 0xfe, 0x1c, 0x07, 0xff, 0x01, 0xc0, 0x07, 0xff, 0xff, 0xff, 0xf8, 0xff, 0xff, },
{0xff, 0xff, 0xff, 0xfe, 0x1c, 0x07, 0xff, 0x01, 0xc0, 0x07, 0xff, 0xff, 0xff, 0xff, 0xff, 0xff, },
{0xff, 0xff, 0xff, 0xfe, 0x1c, 0x07, 0xff, 0x01, 0xc0, 0x07, 0xff, 0xff, 0xff, 0xff, 0xff, 0xff, },
{0xff, 0xff, 0xff, 0xff, 0xe0, 0x3f, 0xf0, 0xe1, 0xc3, 0x87, 0xff, 0xff, 0xff, 0xff, 0xff, 0xff, },
{0xff, 0xff, 0xff, 0xff, 0xe0, 0x3f, 0xf0, 0xe1, 0xc3, 0x87, 0xff, 0xff, 0xff, 0xff, 0xff, 0xff, },
{0xff, 0xff, 0xff, 0xff, 0xe0, 0x3f, 0xf0, 0xe1, 0xc3, 0x87, 0xff, 0xff, 0xff, 0xff, 0xff, 0xff, },
{0xff, 0xff, 0xff, 0xff, 0xe0, 0x3f, 0xf0, 0xe1, 0xc3, 0x87, 0xff, 0xff, 0xff, 0xff, 0xff, 0xff, },
{0xff, 0xff, 0xff, 0xff, 0xff, 0xc7, 0x8f, 0xe0, 0x3f, 0xff, 0xff, 0xff, 0xff, 0xff, 0xff, 0xff, },
{0xff, 0xff, 0xff, 0xff, 0xff, 0xc7, 0x8f, 0xe0, 0x3f, 0xff, 0xff, 0xff, 0xff, 0xff, 0xff, 0xff, },
{0xff, 0xff, 0xff, 0xff, 0xff, 0xc7, 0x8f, 0xe0, 0x3f, 0xff, 0xff, 0xff, 0xff, 0xff, 0xff, 0xff, },
{0xff, 0xff, 0xff, 0xfe, 0x03, 0xc0, 0x7f, 0x01, 0xff, 0x87, 0xff, 0xff, 0xff, 0xff, 0xff, 0xff, },
{0xff, 0xff, 0xff, 0xfe, 0x03, 0xc0, 0x7f, 0x01, 0xff, 0x87, 0xff, 0xff, 0xff, 0xff, 0xff, 0xff, },
{0xff, 0xff, 0xff, 0xfe, 0x03, 0xc0, 0x7f, 0x01, 0xff, 0x87, 0xff, 0xff, 0xff, 0xff, 0xff, 0xff, },
{0xff, 0xff, 0xff, 0xfe, 0x03, 0xc0, 0x7f, 0x01, 0xff, 0x87, 0xff, 0xff, 0xff, 0xff, 0xff, 0xff, },
{0xff, 0xff, 0xff, 0xff, 0xff, 0xff, 0xff, 0xff, 0xff, 0xff, 0xff, 0xff, 0xff, 0xff, 0xff, 0xff, },
{0xff, 0xff, 0xff, 0xff, 0xff, 0xff, 0xff, 0xff, 0xff, 0xff, 0xff, 0xff, 0xff, 0xff, 0xff, 0xff, },
{0xff, 0xff, 0xff, 0xff, 0xff, 0xff, 0xff, 0xff, 0xff, 0xff, 0xff, 0xff, 0xff, 0xff, 0xff, 0xff, },
{0xff, 0xff, 0xff, 0xff, 0xff, 0xff, 0xff, 0xff, 0xff, 0xff, 0xff, 0xff, 0xff, 0xff, 0xff, 0xff, },
{0xff, 0xff, 0xff, 0xff, 0xff, 0xff, 0xff, 0xff, 0xff, 0xff, 0xff, 0xff, 0xff, 0xff, 0xff, 0xff, },
{0xff, 0xff, 0xff, 0xff, 0xff, 0xff, 0xff, 0xff, 0xff, 0xff, 0xff, 0xff, 0xff, 0xff, 0xff, 0xff, },
{0xff, 0xff, 0xff, 0xff, 0xff, 0xff, 0xff, 0xff, 0xff, 0xff, 0xff, 0xff, 0xff, 0xff, 0xff, 0xff, },
{0xff, 0xff, 0xff, 0xff, 0xff, 0xff, 0xff, 0xff, 0xff, 0xff, 0xff, 0xff, 0xff, 0xff, 0xff, 0xff, },
{0xff, 0xff, 0xff, 0xff, 0xff, 0xff, 0xff, 0xff, 0xff, 0xff, 0xff, 0xff, 0xff, 0xff, 0xff, 0xff, },
{0xff, 0xff, 0xff, 0xff, 0xff, 0xff, 0xff, 0xff, 0xff, 0xff, 0xff, 0xff, 0xff, 0xff, 0xff, 0xff, },
{0xff, 0xff, 0xff, 0xff, 0xff, 0xff, 0xff, 0xff, 0xff, 0xff, 0xff, 0xff, 0xff, 0xff, 0xff, 0xff, },
{0xff, 0xff, 0xff, 0xff, 0xff, 0xff, 0xff, 0xff, 0xff, 0xff, 0xff, 0xff, 0xff, 0xff, 0xff, 0xff, },
{0xff, 0xff, 0xff, 0xff, 0xff, 0xff, 0xff, 0xff, 0xff, 0xff, 0xff, 0xff, 0xff, 0xff, 0xff, 0xff, },
{0xff, 0xff, 0xff, 0xff, 0xff, 0xff, 0xff, 0xff, 0xff, 0xff, 0xff, 0xff, 0xff, 0xff, 0xff, 0xff, },
{0xff, 0xff, 0xff, 0xff, 0xff, 0xff, 0xff, 0xff, 0xff, 0xff, 0xff, 0xff, 0xff, 0xff, 0xff, 0xff, },
{0xff, 0xff, 0xff, 0xff, 0xff, 0xff, 0xff, 0xff, 0xff, 0xff, 0xff, 0xff, 0xff, 0xff, 0xff, 0xff, },
{0xff, 0xff, 0xff, 0xff, 0xff, 0xff, 0xff, 0xff, 0xff, 0xff, 0xff, 0xff, 0xff, 0xff, 0xff, 0xff, },
{0xff, 0xff, 0xff, 0xff, 0xff, 0xff, 0xff, 0xff, 0xff, 0xff, 0xff, 0xff, 0xff, 0xff, 0xff, 0xff, },
{0xff, 0xff, 0xff, 0xff, 0xff, 0xff, 0xff, 0xff, 0xff, 0xff, 0xff, 0xff, 0xff, 0xff, 0xff, 0xff, },
{0xff, 0xff, 0xff, 0xff, 0xff, 0xff, 0xff, 0xff, 0xff, 0xff, 0xff, 0xff, 0xff, 0xff, 0xff, 0xff, },
{0xff, 0xff, 0xff, 0xff, 0xff, 0xff, 0xff, 0xff, 0xff, 0xff, 0xff, 0xff, 0xff, 0xff, 0xf7, 0xff, },
{0xff, 0xff, 0xff, 0xff, 0xff, 0xff, 0xff, 0xff, 0xff, 0xff, 0xff, 0xff, 0xff, 0xff, 0xff, 0xff, },
{0xff, 0xff, 0xff, 0xff, 0xff, 0xff, 0xff, 0xff, 0xff, 0xff, 0xff, 0xff, 0xff, 0xff, 0xf7, 0xff, },
{0xff, 0xff, 0xff, 0xff, 0xff, 0xff, 0xff, 0xff, 0xff, 0xff, 0xff, 0xff, 0xff, 0xff, 0xff, 0xff, },
{0xff, 0xff, 0xff, 0xff, 0xff, 0xff, 0xff, 0xff, 0xff, 0xff, 0xff, 0xff, 0xff, 0xff, 0xf7, 0xff, },
{0xff, 0xff, 0xff, 0xcf, 0xff, 0xff, 0xff, 0xff, 0xff, 0xff, 0xff, 0xff, 0xff, 0xff, 0xff, 0xff, },
{0xff, 0xff, 0xff, 0x03, 0xff, 0xff, 0xff, 0xff, 0xff, 0xff, 0xff, 0xff, 0xff, 0xff, 0x03, 0xff, },
{0xff, 0xff, 0xfe, 0x01, 0xff, 0xff, 0xff, 0xc7, 0x0f, 0xf8, 0xff, 0xff, 0xff, 0xff, 0x75, 0xff, },
{0xff, 0xff, 0xfe, 0x01, 0xff, 0xff, 0xff, 0xc7, 0x0f, 0xf8, 0xff, 0xff, 0xff, 0xff, 0x75, 0xff, },
{0xff, 0xff, 0xfc, 0x00, 0xff, 0xff, 0xff, 0xc7, 0x0f, 0xf8, 0xff, 0xff, 0xff, 0xff, 0x8d, 0xff, },
{0xff, 0xff, 0xfc, 0x00, 0xff, 0xff, 0xff, 0xc7, 0x0f, 0xff, 0xff, 0xff, 0xff, 0xff, 0xff, 0xff, },
{0xff, 0xff, 0xfc, 0x00, 0xff, 0xff, 0xff, 0xc7, 0x0f, 0xff, 0xff, 0xff, 0xff, 0xff, 0xff, 0xff, },
{0xff, 0xff, 0xfc, 0x00, 0xff, 0xff, 0xff, 0xc7, 0x0f, 0xff, 0xff, 0xff, 0xff, 0xfb, 0x07, 0xff, },
{0xff, 0xff, 0xfc, 0x00, 0xff, 0xff, 0xff, 0xc7, 0x0f, 0xff, 0xff, 0xff, 0xff, 0xff, 0xff, 0xff, },
{0xff, 0xff, 0xfc, 0x00, 0xff, 0xff, 0xff, 0xc7, 0x0f, 0xff, 0xff, 0xff, 0xff, 0xfb, 0x7f, 0xff, },
{0xff, 0xff, 0xfc, 0x00, 0xff, 0xff, 0xff, 0xc7, 0x0f, 0xff, 0xff, 0xff, 0xff, 0xf8, 0x07, 0xff, },
{0xff, 0xff, 0xfc, 0x00, 0xff, 0xff, 0xff, 0xc7, 0x0f, 0xff, 0xff, 0xff, 0xff, 0xff, 0x7f, 0xff, },
{0xff, 0xff, 0xfc, 0x00, 0xff, 0xff, 0xff, 0xc7, 0x0f, 0xff, 0xff, 0xff, 0xff, 0xff, 0xff, 0xff, },
{0xff, 0xff, 0xfc, 0x00, 0xff, 0xff, 0xff, 0xc7, 0x0f, 0xff, 0xff, 0xff, 0xff, 0xff, 0x07, 0xff, },
{0xff, 0xff, 0xfc, 0x00, 0xff, 0xff, 0xff, 0xc7, 0x0e, 0x38, 0xff, 0xff, 0xff, 0xff, 0x7f, 0xff, },
{0xff, 0xff, 0xfc, 0x00, 0xff, 0xff, 0xff, 0xc7, 0x0e, 0x38, 0xff, 0xff, 0xff, 0xff, 0x7f, 0xff, },
{0xff, 0xff, 0xfc, 0x00, 0xff, 0xff, 0xff, 0xc7, 0x0e, 0x38, 0xff, 0xff, 0xff, 0xff, 0x07, 0xff, },
{0xff, 0xff, 0xfc, 0x00, 0xff, 0xff, 0xff, 0xc7, 0x0e, 0x3f, 0xff, 0xff, 0xff, 0xff, 0xff, 0xff, },
{0xff, 0xff, 0xfc, 0x00, 0xff, 0xff, 0xff, 0xc7, 0x0e, 0x3f, 0xff, 0xff, 0xff, 0xff, 0x8f, 0xff, },
{0xff, 0xff, 0xfc, 0x00, 0xff, 0xff, 0xff, 0xc7, 0x0e, 0x3f, 0xff, 0xff, 0xff, 0xff, 0x77, 0xff, },
{0xff, 0xff, 0xfc, 0x00, 0xff, 0xff, 0xff, 0xff, 0x0e, 0x38, 0xff, 0xff, 0xff, 0xff, 0x77, 0xff, },
{0xff, 0xff, 0xfc, 0x00, 0xff, 0xff, 0xff, 0xff, 0x0e, 0x38, 0xff, 0xff, 0xff, 0xff, 0x77, 0xff, },
{0xff, 0xff, 0xfc, 0x00, 0xff, 0xff, 0xff, 0xff, 0x0e, 0x38, 0xff, 0xff, 0xff, 0xff, 0x8f, 0xff, },
{0xff, 0xff, 0xfc, 0x00, 0xff, 0xff, 0xff, 0xff, 0x0e, 0x38, 0xff, 0xff, 0xff, 0xff, 0xff, 0xff, },
{0xff, 0xff, 0xfc, 0x00, 0xff, 0xff, 0xff, 0xff, 0x0e, 0x3f, 0xff, 0xff, 0xff, 0xff, 0xff, 0xff, },
{0xff, 0xff, 0xfc, 0x00, 0xff, 0xff, 0xff, 0xff, 0x0e, 0x3f, 0xff, 0xff, 0xff, 0xfb, 0xef, 0xff, },
{0xff, 0xff, 0xfc, 0x00, 0xff, 0xff, 0xff, 0xff, 0x0e, 0x3f, 0xff, 0xff, 0xff, 0xfb, 0xf7, 0xff, },
{0xff, 0xff, 0xfc, 0x00, 0xff, 0xff, 0xff, 0xff, 0x0e, 0x3f, 0xff, 0xff, 0xff, 0xfb, 0xf7, 0xff, },
{0xff, 0xff, 0xfc, 0x00, 0xff, 0xff, 0xff, 0xff, 0x0e, 0x3f, 0xff, 0xff, 0xff, 0xfb, 0xf7, 0xff, },
{0xff, 0xff, 0xfc, 0x00, 0xff, 0xff, 0xff, 0xff, 0x0e, 0x3f, 0xff, 0xff, 0xff, 0xfd, 0xef, 0xff, },
{0xff, 0xff, 0xfc, 0x00, 0xff, 0xff, 0xff, 0xff, 0xff, 0xff, 0xff, 0xff, 0xff, 0xfe, 0x1f, 0xff, },
{0xff, 0xff, 0xfc, 0x00, 0xff, 0xff, 0xff, 0xff, 0xff, 0xff, 0xff, 0xff, 0xff, 0xff, 0xff, 0xff, },
{0xff, 0xff, 0xfc, 0x00, 0xff, 0xff, 0xff, 0xff, 0xff, 0xff, 0xff, 0xff, 0xff, 0xff, 0xff, 0xff, },
{0xff, 0xff, 0xfc, 0x00, 0xff, 0xff, 0xff, 0xff, 0xff, 0xff, 0xff, 0xff, 0xff, 0xff, 0xff, 0xff, },
{0xff, 0xff, 0xfc, 0x00, 0xff, 0xff, 0xff, 0xff, 0xff, 0xff, 0xff, 0xff, 0xff, 0xff, 0xff, 0xff, },
{0xff, 0xff, 0xf8, 0x00, 0x7f, 0xff, 0xff, 0xff, 0xff, 0xff, 0xff, 0xff, 0xff, 0xf8, 0x07, 0xff, },
{0xff, 0xff, 0xf0, 0x00, 0x3f, 0xff, 0xfe, 0x00, 0xf8, 0xff, 0xff, 0xff, 0xff, 0xff, 0xff, 0xff, },
{0xff, 0xff, 0xe0, 0x00, 0x1f, 0xff, 0xfe, 0x01, 0xe0, 0x0f, 0xff, 0xff, 0xff, 0xfb, 0xbf, 0xff, },
{0xff, 0xff, 0xc0, 0x00, 0x1f, 0xff, 0xfe, 0x01, 0xe0, 0x01, 0xff, 0xff, 0xff, 0xfb, 0xbf, 0xff, },
{0xff, 0xff, 0xc0, 0x00, 0x0f, 0xff, 0xfe, 0x03, 0xc0, 0x00, 0xff, 0xff, 0xff, 0xfb, 0xbf, 0xff, },
{0xff, 0xff, 0xc0, 0x00, 0x0f, 0xff, 0xfe, 0x03, 0xc0, 0x00, 0xff, 0xff, 0xff, 0xf8, 0x07, 0xff, },
{0xff, 0xff, 0xc0, 0x00, 0x0f, 0xff, 0xfe, 0x07, 0x80, 0x01, 0xe7, 0xff, 0xff, 0xff, 0xff, 0xff, },
{0xff, 0xff, 0xc0, 0x30, 0x0f, 0xff, 0xff, 0xff, 0x80, 0x03, 0xc1, 0xff, 0xff, 0xff, 0xff, 0xff, },
{0xff, 0xff, 0xc0, 0xf8, 0x0f, 0xff, 0xff, 0xff, 0x80, 0x07, 0x80, 0xff, 0xff, 0xf8, 0x07, 0xff, },
{0xff, 0xff, 0xc0, 0xfc, 0x0f, 0xff, 0xff, 0xff, 0xc0, 0x0f, 0x80, 0x7f, 0xff, 0xff, 0xff, 0xff, },
{0xff, 0xff, 0xc0, 0xfc, 0x0f, 0xff, 0xff, 0xff, 0xe0, 0x1f, 0x00, 0x3f, 0xff, 0xf9, 0xff, 0xff, },
{0xff, 0xff, 0xe0, 0xfc, 0x1f, 0xff, 0xff, 0xff, 0xf0, 0x3e, 0x00, 0x1f, 0xff, 0xfe, 0x1f, 0xff, },
{0xff, 0xff, 0xe0, 0xfc, 0x3f, 0xff, 0xff, 0xff, 0xf8, 0x7c, 0x00, 0x3f, 0xff, 0xff, 0xc7, 0xff, },
{0xff, 0xff, 0xf0, 0xfc, 0x3f, 0xff, 0xff, 0xff, 0xfc, 0xf8, 0x00, 0xff, 0xff, 0xfe, 0x1f, 0xff, },
{0xff, 0xff, 0xf8, 0xfc, 0x7f, 0xff, 0xff, 0xff, 0xff, 0xf0, 0x01, 0xff, 0xff, 0xf8, 0xff, 0xff, },
{0xff, 0xff, 0xff, 0xff, 0xff, 0xff, 0xff, 0xff, 0xff, 0xe0, 0x07, 0xff, 0xff, 0xfe, 0xff, 0xff, },
{0xff, 0xff, 0xff, 0xff, 0xff, 0xff, 0xff, 0xff, 0xff, 0x80, 0x0f, 0xff, 0xff, 0xff, 0x1f, 0xff, },
{0xff, 0xff, 0xff, 0xff, 0xff, 0xff, 0xfe, 0x7f, 0xff, 0xc0, 0x3f, 0xff, 0xff, 0xff, 0xe7, 0xff, },
{0xff, 0xff, 0xff, 0xff, 0xff, 0xff, 0xfe, 0x3f, 0xff, 0xff, 0xff, 0xff, 0xff, 0xff, 0x0f, 0xff, },
{0xff, 0xff, 0xff, 0xff, 0xff, 0xff, 0xfe, 0x0f, 0xff, 0xff, 0xff, 0xff, 0xff, 0xf8, 0xff, 0xff, },
{0xff, 0xff, 0xff, 0xff, 0xff, 0xff, 0xfe, 0x1f, 0xff, 0xff, 0xff, 0xff, 0xff, 0xff, 0xff, 0xff, },
{0xff, 0xff, 0xff, 0xff, 0xff, 0xff, 0xfe, 0x3f, 0xff, 0xff, 0xff, 0xff, 0xff, 0xff, 0xff, 0xff, },
{0xff, 0xff, 0xff, 0xff, 0xff, 0xff, 0xfe, 0xff, 0xff, 0xff, 0xff, 0xff, 0xff, 0xff, 0xff, 0xff, },
{0xff, 0xff, 0xff, 0xff, 0xff, 0xff, 0xff, 0xff, 0xff, 0xff, 0xff, 0xff, 0xff, 0xff, 0x7f, 0xff, },
{0xff, 0xff, 0xff, 0xff, 0xff, 0xff, 0xff, 0xff, 0xff, 0xff, 0xff, 0xff, 0xff, 0xff, 0x7f, 0xff, },
{0xff, 0xff, 0xff, 0xff, 0xff, 0xff, 0xff, 0xff, 0xff, 0xff, 0xff, 0xff, 0xff, 0xff, 0x07, 0xff, },
{0xff, 0xff, 0xff, 0xff, 0xff, 0xff, 0xff, 0xff, 0xf9, 0xff, 0xff, 0xff, 0xff, 0xff, 0xff, 0xff, },
{0xff, 0xff, 0xff, 0xff, 0xff, 0xff, 0xff, 0xff, 0xf9, 0xff, 0xff, 0xff, 0xff, 0xff, 0x8f, 0xff, },
{0xff, 0xff, 0xff, 0xff, 0xff, 0xff, 0xff, 0xff, 0xf1, 0xff, 0xff, 0xff, 0xff, 0xff, 0x77, 0xff, },
{0xff, 0xff, 0xff, 0xff, 0xff, 0xff, 0xff, 0xff, 0xe1, 0xff, 0xff, 0xff, 0xff, 0xff, 0x77, 0xff, },
{0xff, 0xff, 0xff, 0xff, 0xff, 0xff, 0xff, 0xff, 0x81, 0xff, 0xff, 0xff, 0xff, 0xff, 0x77, 0xff, },
{0xff, 0xff, 0xff, 0xff, 0xff, 0xff, 0xff, 0xff, 0x01, 0xff, 0xff, 0xff, 0xff, 0xff, 0x8f, 0xff, },
{0xff, 0xff, 0xff, 0xff, 0xff, 0xff, 0xfe, 0x38, 0x01, 0xff, 0xff, 0xff, 0xff, 0xff, 0xff, 0xff, },
{0xff, 0xff, 0xff, 0xff, 0xff, 0xff, 0xfe, 0x38, 0x01, 0xff, 0xff, 0xff, 0xff, 0xfb, 0x7f, 0xff, },
{0xff, 0xff, 0xff, 0xff, 0xff, 0xff, 0xfe, 0x38, 0x01, 0xff, 0xff, 0xff, 0xff, 0xf8, 0x07, 0xff, },
{0xff, 0xff, 0xff, 0xff, 0xff, 0xff, 0xfe, 0x38, 0x01, 0xff, 0xff, 0xff, 0xff, 0xff, 0x7f, 0xff, },
{0xff, 0xff, 0xff, 0xff, 0xff, 0xff, 0xfe, 0x38, 0x01, 0xff, 0xff, 0xff, 0xff, 0xff, 0xff, 0xff, },
{0xff, 0xff, 0xff, 0xff, 0xff, 0xff, 0xfe, 0x38, 0x01, 0xff, 0xff, 0xff, 0xff, 0xff, 0xff, 0xff, },
{0xff, 0xff, 0xfc, 0xff, 0xff, 0xff, 0xfe, 0x38, 0x01, 0xff, 0xff, 0xff, 0xff, 0xff, 0xff, 0xff, },
{0xff, 0xff, 0xf8, 0x7f, 0xff, 0xff, 0xfe, 0x38, 0x01, 0xff, 0xff, 0xff, 0xff, 0xff, 0x77, 0xff, },
{0xff, 0xff, 0xf0, 0x3f, 0xff, 0xff, 0xfe, 0x38, 0x01, 0xff, 0xff, 0xff, 0xff, 0xff, 0x77, 0xff, },
{0xff, 0xff, 0xf0, 0x3f, 0xff, 0xff, 0xfe, 0x38, 0x01, 0xff, 0xff, 0xff, 0xff, 0xfc, 0x07, 0xff, },
{0xff, 0xff, 0xf0, 0x3f, 0xff, 0xff, 0xfe, 0x38, 0x01, 0xff, 0xff, 0xff, 0xff, 0xff, 0x7f, 0xff, },
{0xff, 0xff, 0xf8, 0x7f, 0xff, 0xff, 0xfe, 0x38, 0x01, 0xff, 0xff, 0xff, 0xff, 0xff, 0xff, 0xff, },
{0xff, 0xff, 0xfc, 0xff, 0xff, 0xff, 0xfe, 0x38, 0x01, 0xff, 0xff, 0xff, 0xff, 0xfb, 0x07, 0xff, },
{0xff, 0xff, 0xff, 0xff, 0xff, 0xff, 0xfe, 0x38, 0x01, 0xff, 0xff, 0xff, 0xff, 0xff, 0xff, 0xff, },
{0xff, 0xff, 0xff, 0xff, 0xff, 0xff, 0xfe, 0x38, 0x01, 0xff, 0xff, 0xff, 0xff, 0xff, 0xff, 0xff, },
{0xff, 0xff, 0xff, 0xff, 0xff, 0xff, 0xfe, 0x38, 0x01, 0xff, 0xff, 0xff, 0xff, 0xff, 0x07, 0xff, },
{0xff, 0xff, 0xff, 0xff, 0xff, 0xff, 0xfe, 0x38, 0x01, 0xff, 0xff, 0xff, 0xff, 0xff, 0x57, 0xff, },
{0xff, 0xff, 0xff, 0xff, 0xff, 0xff, 0xfe, 0x38, 0x01, 0xff, 0xff, 0xff, 0xff, 0xff, 0x57, 0xff, },
{0xff, 0xff, 0xff, 0xff, 0xff, 0xff, 0xff, 0xb8, 0x01, 0xff, 0xff, 0xff, 0xff, 0xff, 0x57, 0xff, },
{0xff, 0xff, 0xff, 0xff, 0xff, 0xff, 0xff, 0xfc, 0x01, 0xff, 0xff, 0xff, 0xff, 0xff, 0xe7, 0xff, },
{0xff, 0xff, 0xff, 0xff, 0xff, 0xff, 0xff, 0xff, 0x81, 0xff, 0xff, 0xff, 0xff, 0xf9, 0xff, 0xff, },
{0xff, 0xff, 0xff, 0xff, 0xff, 0xff, 0xff, 0xff, 0xf1, 0xff, 0xff, 0xff, 0xff, 0xfe, 0x1f, 0xff, },
{0xff, 0xff, 0xff, 0xff, 0xff, 0xff, 0xff, 0xff, 0xff, 0xff, 0xff, 0xff, 0xff, 0xff, 0xc7, 0xff, },
{0xff, 0xff, 0xff, 0xff, 0xff, 0xff, 0xff, 0xff, 0xff, 0xff, 0xff, 0xff, 0xff, 0xfe, 0x1f, 0xff, },
{0xff, 0xff, 0xff, 0xff, 0xff, 0xff, 0xff, 0xff, 0xff, 0xff, 0xff, 0xff, 0xff, 0xf8, 0xff, 0xff, },
{0xff, 0xff, 0xff, 0xff, 0xff, 0xff, 0xff, 0xff, 0xff, 0xff, 0xff, 0xff, 0xff, 0xfe, 0xff, 0xff, },
{0xff, 0xff, 0xff, 0xff, 0xff, 0xff, 0xff, 0xff, 0xff, 0xff, 0xff, 0xff, 0xff, 0xff, 0x1f, 0xff, },
{0xff, 0xff, 0xff, 0xff, 0xff, 0xff, 0xff, 0xff, 0xff, 0xff, 0xff, 0xff, 0xff, 0xff, 0xe7, 0xff, },
{0xff, 0xff, 0xff, 0xff, 0xff, 0xff, 0xff, 0xff, 0xff, 0xff, 0xff, 0xff, 0xff, 0xff, 0x0f, 0xff, },
{0xff, 0xff, 0xff, 0xff, 0xff, 0xff, 0xff, 0xff, 0xff, 0xff, 0xff, 0xff, 0xff, 0xf8, 0xff, 0xff, },
{0xff, 0xff, 0xff, 0xff, 0xff, 0xff, 0xff, 0xff, 0xff, 0xff, 0xff, 0xff, 0xff, 0xff, 0xff, 0xff, },
{0xff, 0xff, 0xff, 0xff, 0xff, 0xff, 0xff, 0xff, 0xff, 0xff, 0xff, 0xff, 0xff, 0xff, 0xff, 0xff, },
{0xff, 0xff, 0xff, 0xff, 0xff, 0xff, 0xff, 0xff, 0xff, 0xff, 0xff, 0xff, 0xff, 0xff, 0xff, 0xff, },
{0xff, 0xff, 0xff, 0xff, 0xff, 0xff, 0xff, 0xff, 0xff, 0xff, 0xff, 0xff, 0xff, 0xff, 0xff, 0xff, },
{0xff, 0xff, 0xff, 0xff, 0xff, 0xff, 0xff, 0xff, 0xff, 0xff, 0xff, 0xff, 0xff, 0xff, 0xff, 0xff, },
{0xff, 0xff, 0xff, 0xff, 0xff, 0xff, 0xff, 0xff, 0xff, 0xff, 0xff, 0xff, 0xff, 0xff, 0xff, 0xff, },
{0xff, 0xff, 0xff, 0xff, 0xff, 0xff, 0xff, 0xff, 0xff, 0xff, 0xff, 0xff, 0xff, 0xff, 0xff, 0xff, },
{0xff, 0xff, 0xff, 0xff, 0xff, 0xff, 0xff, 0xff, 0xff, 0xff, 0xff, 0xff, 0xff, 0xff, 0xff, 0xff, },
{0xff, 0xff, 0xff, 0xff, 0xff, 0xff, 0xff, 0xff, 0xff, 0xff, 0xff, 0xff, 0xff, 0xff, 0xff, 0xff, },
{0xff, 0xff, 0xff, 0xff, 0xff, 0xff, 0xff, 0xff, 0xff, 0xff, 0xff, 0xff, 0xff, 0xff, 0xff, 0xff, },
};/*black layer inscription*/

const unsigned char img_config_red[250][16] ICACHE_RODATA_ATTR = { /*Red layer Yangwen settings interface*/
{0x00, 0x00, 0x00, 0x00, 0x00, 0x00, 0x00, 0x00, 0x00, 0x00, 0x00, 0x00, 0x00, 0x00, 0x00, 0x00, },
{0x00, 0x00, 0x00, 0x00, 0x00, 0x00, 0x00, 0x00, 0x00, 0x00, 0x00, 0x00, 0x00, 0x00, 0x00, 0x00, },
{0x00, 0x00, 0x00, 0x00, 0x00, 0x00, 0x00, 0x00, 0x00, 0x00, 0x00, 0x00, 0x00, 0x00, 0x00, 0x00, },
{0x00, 0x00, 0x00, 0x00, 0x00, 0x00, 0x00, 0x00, 0x00, 0x00, 0x00, 0x00, 0x00, 0x00, 0x00, 0x00, },
{0x00, 0x00, 0x00, 0x00, 0x00, 0x00, 0x00, 0x00, 0x00, 0x00, 0x00, 0x00, 0x00, 0x00, 0x00, 0x00, },
{0x00, 0x00, 0x00, 0x00, 0x00, 0x00, 0x00, 0x00, 0x00, 0x00, 0x00, 0x00, 0x00, 0x00, 0x00, 0x00, },
{0x00, 0x00, 0x00, 0x00, 0x00, 0x00, 0x00, 0x00, 0x00, 0x00, 0x00, 0x00, 0x00, 0x00, 0x00, 0x00, },
{0x00, 0x00, 0x00, 0x00, 0x00, 0x00, 0x00, 0x00, 0x00, 0x00, 0x00, 0x00, 0x00, 0x00, 0x00, 0x00, },
{0x00, 0x00, 0x00, 0x00, 0x00, 0x00, 0x00, 0x00, 0x00, 0x00, 0x00, 0x00, 0x00, 0x00, 0x00, 0x00, },
{0x00, 0x00, 0x00, 0x00, 0x00, 0x00, 0x00, 0x00, 0x00, 0x00, 0x00, 0x00, 0x00, 0x00, 0x00, 0x00, },
{0x00, 0x00, 0x00, 0x00, 0x00, 0x00, 0x00, 0x00, 0x00, 0x00, 0x00, 0x00, 0x00, 0x00, 0x00, 0x00, },
{0x00, 0x00, 0x00, 0x00, 0x00, 0x00, 0x00, 0x00, 0x00, 0x00, 0x00, 0x00, 0x00, 0x00, 0x00, 0x00, },
{0x00, 0x00, 0x00, 0x00, 0x00, 0x00, 0x00, 0x00, 0x00, 0x00, 0x00, 0x00, 0x00, 0x00, 0x00, 0x00, },
{0x00, 0x00, 0x00, 0x00, 0x00, 0x00, 0x00, 0x00, 0x00, 0x00, 0x00, 0x00, 0x00, 0x00, 0x00, 0x00, },
{0x00, 0x00, 0x00, 0x00, 0x00, 0x00, 0x00, 0x00, 0x00, 0x00, 0x00, 0x00, 0x00, 0x00, 0x00, 0x00, },
{0x00, 0x00, 0x00, 0x00, 0x00, 0x00, 0x00, 0x00, 0x00, 0x00, 0x00, 0x00, 0x00, 0x00, 0x00, 0x00, },
{0x1f, 0xff, 0xff, 0xf0, 0x1c, 0x00, 0x00, 0x01, 0xff, 0x80, 0x00, 0x1f, 0xc0, 0x00, 0x00, 0x00, },
{0x1f, 0xff, 0xff, 0xf0, 0x1c, 0x00, 0x00, 0x01, 0xff, 0x80, 0x00, 0x1f, 0xc0, 0x00, 0x00, 0x00, },
{0x1f, 0xff, 0xff, 0xf0, 0x1c, 0x00, 0x00, 0x01, 0xff, 0x80, 0x00, 0x1f, 0xc0, 0x00, 0x00, 0x00, },
{0x1f, 0xff, 0xff, 0xf0, 0x1c, 0x00, 0x00, 0x01, 0xff, 0x80, 0x00, 0x1f, 0xc0, 0x00, 0x00, 0x00, },
{0x1e, 0x00, 0x00, 0xf0, 0x00, 0x00, 0x00, 0x00, 0x3f, 0x80, 0x00, 0x00, 0x00, 0x00, 0x00, 0x00, },
{0x1e, 0x00, 0x00, 0xf0, 0x00, 0x00, 0x00, 0x00, 0x3f, 0x80, 0x00, 0x00, 0x00, 0x00, 0x00, 0x00, },
{0x1e, 0x00, 0x00, 0xf0, 0x00, 0x00, 0x00, 0x00, 0x3f, 0x80, 0x00, 0x00, 0x00, 0x00, 0x00, 0x00, },
{0x1e, 0x3f, 0xf8, 0xf0, 0x00, 0x00, 0x00, 0x00, 0x00, 0x00, 0x00, 0x00, 0x00, 0x00, 0x00, 0x00, },
{0x1e, 0x3f, 0xf8, 0xf0, 0x00, 0x00, 0x00, 0x00, 0x00, 0x00, 0x00, 0x00, 0x00, 0x00, 0x00, 0x00, },
{0x1e, 0x3f, 0xf8, 0xf0, 0x00, 0x00, 0x00, 0x00, 0x00, 0x00, 0x00, 0x00, 0x00, 0x00, 0x00, 0x00, },
{0x1e, 0x3f, 0xf8, 0xf0, 0x00, 0x00, 0x00, 0x00, 0x00, 0x00, 0x00, 0x00, 0x00, 0x00, 0x00, 0x00, },
{0x1e, 0x3f, 0xf8, 0xf0, 0x00, 0x00, 0x00, 0xfe, 0x00, 0x00, 0x00, 0x00, 0x00, 0x00, 0x00, 0x00, },
{0x1e, 0x3f, 0xf8, 0xf0, 0x00, 0x00, 0x00, 0xfe, 0x00, 0x00, 0x00, 0x00, 0x00, 0x00, 0x00, 0x00, },
{0x1e, 0x3f, 0xf8, 0xf0, 0x00, 0x00, 0x00, 0xfe, 0x00, 0x00, 0x00, 0x00, 0x00, 0x00, 0x00, 0x00, },
{0x1e, 0x3f, 0xf8, 0xf0, 0x00, 0x00, 0x00, 0x00, 0x00, 0x00, 0x00, 0x00, 0x07, 0x80, 0x00, 0x00, },
{0x1e, 0x3f, 0xf8, 0xf0, 0x00, 0x00, 0x00, 0x00, 0x00, 0x00, 0x00, 0x00, 0x07, 0x80, 0x00, 0x00, },
{0x1e, 0x3f, 0xf8, 0xf0, 0x00, 0x00, 0x00, 0x00, 0x00, 0x00, 0x00, 0x00, 0x07, 0x80, 0x00, 0x00, },
{0x1e, 0x3f, 0xf8, 0xf0, 0x00, 0x00, 0x00, 0x00, 0x00, 0x00, 0x00, 0x00, 0x07, 0x80, 0x00, 0x00, },
{0x1e, 0x00, 0x00, 0xf0, 0x00, 0x00, 0x00, 0x00, 0x00, 0x00, 0x00, 0x00, 0x00, 0x00, 0x00, 0x00, },
{0x1e, 0x00, 0x00, 0xf0, 0x00, 0x00, 0x00, 0x00, 0x00, 0x00, 0x00, 0x00, 0x00, 0x00, 0x00, 0x00, },
{0x1e, 0x00, 0x00, 0xf0, 0x00, 0x00, 0x00, 0x00, 0x00, 0x00, 0x00, 0x00, 0x00, 0x00, 0x00, 0x00, },
{0x1f, 0xff, 0xff, 0xf0, 0x00, 0x00, 0x00, 0x00, 0x00, 0x00, 0x00, 0x00, 0x00, 0x00, 0x00, 0x00, },
{0x1f, 0xff, 0xff, 0xf0, 0x00, 0x00, 0x00, 0x00, 0x00, 0x00, 0x00, 0x00, 0x00, 0x00, 0x00, 0x00, },
{0x1f, 0xff, 0xff, 0xf0, 0x00, 0x00, 0x00, 0x00, 0x00, 0x00, 0x00, 0x00, 0x00, 0x00, 0x00, 0x00, },
{0x1f, 0xff, 0xff, 0xf0, 0x00, 0x00, 0x00, 0x00, 0x00, 0x00, 0x00, 0x00, 0x00, 0x00, 0x00, 0x00, },
{0x00, 0x00, 0x00, 0x00, 0x00, 0x00, 0x00, 0x00, 0x00, 0x00, 0x00, 0x00, 0x00, 0x00, 0x00, 0x00, },
{0x00, 0x00, 0x00, 0x00, 0x00, 0x00, 0x00, 0x00, 0x00, 0x00, 0x00, 0x00, 0x00, 0x00, 0x00, 0x00, },
{0x00, 0x00, 0x00, 0x00, 0x00, 0x00, 0x00, 0x00, 0x00, 0x00, 0x00, 0x00, 0x00, 0x00, 0x00, 0x00, },
{0x00, 0x00, 0x00, 0x00, 0x00, 0x00, 0x00, 0x00, 0x3c, 0x00, 0x00, 0x00, 0x00, 0x00, 0x00, 0x00, },
{0x00, 0x00, 0x00, 0x00, 0x00, 0x00, 0x00, 0x00, 0x3c, 0x00, 0x00, 0x00, 0x00, 0x00, 0x00, 0x00, },
{0x00, 0x00, 0x00, 0x00, 0x00, 0x00, 0x00, 0x00, 0x3c, 0x00, 0x00, 0x00, 0x00, 0x00, 0x00, 0x00, },
{0x00, 0x00, 0x00, 0x00, 0x00, 0x00, 0x00, 0x00, 0x3c, 0x00, 0x00, 0x00, 0x00, 0x00, 0x00, 0x00, },
{0x00, 0x00, 0x00, 0x00, 0x00, 0x00, 0x00, 0x00, 0x00, 0x00, 0x00, 0x00, 0x00, 0x00, 0x00, 0x00, },
{0x00, 0x00, 0x00, 0x00, 0x00, 0x00, 0x00, 0x00, 0x00, 0x00, 0x00, 0x00, 0x00, 0x00, 0x00, 0x00, },
{0x00, 0x00, 0x00, 0x00, 0x00, 0x00, 0x00, 0x00, 0x00, 0x00, 0x00, 0x00, 0x00, 0x00, 0x00, 0x00, },
{0x00, 0x00, 0x00, 0x00, 0x00, 0x00, 0x00, 0x00, 0x00, 0x00, 0x00, 0x00, 0x00, 0x00, 0x00, 0x00, },
{0x00, 0x00, 0x00, 0x00, 0x00, 0x00, 0x00, 0x00, 0x00, 0x00, 0x00, 0x00, 0x00, 0x00, 0x00, 0x00, },
{0x00, 0x00, 0x00, 0x00, 0x00, 0x00, 0x00, 0x00, 0x00, 0x00, 0x00, 0x00, 0x00, 0x00, 0x00, 0x00, },
{0x00, 0x00, 0x00, 0x00, 0x00, 0x00, 0x00, 0x00, 0x00, 0x00, 0x00, 0x00, 0x00, 0x00, 0x00, 0x00, },
{0x00, 0x3c, 0x00, 0x00, 0x00, 0x00, 0x3f, 0xc0, 0x00, 0x00, 0x00, 0x00, 0x00, 0x00, 0x00, 0x00, },
{0x00, 0x3c, 0x00, 0x00, 0x00, 0x00, 0xff, 0xf0, 0x00, 0x00, 0x00, 0x00, 0x00, 0x00, 0x00, 0x00, },
{0x00, 0x3c, 0x00, 0x00, 0x00, 0x01, 0xff, 0xf8, 0x00, 0x00, 0x00, 0x00, 0x00, 0x00, 0x00, 0x00, },
{0x1e, 0x3c, 0x00, 0xf0, 0x00, 0x03, 0xff, 0xfc, 0x00, 0x00, 0x00, 0x00, 0x00, 0x00, 0x00, 0x00, },
{0x1e, 0x3c, 0x00, 0xf0, 0x00, 0x07, 0xff, 0xfe, 0x00, 0x00, 0x00, 0x00, 0x00, 0x00, 0x00, 0x00, },
{0x1e, 0x3c, 0x00, 0xf0, 0x00, 0x0f, 0xe0, 0x0f, 0x00, 0x00, 0x00, 0x00, 0x00, 0x00, 0x00, 0x00, },
{0x1e, 0x3c, 0x00, 0xf0, 0x00, 0x1f, 0xc0, 0x07, 0x00, 0x00, 0x00, 0x00, 0x00, 0x00, 0x00, 0x00, },
{0x00, 0x00, 0x00, 0x00, 0x00, 0x1f, 0xc0, 0x07, 0x80, 0x00, 0x00, 0x00, 0x00, 0x00, 0x00, 0x00, },
{0x00, 0x00, 0x00, 0x00, 0x00, 0x1c, 0xc0, 0x07, 0x80, 0x00, 0x00, 0x00, 0x00, 0x00, 0x00, 0x00, },
{0x00, 0x00, 0x00, 0x00, 0x00, 0x3e, 0x00, 0x07, 0xc0, 0x00, 0x00, 0x00, 0x00, 0x00, 0x00, 0x00, },
{0x00, 0x00, 0x00, 0x00, 0x00, 0x3f, 0x80, 0x07, 0xc0, 0x00, 0x01, 0xfc, 0x00, 0x00, 0x00, 0x00, },
{0x00, 0x00, 0x00, 0x00, 0x00, 0x3f, 0xc0, 0x07, 0xc0, 0x00, 0x01, 0xfc, 0x00, 0x00, 0x00, 0x00, },
{0x00, 0x00, 0x00, 0x00, 0x00, 0x3f, 0xc0, 0x07, 0xc0, 0x00, 0x01, 0xfc, 0x00, 0x00, 0x00, 0x00, },
{0x00, 0x00, 0x00, 0x00, 0x00, 0x3f, 0x80, 0x07, 0xc0, 0x00, 0x01, 0xfc, 0x00, 0x00, 0x00, 0x00, },
{0x00, 0x00, 0x00, 0x00, 0x00, 0x3f, 0x80, 0x07, 0xc0, 0x00, 0x00, 0x00, 0x00, 0x00, 0x00, 0x00, },
{0x00, 0x00, 0x00, 0x00, 0x00, 0x1f, 0x00, 0x07, 0x80, 0x00, 0x00, 0x00, 0x00, 0x00, 0x00, 0x00, },
{0x00, 0x00, 0x00, 0x00, 0x00, 0x1e, 0x40, 0x07, 0x80, 0x00, 0x00, 0x00, 0x00, 0x00, 0x00, 0x00, },
{0x00, 0x00, 0x00, 0xf0, 0x00, 0x0d, 0xc0, 0x07, 0x00, 0x00, 0x00, 0x00, 0x00, 0x00, 0x00, 0x00, },
{0x00, 0x00, 0x00, 0xf0, 0x00, 0x0f, 0xe0, 0x0f, 0x00, 0x00, 0x00, 0x00, 0x00, 0x00, 0x00, 0x00, },
{0x00, 0x00, 0x00, 0xf0, 0x00, 0x27, 0xff, 0xfe, 0x00, 0x00, 0x00, 0x00, 0x00, 0x00, 0x00, 0x00, },
{0x00, 0x00, 0x00, 0xf0, 0x00, 0x33, 0xff, 0xfc, 0x00, 0x00, 0x00, 0x00, 0x00, 0x00, 0x00, 0x00, },
{0x00, 0x00, 0x00, 0x00, 0x00, 0x01, 0xff, 0xf8, 0x00, 0x00, 0x00, 0x00, 0x00, 0x00, 0x00, 0x00, },
{0x00, 0x00, 0x00, 0x00, 0x00, 0x04, 0x7f, 0xe2, 0x00, 0x00, 0x00, 0x00, 0x00, 0x00, 0x00, 0x00, },
{0x00, 0x00, 0x00, 0x00, 0x00, 0x06, 0x1f, 0x86, 0x00, 0x00, 0x00, 0x00, 0x00, 0x00, 0x00, 0x00, },
{0x1f, 0xc0, 0x00, 0x00, 0x00, 0x00, 0x00, 0x00, 0x00, 0x00, 0x00, 0x00, 0x00, 0x00, 0x00, 0x00, },
{0x1f, 0xc0, 0x00, 0x00, 0x00, 0x00, 0x00, 0x00, 0x00, 0x00, 0x00, 0x00, 0x00, 0x00, 0x00, 0x00, },
{0x1f, 0xc0, 0x00, 0x00, 0x00, 0x00, 0x00, 0x00, 0x00, 0x00, 0x00, 0x00, 0x00, 0x00, 0x00, 0x00, },
{0x1f, 0xc0, 0x00, 0x00, 0x00, 0x00, 0x00, 0x00, 0x00, 0x00, 0x00, 0x00, 0x00, 0x00, 0x00, 0x00, },
{0x1e, 0x00, 0x00, 0x00, 0x00, 0x00, 0x00, 0x00, 0x00, 0x00, 0x00, 0x00, 0x00, 0x00, 0x00, 0x00, },
{0x1e, 0x00, 0x00, 0x00, 0x00, 0x00, 0x00, 0x00, 0x00, 0x00, 0x00, 0x00, 0x00, 0x00, 0x00, 0x00, },
{0x1e, 0x00, 0x00, 0x00, 0x00, 0x00, 0x00, 0x00, 0x00, 0x00, 0x00, 0x00, 0x00, 0x00, 0x00, 0x00, },
{0x00, 0x00, 0x00, 0x00, 0x00, 0x00, 0x70, 0x00, 0x00, 0x00, 0x00, 0x00, 0x00, 0x00, 0x00, 0x00, },
{0x00, 0x00, 0x00, 0x00, 0x00, 0x00, 0x70, 0x00, 0x00, 0x00, 0x00, 0x00, 0x00, 0x00, 0x00, 0x00, },
{0x00, 0x00, 0x00, 0x00, 0x00, 0x00, 0x70, 0x00, 0x00, 0x00, 0x00, 0x00, 0x00, 0x00, 0x00, 0x00, },
{0x00, 0x00, 0x00, 0x00, 0x00, 0x00, 0x70, 0x00, 0x00, 0x00, 0x00, 0x00, 0x00, 0x00, 0x00, 0x00, },
{0x00, 0x00, 0x00, 0x00, 0x00, 0x07, 0xff, 0x00, 0x00, 0x00, 0x00, 0x00, 0x00, 0x00, 0x00, 0x00, },
{0x00, 0x00, 0x00, 0x00, 0x00, 0x07, 0xff, 0x00, 0x00, 0x00, 0x00, 0x00, 0x00, 0x00, 0x00, 0x00, },
{0x00, 0x00, 0x00, 0x00, 0x00, 0x07, 0xff, 0x00, 0x00, 0x00, 0x00, 0x00, 0x00, 0x00, 0x00, 0x00, },
{0x1f, 0xff, 0xff, 0xf0, 0x00, 0x07, 0x8f, 0x00, 0x00, 0x00, 0xff, 0xff, 0xff, 0x80, 0x00, 0x00, },
{0x1f, 0xff, 0xff, 0xf0, 0x00, 0x07, 0x8f, 0x00, 0x00, 0x00, 0xff, 0xff, 0xff, 0x80, 0x00, 0x00, },
{0x1f, 0xff, 0xff, 0xf0, 0x00, 0x07, 0x8f, 0x00, 0x00, 0x00, 0xff, 0xff, 0xff, 0x80, 0x00, 0x00, },
{0x1f, 0xff, 0xff, 0xf0, 0x00, 0x07, 0x8f, 0x00, 0x00, 0x00, 0xff, 0xff, 0xff, 0x80, 0x00, 0x00, },
{0x1e, 0x00, 0x00, 0xf0, 0x00, 0x00, 0x00, 0x00, 0x00, 0x00, 0xf0, 0x00, 0x07, 0x80, 0x00, 0x00, },
{0x1e, 0x00, 0x00, 0xf0, 0x00, 0x00, 0x00, 0x00, 0x00, 0x00, 0xf0, 0x00, 0x07, 0x80, 0x00, 0x00, },
{0x1e, 0x00, 0x00, 0xf0, 0x00, 0x00, 0x00, 0x00, 0x00, 0x00, 0xf0, 0x00, 0x07, 0x80, 0x00, 0x00, },
{0x1e, 0x3f, 0xf8, 0xf0, 0x00, 0x00, 0x70, 0x00, 0x00, 0x00, 0xf1, 0xff, 0xc7, 0x80, 0x00, 0x00, },
{0x1e, 0x3f, 0xf8, 0xf0, 0x00, 0x00, 0x70, 0x00, 0x00, 0x00, 0xf1, 0xff, 0xc7, 0x80, 0x00, 0x00, },
{0x1e, 0x3f, 0xf8, 0xf0, 0x00, 0x00, 0x70, 0x00, 0x00, 0x00, 0xf1, 0xff, 0xc7, 0x80, 0x00, 0x00, },
{0x1e, 0x3f, 0xf8, 0xf0, 0x00, 0x00, 0x70, 0x00, 0x00, 0x00, 0xf1, 0xff, 0xc7, 0x80, 0x00, 0x00, },
{0x1e, 0x3f, 0xf8, 0xf0, 0x00, 0x00, 0x70, 0x00, 0x00, 0x00, 0xf1, 0xff, 0xc7, 0x80, 0x00, 0x00, },
{0x1e, 0x3f, 0xf8, 0xf0, 0x00, 0x00, 0x70, 0x00, 0x00, 0x00, 0xf1, 0xff, 0xc7, 0x80, 0x00, 0x00, },
{0x1e, 0x3f, 0xf8, 0xf0, 0x00, 0x00, 0x70, 0x00, 0x00, 0x00, 0xf1, 0xff, 0xc7, 0x80, 0x00, 0x00, },
{0x1e, 0x3f, 0xf8, 0xf0, 0x00, 0x00, 0x00, 0x00, 0x00, 0x00, 0xf1, 0xff, 0xc7, 0x80, 0x00, 0x00, },
{0x1e, 0x3f, 0xf8, 0xf0, 0x00, 0x00, 0x00, 0x00, 0x00, 0x00, 0xf1, 0xff, 0xc7, 0x80, 0x00, 0x00, },
{0x1e, 0x3f, 0xf8, 0xf0, 0x00, 0x00, 0x00, 0x00, 0x00, 0x00, 0xf1, 0xff, 0xc7, 0x80, 0x00, 0x00, },
{0x1e, 0x3f, 0xf8, 0xf0, 0x00, 0x00, 0x00, 0x00, 0x00, 0x00, 0xf1, 0xff, 0xc7, 0x80, 0x00, 0x00, },
{0x1e, 0x00, 0x00, 0xf0, 0x00, 0x00, 0x00, 0x00, 0x00, 0x00, 0xf0, 0x00, 0x07, 0x80, 0x00, 0x00, },
{0x1e, 0x00, 0x00, 0xf0, 0x00, 0x00, 0x00, 0x00, 0x00, 0x00, 0xf0, 0x00, 0x07, 0x80, 0x00, 0x00, },
{0x1e, 0x00, 0x00, 0xf0, 0x00, 0x00, 0x00, 0x00, 0x00, 0x00, 0xf0, 0x00, 0x07, 0x80, 0x00, 0x00, },
{0x1f, 0xff, 0xff, 0xf0, 0x00, 0x00, 0x00, 0x00, 0x3c, 0x00, 0xff, 0xff, 0xff, 0x80, 0x00, 0x00, },
{0x1f, 0xff, 0xff, 0xf0, 0x00, 0x00, 0x00, 0x00, 0x3c, 0x00, 0xff, 0xff, 0xff, 0x80, 0x00, 0x00, },
{0x1f, 0xff, 0xff, 0xf0, 0x00, 0x00, 0x00, 0x00, 0x3c, 0x00, 0xff, 0xff, 0xff, 0x80, 0x00, 0x00, },
{0x1f, 0xff, 0xff, 0xf0, 0x00, 0x00, 0x00, 0x00, 0x3c, 0x00, 0xff, 0xff, 0xff, 0x80, 0x00, 0x00, },
{0x00, 0x00, 0x00, 0x00, 0x00, 0x00, 0x00, 0x00, 0x00, 0x00, 0x00, 0x00, 0x00, 0x00, 0x00, 0x00, },
{0x00, 0x00, 0x00, 0x00, 0x00, 0x00, 0x00, 0x00, 0x00, 0x00, 0x00, 0x00, 0x00, 0x00, 0x00, 0x00, },
{0x00, 0x00, 0x00, 0x00, 0x00, 0x00, 0x00, 0x00, 0x00, 0x00, 0x00, 0x00, 0x00, 0x00, 0x00, 0x00, },
{0x00, 0x00, 0x00, 0x00, 0x00, 0x00, 0x00, 0x00, 0x00, 0x00, 0x00, 0x00, 0x00, 0x00, 0x00, 0x00, },
{0x00, 0x00, 0x00, 0x00, 0x00, 0x00, 0x00, 0x00, 0x00, 0x00, 0x00, 0x00, 0x00, 0x00, 0x00, 0x00, },
{0x00, 0x00, 0x00, 0x00, 0x00, 0x00, 0x00, 0x00, 0x00, 0x00, 0x00, 0x00, 0x00, 0x00, 0x00, 0x00, },
{0x00, 0x00, 0x00, 0x00, 0x00, 0x00, 0x00, 0x00, 0x00, 0x00, 0x00, 0x00, 0x00, 0x00, 0x00, 0x00, },
{0x00, 0x00, 0x00, 0x00, 0x00, 0x00, 0x00, 0x00, 0x00, 0x00, 0x00, 0x00, 0x00, 0x00, 0x00, 0x00, },
{0x00, 0x00, 0x00, 0x00, 0x00, 0x00, 0x00, 0x00, 0x00, 0x00, 0x00, 0x00, 0x00, 0x00, 0x00, 0x00, },
{0x00, 0x00, 0x00, 0x00, 0x00, 0x00, 0x00, 0x00, 0x00, 0x00, 0x00, 0x00, 0x00, 0x00, 0x00, 0x00, },
{0x00, 0x00, 0x00, 0x00, 0x00, 0x00, 0x00, 0x00, 0x00, 0x00, 0x00, 0x00, 0x00, 0x00, 0x00, 0x00, },
{0x00, 0x00, 0x00, 0x00, 0x00, 0x00, 0x00, 0x00, 0x00, 0x00, 0x00, 0x00, 0x00, 0x00, 0x00, 0x00, },
{0x00, 0x00, 0x00, 0x00, 0x00, 0x00, 0x00, 0x00, 0x00, 0x00, 0x00, 0x00, 0x00, 0x00, 0x00, 0x00, },
{0x00, 0x00, 0x00, 0x00, 0x00, 0x00, 0x00, 0x00, 0x00, 0x00, 0x00, 0x00, 0x00, 0x00, 0x00, 0x00, },
{0x00, 0x00, 0x00, 0x00, 0x00, 0x00, 0x00, 0x00, 0x00, 0x00, 0x00, 0x00, 0x00, 0x00, 0x00, 0x00, },
{0x00, 0x00, 0x00, 0x00, 0x00, 0x00, 0x00, 0x00, 0x00, 0x00, 0x00, 0x00, 0x00, 0x00, 0x00, 0x00, },
{0x00, 0x00, 0x00, 0x00, 0x00, 0x00, 0x00, 0x00, 0x00, 0x00, 0x00, 0x00, 0x00, 0x00, 0x00, 0x00, },
{0x00, 0x00, 0x00, 0x00, 0x00, 0x00, 0x00, 0x00, 0x00, 0x00, 0x00, 0x00, 0x00, 0x00, 0x00, 0x00, },
{0x00, 0x00, 0x00, 0x00, 0x00, 0x00, 0x00, 0x00, 0x00, 0x00, 0x00, 0x00, 0x00, 0x00, 0x00, 0x00, },
{0x00, 0x00, 0x00, 0x00, 0x00, 0x00, 0x00, 0x00, 0x00, 0x00, 0x00, 0x00, 0x00, 0x00, 0x00, 0x00, },
{0x00, 0x00, 0x00, 0x00, 0x00, 0x00, 0x00, 0x00, 0x00, 0x00, 0x00, 0x00, 0x00, 0x00, 0x00, 0x00, },
{0x00, 0x00, 0x00, 0x00, 0x00, 0x00, 0x00, 0x00, 0x00, 0x00, 0x00, 0x00, 0x00, 0x00, 0x00, 0x00, },
{0x00, 0x00, 0x00, 0x00, 0x00, 0x00, 0x00, 0x00, 0x00, 0x00, 0x00, 0x00, 0x00, 0x00, 0x00, 0x00, },
{0x00, 0x00, 0x00, 0x00, 0x00, 0x00, 0x00, 0x00, 0x00, 0x00, 0x00, 0x00, 0x00, 0x00, 0x00, 0x00, },
{0x00, 0x00, 0x00, 0x00, 0x00, 0x00, 0x00, 0x00, 0x00, 0x00, 0x00, 0x00, 0x00, 0x00, 0x00, 0x00, },
{0x00, 0x00, 0x00, 0x00, 0x00, 0x00, 0x00, 0x00, 0x00, 0x00, 0x00, 0x00, 0x00, 0x00, 0x00, 0x00, },
{0x00, 0x00, 0x00, 0x00, 0x00, 0x00, 0x00, 0x00, 0x00, 0x00, 0x00, 0x00, 0x00, 0x00, 0x00, 0x00, },
{0x00, 0x00, 0x00, 0x00, 0x00, 0x03, 0xfe, 0x00, 0x01, 0xc0, 0x00, 0x00, 0x00, 0x00, 0x00, 0x00, },
{0x00, 0x00, 0x00, 0x00, 0x00, 0x03, 0xfe, 0x00, 0x01, 0xc0, 0x00, 0x00, 0x00, 0x00, 0x00, 0x00, },
{0x00, 0x00, 0x00, 0x00, 0x00, 0x03, 0xfe, 0x00, 0x01, 0xc0, 0x00, 0x00, 0x00, 0x00, 0x00, 0x00, },
{0x00, 0x00, 0x00, 0x00, 0x00, 0x03, 0xfe, 0x00, 0x01, 0xc0, 0x00, 0x00, 0x00, 0x00, 0x00, 0x00, },
{0x00, 0x00, 0x00, 0x00, 0x00, 0x03, 0xfe, 0x00, 0x01, 0xc0, 0x00, 0x00, 0x00, 0x00, 0x00, 0x00, },
{0x00, 0x00, 0x00, 0x00, 0x00, 0x03, 0xfe, 0x00, 0x01, 0xc0, 0x00, 0x00, 0x00, 0x00, 0x00, 0x00, },
{0x00, 0x00, 0x00, 0x00, 0x00, 0x03, 0xfe, 0x00, 0x01, 0xc7, 0x00, 0x00, 0x00, 0x00, 0x00, 0x00, },
{0x00, 0x00, 0x00, 0x00, 0x00, 0x03, 0xfe, 0x00, 0x01, 0xc7, 0x00, 0x00, 0x00, 0x00, 0x00, 0x00, },
{0x00, 0x00, 0x00, 0x00, 0x00, 0x03, 0xfe, 0x00, 0x01, 0xc7, 0x00, 0x00, 0x00, 0x00, 0x00, 0x00, },
{0x00, 0x00, 0x00, 0x00, 0x00, 0x03, 0xfe, 0x00, 0x00, 0x00, 0x00, 0x00, 0x00, 0x00, 0x00, 0x00, },
{0x00, 0x00, 0x00, 0x00, 0x00, 0x03, 0xfe, 0x00, 0x00, 0x00, 0x00, 0x00, 0x00, 0x00, 0x00, 0x00, },
{0x00, 0x00, 0x00, 0x00, 0x00, 0x03, 0xfe, 0x00, 0x00, 0x00, 0x00, 0x00, 0x00, 0x00, 0x00, 0x00, },
{0x00, 0x00, 0x00, 0x00, 0x00, 0x03, 0xfe, 0x00, 0x00, 0x00, 0x00, 0x00, 0x00, 0x00, 0x00, 0x00, },
{0x00, 0x00, 0x00, 0x00, 0x00, 0x03, 0xfe, 0x00, 0x00, 0x00, 0x00, 0x00, 0x00, 0x00, 0x00, 0x00, },
{0x00, 0x00, 0x00, 0x00, 0x00, 0x03, 0xfe, 0x00, 0x00, 0x00, 0x00, 0x00, 0x00, 0x00, 0x00, 0x00, },
{0x00, 0x00, 0x00, 0x00, 0x00, 0x03, 0xfe, 0x00, 0x00, 0x00, 0x00, 0x00, 0x00, 0x00, 0x00, 0x00, },
{0x00, 0x00, 0x00, 0x00, 0x00, 0x03, 0xfe, 0x00, 0x00, 0x00, 0x00, 0x00, 0x00, 0x00, 0x00, 0x00, },
{0x00, 0x00, 0x00, 0x00, 0x00, 0x03, 0xfe, 0x00, 0x00, 0x00, 0x00, 0x00, 0x00, 0x00, 0x00, 0x00, },
{0x00, 0x00, 0x00, 0x00, 0x00, 0x03, 0xfe, 0x00, 0x00, 0x00, 0x00, 0x00, 0x00, 0x00, 0x00, 0x00, },
{0x00, 0x00, 0x00, 0x00, 0x00, 0x03, 0xfe, 0x00, 0x00, 0x00, 0x00, 0x00, 0x00, 0x00, 0x00, 0x00, },
{0x00, 0x00, 0x00, 0x00, 0x00, 0x03, 0xfe, 0x00, 0x00, 0x00, 0x00, 0x00, 0x00, 0x00, 0x00, 0x00, },
{0x00, 0x00, 0x00, 0x00, 0x00, 0x03, 0xfe, 0x00, 0x00, 0x00, 0x00, 0x00, 0x00, 0x00, 0x00, 0x00, },
{0x00, 0x00, 0x00, 0x00, 0x00, 0x03, 0xfe, 0x38, 0x00, 0x00, 0x00, 0x00, 0x00, 0x00, 0x00, 0x00, },
{0x00, 0x00, 0x00, 0x00, 0x00, 0x03, 0xfe, 0x38, 0x00, 0x00, 0x00, 0x00, 0x00, 0x00, 0x00, 0x00, },
{0x00, 0x00, 0x00, 0x00, 0x00, 0x03, 0xfe, 0x38, 0x00, 0x00, 0x00, 0x00, 0x00, 0x00, 0x00, 0x00, },
{0x00, 0x00, 0x00, 0x00, 0x00, 0x03, 0xfe, 0x38, 0x00, 0x07, 0x00, 0x00, 0x00, 0x00, 0x00, 0x00, },
{0x00, 0x00, 0x00, 0x00, 0x00, 0x03, 0xfe, 0x38, 0x00, 0x07, 0x00, 0x00, 0x00, 0x00, 0x00, 0x00, },
{0x00, 0x00, 0x00, 0x00, 0x00, 0x03, 0xfe, 0x38, 0x00, 0x07, 0x00, 0x00, 0x00, 0x00, 0x00, 0x00, },
{0x00, 0x00, 0x00, 0x00, 0x00, 0x00, 0x00, 0x00, 0x00, 0x00, 0x00, 0x00, 0x00, 0x00, 0x00, 0x00, },
{0x00, 0x00, 0x00, 0x00, 0x00, 0x00, 0x00, 0x00, 0x00, 0x00, 0x00, 0x00, 0x00, 0x00, 0x00, 0x00, },
{0x00, 0x00, 0x00, 0x00, 0x00, 0x00, 0x00, 0x00, 0x00, 0x00, 0x00, 0x00, 0x00, 0x00, 0x00, 0x00, },
{0x00, 0x00, 0x00, 0x00, 0x00, 0x00, 0x00, 0x00, 0x00, 0x00, 0x00, 0x00, 0x00, 0x00, 0x00, 0x00, },
{0x00, 0x00, 0x00, 0x00, 0x00, 0x00, 0x00, 0x00, 0x00, 0x00, 0x00, 0x00, 0x00, 0x00, 0x00, 0x00, },
{0x00, 0x00, 0x00, 0x00, 0x00, 0x00, 0x00, 0x00, 0x00, 0x00, 0x00, 0x00, 0x00, 0x00, 0x00, 0x00, },
{0x00, 0x00, 0x00, 0x00, 0x00, 0x00, 0x00, 0x00, 0x00, 0x00, 0x00, 0x00, 0x00, 0x00, 0x00, 0x00, },
{0x00, 0x00, 0x00, 0x00, 0x00, 0x00, 0x00, 0x00, 0x00, 0x00, 0x00, 0x00, 0x00, 0x00, 0x00, 0x00, },
{0x00, 0x00, 0x00, 0x00, 0x00, 0x00, 0x00, 0x00, 0x00, 0x00, 0x00, 0x00, 0x00, 0x00, 0x00, 0x00, },
{0x00, 0x00, 0x00, 0x00, 0x00, 0x00, 0x00, 0x00, 0x00, 0x00, 0x00, 0x00, 0x00, 0x00, 0x00, 0x00, },
{0x00, 0x00, 0x00, 0x00, 0x00, 0x00, 0x00, 0x00, 0x00, 0x00, 0x00, 0x00, 0x00, 0x00, 0x00, 0x00, },
{0x00, 0x00, 0x00, 0x00, 0x00, 0x00, 0x00, 0x00, 0x00, 0x00, 0x00, 0x00, 0x00, 0x00, 0x00, 0x00, },
{0x00, 0x00, 0x00, 0x00, 0x00, 0x00, 0x00, 0x00, 0x00, 0x00, 0x00, 0x00, 0x00, 0x00, 0x00, 0x00, },
{0x00, 0x00, 0x00, 0x00, 0x00, 0x00, 0x00, 0x00, 0x00, 0x00, 0x00, 0x00, 0x00, 0x00, 0x00, 0x00, },
{0x00, 0x00, 0x00, 0x00, 0x00, 0x00, 0x00, 0x00, 0x00, 0x00, 0x00, 0x00, 0x00, 0x00, 0x00, 0x00, },
{0x00, 0x00, 0x00, 0x00, 0x00, 0x00, 0x01, 0xfc, 0x00, 0x00, 0x00, 0x00, 0x00, 0x00, 0x00, 0x00, },
{0x00, 0x00, 0x00, 0x00, 0x00, 0x00, 0x01, 0xfe, 0x00, 0x00, 0x00, 0x00, 0x00, 0x00, 0x00, 0x00, },
{0x00, 0x00, 0x00, 0x00, 0x00, 0x00, 0x01, 0xff, 0x00, 0x00, 0x00, 0x00, 0x00, 0x00, 0x00, 0x00, },
{0x00, 0x00, 0x00, 0x00, 0x00, 0x07, 0xf1, 0xff, 0x80, 0x00, 0x00, 0x00, 0x00, 0x00, 0x00, 0x00, },
{0x00, 0x00, 0x00, 0x00, 0x00, 0x0f, 0xf0, 0x3f, 0xc0, 0x00, 0x00, 0x07, 0xfc, 0x00, 0x00, 0x00, },
{0x00, 0x00, 0x00, 0x00, 0x00, 0x0f, 0xf0, 0x0f, 0xe0, 0x00, 0x00, 0x0f, 0xfc, 0x00, 0x00, 0x00, },
{0x00, 0x00, 0x00, 0x00, 0x00, 0x0f, 0xf0, 0x07, 0xf0, 0x00, 0x00, 0x3f, 0xfc, 0x00, 0x00, 0x00, },
{0x00, 0x00, 0x00, 0x00, 0x00, 0x0f, 0xf0, 0x03, 0xf8, 0x00, 0x00, 0xff, 0xfc, 0x00, 0x00, 0x00, },
{0x00, 0x00, 0x00, 0x00, 0x00, 0x0f, 0xe0, 0x00, 0xfc, 0x00, 0x01, 0xff, 0xfc, 0x00, 0x00, 0x00, },
{0x00, 0x00, 0x00, 0x00, 0x00, 0x0f, 0xc0, 0x00, 0x7e, 0x00, 0x07, 0xff, 0xfc, 0x00, 0x00, 0x00, },
{0x00, 0x00, 0x00, 0x00, 0x00, 0x0f, 0x80, 0x00, 0x7e, 0x00, 0x0f, 0xff, 0xfc, 0x00, 0x00, 0x00, },
{0x00, 0x00, 0x00, 0x00, 0x00, 0x1f, 0x00, 0x01, 0xfc, 0x1f, 0xff, 0xff, 0xfc, 0x00, 0x00, 0x00, },
{0x00, 0x00, 0x00, 0x00, 0x00, 0x1f, 0x00, 0x03, 0xf8, 0x3f, 0xff, 0xff, 0xfc, 0x00, 0x00, 0x00, },
{0x00, 0x00, 0x00, 0x00, 0x00, 0x7e, 0x00, 0x07, 0xf0, 0x3f, 0xff, 0xff, 0xfc, 0x00, 0x00, 0x00, },
{0x00, 0x00, 0x00, 0x1c, 0x00, 0xfe, 0x00, 0x1f, 0xe0, 0x3f, 0xff, 0xff, 0xfc, 0x00, 0x00, 0x00, },
{0x00, 0x01, 0xe0, 0x3e, 0x00, 0x7e, 0x00, 0x3f, 0xc0, 0x3f, 0xff, 0xff, 0xfc, 0x00, 0x00, 0x00, },
{0x00, 0x03, 0xf8, 0xfe, 0x00, 0x3e, 0x01, 0xff, 0x80, 0x3f, 0xff, 0xff, 0xfc, 0x00, 0x00, 0x00, },
{0x00, 0x03, 0xff, 0xfe, 0x00, 0x1e, 0x01, 0xff, 0x00, 0x3f, 0xff, 0xff, 0xfc, 0x00, 0x00, 0x00, },
{0x00, 0x03, 0xff, 0xff, 0x00, 0x1e, 0x01, 0xfe, 0x00, 0x3f, 0xff, 0xff, 0xfc, 0x00, 0x00, 0x00, },
{0x00, 0x07, 0xff, 0xff, 0x00, 0x1f, 0x00, 0x00, 0x00, 0x3f, 0xff, 0xff, 0xfc, 0x00, 0x00, 0x00, },
{0x00, 0x07, 0xff, 0xff, 0x80, 0x1f, 0x00, 0x00, 0x00, 0x3f, 0xff, 0xff, 0xfc, 0x00, 0x00, 0x00, },
{0x00, 0x0f, 0xf8, 0x7f, 0xc0, 0x1f, 0x80, 0x00, 0x00, 0x3f, 0xff, 0xff, 0xfc, 0x00, 0x00, 0x00, },
{0x00, 0x1f, 0xc0, 0x0f, 0xfc, 0x1f, 0xc0, 0x00, 0x00, 0x3f, 0xff, 0xff, 0xfc, 0x00, 0x00, 0x00, },
{0x01, 0xff, 0x80, 0x07, 0xfe, 0x1f, 0xe0, 0x00, 0x00, 0x3f, 0xff, 0xff, 0xfc, 0x00, 0x00, 0x00, },
{0x03, 0xff, 0x00, 0x03, 0xff, 0x0f, 0xf0, 0x00, 0x00, 0x3f, 0xff, 0xe0, 0x00, 0x00, 0x00, 0x00, },
{0x03, 0xfe, 0x00, 0x01, 0xff, 0x07, 0xf0, 0x00, 0x00, 0x3f, 0xff, 0xf0, 0x00, 0x00, 0x00, 0x00, },
{0x03, 0xfc, 0x00, 0x00, 0xff, 0x03, 0xf0, 0x00, 0x00, 0x3f, 0xff, 0xf0, 0x00, 0x00, 0x00, 0x00, },
{0x03, 0xfc, 0x00, 0x00, 0xfe, 0x01, 0xf0, 0x00, 0x00, 0x3f, 0xff, 0xf0, 0x00, 0x00, 0x00, 0x00, },
{0x01, 0xf8, 0x00, 0x00, 0x7c, 0x01, 0xf0, 0x00, 0x00, 0x3f, 0xff, 0xf0, 0x00, 0x00, 0x00, 0x00, },
{0x00, 0xf8, 0x00, 0x00, 0x7c, 0x00, 0x00, 0x00, 0x00, 0x3f, 0xff, 0xf0, 0x00, 0x00, 0x00, 0x00, },
{0x00, 0xf8, 0x00, 0x00, 0x7c, 0x00, 0x00, 0x00, 0x00, 0x3f, 0xff, 0xf0, 0x00, 0x00, 0x00, 0x00, },
{0x00, 0xf8, 0x00, 0x00, 0x7c, 0x00, 0x00, 0x00, 0x00, 0x3f, 0xff, 0xf0, 0x00, 0x00, 0x00, 0x00, },
{0x00, 0xf8, 0x00, 0x00, 0x7c, 0x00, 0x00, 0x00, 0x00, 0x3f, 0xff, 0xf0, 0x00, 0x00, 0x00, 0x00, },
{0x00, 0xf8, 0x00, 0x00, 0x7c, 0x00, 0x00, 0x00, 0x00, 0x3f, 0xff, 0xf0, 0x00, 0x00, 0x00, 0x00, },
{0x00, 0xf8, 0x00, 0x00, 0x7e, 0x00, 0x00, 0x00, 0x00, 0x3f, 0xff, 0xf0, 0x00, 0x00, 0x00, 0x00, },
{0x01, 0xfc, 0x00, 0x00, 0xff, 0x00, 0x00, 0x00, 0x00, 0x3f, 0xff, 0xf0, 0x00, 0x00, 0x00, 0x00, },
{0x03, 0xfc, 0x00, 0x00, 0xff, 0x00, 0x00, 0x00, 0x00, 0x3f, 0xff, 0xf0, 0x00, 0x00, 0x00, 0x00, },
{0x03, 0xfe, 0x00, 0x01, 0xff, 0x00, 0x00, 0x00, 0x00, 0x3f, 0xff, 0xe0, 0x00, 0x00, 0x00, 0x00, },
{0x03, 0xff, 0x00, 0x03, 0xff, 0x00, 0x00, 0x00, 0x00, 0x3f, 0xff, 0xc0, 0x00, 0x00, 0x00, 0x00, },
{0x01, 0xff, 0x80, 0x07, 0xfe, 0x00, 0x00, 0x00, 0x00, 0x3f, 0xff, 0x00, 0x00, 0x00, 0x00, 0x00, },
{0x00, 0xff, 0xe0, 0x0f, 0xe0, 0x00, 0x00, 0x00, 0x00, 0x3c, 0x00, 0x00, 0x00, 0x00, 0x00, 0x00, },
{0x00, 0x0f, 0xf8, 0x7f, 0xc0, 0x00, 0x00, 0x00, 0x00, 0x38, 0x00, 0x00, 0x00, 0x00, 0x00, 0x00, },
{0x00, 0x07, 0xff, 0xff, 0x80, 0x00, 0x00, 0x00, 0x00, 0x38, 0x00, 0x00, 0x00, 0x00, 0x00, 0x00, },
{0x00, 0x03, 0xff, 0xff, 0x80, 0x00, 0x00, 0x00, 0x00, 0x30, 0x00, 0x00, 0x00, 0x00, 0x00, 0x00, },
{0x00, 0x03, 0xff, 0xff, 0x00, 0x00, 0x00, 0x00, 0x00, 0x30, 0x00, 0x00, 0x00, 0x00, 0x00, 0x00, },
{0x00, 0x03, 0xff, 0xff, 0x00, 0x00, 0x00, 0x00, 0x00, 0x00, 0x00, 0x00, 0x00, 0x00, 0x00, 0x00, },
{0x00, 0x01, 0xfc, 0x7f, 0x00, 0x00, 0x00, 0x00, 0x00, 0x00, 0x00, 0x00, 0x00, 0x00, 0x00, 0x00, },
{0x00, 0x01, 0xf0, 0x1e, 0x00, 0x00, 0x00, 0x00, 0x00, 0x00, 0x00, 0x00, 0x00, 0x00, 0x00, 0x00, },
{0x00, 0x00, 0xe0, 0x00, 0x00, 0x00, 0x00, 0x00, 0x00, 0x00, 0x00, 0x00, 0x00, 0x00, 0x00, 0x00, },
{0x00, 0x00, 0x00, 0x00, 0x00, 0x00, 0x00, 0x00, 0x00, 0x00, 0x00, 0x00, 0x00, 0x00, 0x00, 0x00, },
{0x00, 0x00, 0x00, 0x00, 0x00, 0x00, 0x00, 0x00, 0x00, 0x00, 0x00, 0x00, 0x00, 0x00, 0x00, 0x00, },
{0x00, 0x00, 0x00, 0x00, 0x00, 0x00, 0x00, 0x00, 0x00, 0x00, 0x00, 0x00, 0x00, 0x00, 0x00, 0x00, },
{0x00, 0x00, 0x00, 0x00, 0x00, 0x00, 0x00, 0x00, 0x00, 0x00, 0x00, 0x00, 0x00, 0x00, 0x00, 0x00, },
{0x00, 0x00, 0x00, 0x00, 0x00, 0x00, 0x00, 0x00, 0x00, 0x00, 0x00, 0x00, 0x00, 0x00, 0x00, 0x00, },
{0x00, 0x00, 0x00, 0x00, 0x00, 0x00, 0x00, 0x00, 0x00, 0x00, 0x00, 0x00, 0x00, 0x00, 0x00, 0x00, },
{0x00, 0x00, 0x00, 0x00, 0x00, 0x00, 0x00, 0x00, 0x00, 0x00, 0x00, 0x00, 0x00, 0x00, 0x00, 0x00, },
{0x00, 0x00, 0x00, 0x00, 0x00, 0x00, 0x00, 0x00, 0x00, 0x00, 0x00, 0x00, 0x00, 0x00, 0x00, 0x00, },
{0x00, 0x00, 0x00, 0x00, 0x00, 0x00, 0x00, 0x00, 0x00, 0x00, 0x00, 0x00, 0x00, 0x00, 0x00, 0x00, },
{0x00, 0x00, 0x00, 0x00, 0x00, 0x00, 0x00, 0x00, 0x00, 0x00, 0x00, 0x00, 0x00, 0x00, 0x00, 0x00, },
{0x00, 0x00, 0x00, 0x00, 0x00, 0x00, 0x00, 0x00, 0x00, 0x00, 0x00, 0x00, 0x00, 0x00, 0x00, 0x00, },
{0x00, 0x00, 0x00, 0x00, 0x00, 0x00, 0x00, 0x00, 0x00, 0x00, 0x00, 0x00, 0x00, 0x00, 0x00, 0x00, },
{0x00, 0x00, 0x00, 0x00, 0x00, 0x00, 0x00, 0x00, 0x00, 0x00, 0x00, 0x00, 0x00, 0x00, 0x00, 0x00, },
};/*red layer yangwen*/

const unsigned char img_runing[250][16] ICACHE_RODATA_ATTR = { /*Black layer inscription runtime interface */
{0xf8, 0x00, 0x00, 0x00, 0x00, 0x00, 0x00, 0x00, 0x00, 0x00, 0x00, 0x00, 0x00, 0x7f, 0xff, 0xff, },
{0xe0, 0x00, 0xff, 0xff, 0xff, 0xff, 0xff, 0xff, 0xff, 0xff, 0xff, 0xff, 0xff, 0x7f, 0xff, 0xff, },
{0xc0, 0x00, 0xff, 0xff, 0xff, 0xff, 0xff, 0xff, 0xff, 0xff, 0xff, 0xff, 0xff, 0x7f, 0xff, 0xff, },
{0x80, 0x00, 0xff, 0xff, 0xff, 0xff, 0xff, 0xff, 0xff, 0xff, 0xff, 0xff, 0xff, 0x7f, 0xff, 0xff, },
{0x80, 0x00, 0xff, 0xff, 0xff, 0xff, 0xff, 0xff, 0xff, 0xff, 0xff, 0xff, 0xff, 0x7f, 0xff, 0xff, },
{0x00, 0x00, 0xff, 0xff, 0xff, 0xff, 0xff, 0xff, 0xff, 0xff, 0xff, 0xff, 0xff, 0x7f, 0xff, 0xff, },
{0x00, 0x00, 0xff, 0xff, 0xff, 0xff, 0xff, 0xff, 0xff, 0xff, 0xff, 0xff, 0xff, 0x7f, 0xff, 0xff, },
{0x00, 0x00, 0xff, 0xff, 0xff, 0xff, 0xff, 0xff, 0xff, 0xff, 0xff, 0xff, 0xff, 0x7f, 0xff, 0xff, },
{0x00, 0x00, 0xff, 0xff, 0xff, 0xff, 0xff, 0xff, 0xff, 0xff, 0xff, 0xff, 0xff, 0x7f, 0xff, 0xff, },
{0x00, 0x00, 0xff, 0xff, 0xff, 0xff, 0xff, 0xff, 0xff, 0xff, 0xff, 0xff, 0xff, 0x7f, 0xff, 0xff, },
{0x00, 0x00, 0xff, 0xff, 0xff, 0xff, 0xff, 0xff, 0xff, 0xff, 0xff, 0xff, 0xff, 0x7f, 0xff, 0xff, },
{0x00, 0x00, 0xff, 0xff, 0xff, 0xff, 0xff, 0xff, 0xff, 0xff, 0xff, 0xff, 0xff, 0x7f, 0xff, 0xff, },
{0x00, 0x00, 0xff, 0xff, 0xff, 0xff, 0xff, 0xff, 0xff, 0xff, 0xff, 0xff, 0xff, 0x7f, 0xff, 0xff, },
{0x00, 0x00, 0xff, 0xff, 0xff, 0xff, 0xff, 0xff, 0xff, 0xff, 0xff, 0xff, 0xff, 0x7f, 0xff, 0xff, },
{0x00, 0x00, 0xff, 0xff, 0xff, 0xff, 0xff, 0xff, 0xff, 0xff, 0xff, 0xff, 0xff, 0x7f, 0xff, 0xff, },
{0x00, 0x00, 0xff, 0xff, 0xff, 0xff, 0xff, 0xff, 0xff, 0xff, 0xff, 0xff, 0xff, 0x7f, 0xff, 0xff, },
{0x00, 0x00, 0xff, 0xff, 0xff, 0xff, 0xff, 0xff, 0xff, 0xff, 0xff, 0xff, 0xff, 0x7f, 0xff, 0xff, },
{0x00, 0x00, 0xff, 0xff, 0xff, 0xff, 0xff, 0xff, 0xff, 0xff, 0xff, 0xff, 0xff, 0x7f, 0xff, 0xff, },
{0x00, 0x00, 0xff, 0xff, 0xff, 0xff, 0xff, 0xff, 0xff, 0xff, 0xff, 0xff, 0xff, 0x7f, 0xff, 0xff, },
{0x00, 0x00, 0xff, 0xff, 0xff, 0xff, 0xff, 0xff, 0xff, 0xff, 0xff, 0xff, 0xff, 0x7f, 0xff, 0xff, },
{0x00, 0x00, 0xff, 0xff, 0xff, 0xff, 0xff, 0xff, 0xff, 0xff, 0xff, 0xff, 0xff, 0x7f, 0xff, 0xff, },
{0x00, 0x00, 0xff, 0xff, 0xff, 0xff, 0xff, 0xff, 0xff, 0xff, 0xff, 0xff, 0xff, 0x7f, 0xff, 0xff, },
{0x00, 0x00, 0xff, 0xff, 0xff, 0xff, 0xff, 0xff, 0xff, 0xff, 0xff, 0xff, 0xff, 0x7f, 0xff, 0xff, },
{0x00, 0x00, 0xff, 0xff, 0xff, 0xff, 0xff, 0xff, 0xff, 0xff, 0xff, 0xff, 0xff, 0x7f, 0xff, 0xff, },
{0x00, 0x00, 0xff, 0xff, 0xff, 0xff, 0xff, 0xff, 0xff, 0xff, 0xff, 0xff, 0xff, 0x7f, 0xff, 0xff, },
{0x00, 0x00, 0xff, 0xff, 0xff, 0xff, 0xff, 0xff, 0xff, 0xff, 0xff, 0x00, 0x00, 0x7f, 0xff, 0xff, },
{0x00, 0x00, 0xff, 0xff, 0xff, 0xff, 0xff, 0xff, 0xff, 0xff, 0xff, 0x7f, 0xff, 0x7f, 0xff, 0xff, },
{0x00, 0x00, 0xff, 0xff, 0xff, 0xff, 0xff, 0xff, 0xff, 0xff, 0xff, 0x7e, 0xf7, 0x7f, 0xff, 0xff, },
{0x00, 0x00, 0xff, 0xff, 0xff, 0xff, 0xff, 0xff, 0xff, 0xff, 0xff, 0x7d, 0xfb, 0x7f, 0xff, 0xff, },
{0x00, 0x00, 0xff, 0xff, 0xff, 0xff, 0xff, 0xff, 0xff, 0xff, 0xff, 0x7d, 0xfb, 0x7f, 0xff, 0xff, },
{0x00, 0x00, 0xff, 0xff, 0xff, 0xff, 0xff, 0xff, 0xff, 0xff, 0xff, 0x76, 0xf7, 0x7f, 0xff, 0xff, },
{0x00, 0x00, 0xff, 0xff, 0xff, 0xff, 0xff, 0xff, 0xff, 0xff, 0xff, 0x6b, 0x0f, 0x7f, 0xff, 0xff, },
{0x00, 0x00, 0xff, 0xff, 0xff, 0xff, 0xff, 0xff, 0xff, 0xff, 0xff, 0x77, 0xff, 0x7f, 0xff, 0xff, },
{0x00, 0x00, 0xff, 0xff, 0xff, 0xff, 0xff, 0xff, 0xff, 0xff, 0xff, 0x7f, 0xff, 0x7f, 0xff, 0xff, },
{0x00, 0x80, 0xff, 0xff, 0xff, 0xff, 0xff, 0xff, 0xff, 0xff, 0xff, 0x7f, 0xff, 0x7f, 0xff, 0xff, },
{0x01, 0x00, 0xff, 0xff, 0xff, 0xff, 0xff, 0xff, 0xff, 0xff, 0xff, 0x7f, 0xff, 0x7f, 0xff, 0xff, },
{0x01, 0x00, 0xff, 0xff, 0xff, 0xff, 0xff, 0xff, 0xff, 0xff, 0xff, 0x7f, 0xff, 0x7f, 0xff, 0xff, },
{0x00, 0x80, 0xff, 0xff, 0xff, 0xff, 0xff, 0xff, 0xff, 0xff, 0xff, 0x7f, 0xff, 0x7f, 0xff, 0xff, },
{0x01, 0xfc, 0xff, 0xff, 0xff, 0xff, 0xff, 0xff, 0xff, 0xff, 0xff, 0x7f, 0xff, 0x7f, 0xff, 0xff, },
{0x00, 0x00, 0xff, 0xff, 0xff, 0xff, 0xff, 0xff, 0xff, 0xff, 0xff, 0x7f, 0xff, 0x7f, 0xff, 0xff, },
{0x00, 0x00, 0xff, 0xff, 0xff, 0xff, 0xff, 0xff, 0xff, 0xff, 0xff, 0x7f, 0xff, 0x7f, 0xff, 0xff, },
{0x00, 0x00, 0xff, 0xff, 0xff, 0xff, 0xff, 0xff, 0xff, 0xff, 0xff, 0x7f, 0xff, 0x7f, 0xff, 0xff, },
{0x00, 0xe8, 0xff, 0xff, 0xff, 0xff, 0xff, 0xff, 0xff, 0xff, 0xff, 0x7f, 0xff, 0x7f, 0xff, 0xff, },
{0x01, 0x24, 0xff, 0xff, 0xff, 0xff, 0xff, 0xff, 0xff, 0xff, 0xff, 0x7f, 0xff, 0x7f, 0xff, 0xff, },
{0x01, 0x24, 0xff, 0xff, 0xff, 0xff, 0xff, 0xff, 0xff, 0xff, 0xff, 0x7f, 0xff, 0x7f, 0xff, 0xff, },
{0x01, 0x24, 0xff, 0xff, 0xff, 0xff, 0xff, 0xff, 0xff, 0xff, 0xff, 0x7f, 0xff, 0x7f, 0xff, 0xff, },
{0x01, 0x24, 0xff, 0xff, 0xff, 0xff, 0xff, 0xff, 0xff, 0xff, 0xff, 0x7f, 0xff, 0x7f, 0xff, 0xff, },
{0x00, 0xf8, 0xff, 0xff, 0xff, 0xff, 0xff, 0xff, 0xff, 0xff, 0xff, 0x7f, 0xff, 0x7f, 0xff, 0xff, },
{0x00, 0x00, 0xff, 0xff, 0xff, 0xff, 0xff, 0xff, 0xff, 0xff, 0xff, 0x7f, 0xff, 0x7f, 0xff, 0xff, },
{0x00, 0x00, 0xff, 0xff, 0xff, 0xff, 0xff, 0xff, 0xff, 0xff, 0xff, 0x7f, 0xff, 0x7f, 0xff, 0xff, },
{0x00, 0xfc, 0xff, 0xff, 0xff, 0xff, 0xff, 0xff, 0xff, 0xff, 0xff, 0x7f, 0xff, 0x7f, 0xff, 0xff, },
{0x01, 0x00, 0xff, 0xff, 0xff, 0xff, 0xff, 0xff, 0xff, 0xff, 0xff, 0x7f, 0xff, 0x7f, 0xff, 0xff, },
{0x01, 0x00, 0xff, 0xff, 0xff, 0xff, 0xff, 0xff, 0xff, 0xff, 0xff, 0x7f, 0xff, 0x7f, 0xff, 0xff, },
{0x01, 0x00, 0xff, 0xff, 0xff, 0xff, 0xff, 0xff, 0xff, 0xff, 0xff, 0x7f, 0xff, 0x7f, 0xff, 0xff, },
{0x1f, 0xfc, 0xff, 0xff, 0xff, 0xff, 0xff, 0xff, 0xff, 0xff, 0xff, 0x7f, 0xff, 0x7f, 0xff, 0xff, },
{0x00, 0x00, 0xff, 0xff, 0xff, 0xff, 0xff, 0xff, 0xff, 0xff, 0xff, 0x7f, 0xff, 0x7f, 0xff, 0xff, },
{0x00, 0x00, 0xff, 0xff, 0xff, 0xff, 0xff, 0xff, 0xff, 0xff, 0xff, 0x7f, 0xff, 0x7f, 0xff, 0xff, },
{0x00, 0x00, 0xff, 0xff, 0xff, 0xff, 0xff, 0xff, 0xff, 0xff, 0xff, 0x7f, 0xff, 0x7f, 0xff, 0xff, },
{0x01, 0x04, 0xff, 0xff, 0xff, 0xff, 0xff, 0xff, 0xff, 0xff, 0xff, 0x7f, 0xbf, 0x7f, 0xff, 0xff, },
{0x01, 0x04, 0xff, 0xff, 0xff, 0xff, 0xff, 0xff, 0xff, 0xff, 0xff, 0x7f, 0xdf, 0x7f, 0xff, 0xff, },
{0x01, 0x04, 0xff, 0xff, 0xff, 0xff, 0xff, 0xff, 0xff, 0xff, 0xff, 0x7f, 0xdf, 0x7f, 0xff, 0xff, },
{0x0f, 0xf8, 0x00, 0x00, 0x00, 0x00, 0x00, 0x00, 0x00, 0x00, 0x00, 0x7f, 0xbf, 0x7f, 0xff, 0xff, },
{0x01, 0x00, 0xff, 0xff, 0xff, 0xff, 0xff, 0xff, 0xff, 0xff, 0xff, 0x7f, 0x7f, 0x7f, 0xff, 0xff, },
{0x01, 0x00, 0xff, 0xff, 0xff, 0xff, 0xff, 0xff, 0xff, 0xff, 0xff, 0x7f, 0x7f, 0x7f, 0xff, 0xff, },
{0x00, 0x00, 0xff, 0xff, 0xff, 0xff, 0xff, 0xff, 0xff, 0xff, 0xff, 0x7f, 0xbf, 0x7f, 0xff, 0xff, },
{0x00, 0x00, 0xff, 0xff, 0xff, 0xff, 0xff, 0xff, 0xff, 0xff, 0xff, 0x7f, 0xff, 0x7f, 0xff, 0xff, },
{0x00, 0xfc, 0xff, 0xff, 0xff, 0xff, 0xff, 0xff, 0xff, 0xff, 0xff, 0x7e, 0xf7, 0x7f, 0xff, 0xff, },
{0x01, 0x48, 0xff, 0xff, 0xff, 0xff, 0xff, 0xff, 0xff, 0xff, 0xff, 0x7d, 0xfb, 0x7f, 0xff, 0xff, },
{0x01, 0x44, 0xff, 0xff, 0xff, 0xff, 0xff, 0xff, 0xff, 0xff, 0xff, 0x7d, 0xfb, 0x7f, 0xff, 0xff, },
{0x01, 0x44, 0xff, 0xff, 0xff, 0xff, 0xff, 0xff, 0xff, 0xff, 0xff, 0x76, 0xf7, 0x7f, 0xff, 0xff, },
{0x01, 0x24, 0xff, 0xff, 0xff, 0xff, 0xff, 0xff, 0xff, 0xff, 0xff, 0x6b, 0x0f, 0x7f, 0xff, 0xff, },
{0x00, 0x98, 0xff, 0xff, 0xff, 0xff, 0xff, 0xff, 0xff, 0xff, 0xff, 0x77, 0xff, 0x7f, 0xff, 0xff, },
{0x00, 0x00, 0xff, 0xff, 0xff, 0xff, 0xff, 0xff, 0xff, 0xff, 0xff, 0x7f, 0xff, 0x7f, 0xff, 0xff, },
{0x00, 0x00, 0xff, 0xff, 0xff, 0xff, 0xff, 0xff, 0xff, 0xff, 0xff, 0x7f, 0xff, 0x7f, 0xff, 0xff, },
{0x00, 0xe8, 0xff, 0xff, 0xff, 0xff, 0xff, 0xff, 0xff, 0xff, 0xff, 0x7f, 0xff, 0x7f, 0xff, 0xff, },
{0x01, 0x24, 0xff, 0xff, 0xff, 0xff, 0xff, 0xff, 0xff, 0xff, 0xff, 0x7f, 0xff, 0x7f, 0xff, 0xff, },
{0x01, 0x24, 0xff, 0xff, 0xff, 0xff, 0xff, 0xff, 0xff, 0xff, 0xff, 0x7f, 0xff, 0x7f, 0xff, 0xff, },
{0x01, 0x24, 0xff, 0xff, 0xff, 0xff, 0xff, 0xff, 0xff, 0xff, 0xff, 0x7f, 0xff, 0x7f, 0xff, 0xff, },
{0x01, 0x24, 0xff, 0xff, 0xff, 0xff, 0xff, 0xff, 0xff, 0xff, 0xff, 0x7f, 0xff, 0x7f, 0xff, 0xff, },
{0x00, 0xf8, 0xff, 0xff, 0xff, 0xff, 0xff, 0xff, 0xff, 0xff, 0xff, 0x7f, 0xff, 0x7f, 0xff, 0xff, },
{0x1c, 0x00, 0xff, 0xff, 0xff, 0xff, 0xff, 0xff, 0xff, 0xff, 0xff, 0x7f, 0xff, 0x7f, 0xff, 0xff, },
{0x03, 0xc0, 0xff, 0xff, 0xff, 0xff, 0xff, 0xff, 0xff, 0xff, 0xff, 0x7f, 0xff, 0x7f, 0xff, 0xff, },
{0x00, 0x7c, 0xff, 0xff, 0xff, 0xff, 0xff, 0xff, 0xff, 0xff, 0xff, 0x7f, 0xff, 0x7f, 0xff, 0xff, },
{0x03, 0xc0, 0xff, 0xff, 0xff, 0xff, 0xff, 0xff, 0xff, 0xff, 0xff, 0x7f, 0xff, 0x7f, 0xff, 0xff, },
{0x1e, 0x00, 0xff, 0xff, 0xff, 0xff, 0xff, 0xff, 0xff, 0xff, 0xff, 0x7f, 0xff, 0x7f, 0xff, 0xff, },
{0x03, 0xe0, 0xff, 0xff, 0xff, 0xff, 0xff, 0xff, 0xff, 0xff, 0xff, 0x7f, 0xff, 0x7f, 0xff, 0xff, },
{0x00, 0x7c, 0xff, 0xff, 0xff, 0xff, 0xff, 0xff, 0xff, 0xff, 0xff, 0x7f, 0xff, 0x7f, 0xff, 0xff, },
{0x03, 0xc0, 0xff, 0xff, 0xff, 0xff, 0xff, 0xff, 0xff, 0xff, 0xff, 0x7f, 0xff, 0x7f, 0xff, 0xff, },
{0x1c, 0x00, 0xff, 0xff, 0xff, 0xff, 0xff, 0xff, 0xff, 0xff, 0xff, 0x7f, 0xff, 0x7f, 0xff, 0xff, },
{0x00, 0x00, 0xff, 0xff, 0xff, 0xff, 0xff, 0xff, 0xff, 0xff, 0xff, 0x7f, 0xff, 0x7f, 0xff, 0xff, },
{0x00, 0x00, 0xff, 0xff, 0xff, 0xff, 0xff, 0xff, 0xff, 0xff, 0xff, 0x7f, 0xff, 0x7f, 0xff, 0xff, },
{0x00, 0x00, 0xff, 0xff, 0xff, 0xff, 0xff, 0xff, 0xff, 0xff, 0xff, 0x7f, 0xff, 0x7f, 0xff, 0xff, },
{0x00, 0x00, 0xff, 0xff, 0xff, 0xff, 0xff, 0xff, 0xff, 0xff, 0xff, 0x7f, 0xff, 0x7f, 0xff, 0xff, },
{0x00, 0x00, 0xff, 0xff, 0xff, 0xff, 0xff, 0xff, 0xff, 0xff, 0xff, 0x7f, 0xff, 0x7f, 0xff, 0xff, },
{0x00, 0x00, 0xff, 0xff, 0xff, 0xff, 0xff, 0xff, 0xff, 0xff, 0xff, 0x7f, 0xff, 0x7f, 0xff, 0xff, },
{0x00, 0x00, 0xff, 0xff, 0xff, 0xff, 0xff, 0xff, 0xff, 0xff, 0xff, 0x7f, 0xff, 0x7f, 0xff, 0xff, },
{0x00, 0x00, 0xff, 0xff, 0xff, 0xff, 0xff, 0xff, 0xff, 0xff, 0xff, 0x00, 0x00, 0x7f, 0xff, 0xff, },
{0x00, 0x00, 0xff, 0xff, 0xff, 0xff, 0xff, 0xff, 0xff, 0xff, 0xff, 0xff, 0xff, 0x7f, 0xff, 0xff, },
{0x00, 0x00, 0xff, 0xff, 0xff, 0xff, 0xff, 0xff, 0xff, 0xff, 0xff, 0xff, 0xff, 0x7f, 0xff, 0xff, },
{0x00, 0x00, 0xff, 0xff, 0xff, 0xff, 0xff, 0xff, 0xff, 0xff, 0xff, 0xff, 0xff, 0x7f, 0xff, 0xff, },
{0x00, 0x00, 0xff, 0xff, 0xff, 0xff, 0xff, 0xff, 0xff, 0xff, 0xff, 0xff, 0xff, 0x7f, 0xff, 0xff, },
{0x00, 0x00, 0xff, 0xff, 0xff, 0xff, 0xff, 0xff, 0xff, 0xff, 0xff, 0xff, 0xff, 0x7f, 0xff, 0xff, },
{0x00, 0x00, 0xff, 0xff, 0xff, 0xff, 0xff, 0xff, 0xff, 0xff, 0xff, 0xff, 0xff, 0x7f, 0xff, 0xff, },
{0x00, 0x00, 0xff, 0xff, 0xff, 0xff, 0xff, 0xff, 0xff, 0xff, 0xff, 0xff, 0xff, 0x7f, 0xff, 0xff, },
{0x00, 0x00, 0xff, 0xff, 0xff, 0xff, 0xff, 0xff, 0xff, 0xff, 0xff, 0xff, 0xff, 0x7f, 0xff, 0xff, },
{0x00, 0x00, 0xff, 0xff, 0xff, 0xff, 0xff, 0xff, 0xff, 0xff, 0xff, 0xff, 0xff, 0x7f, 0xff, 0xff, },
{0x00, 0x00, 0xff, 0xff, 0xff, 0xff, 0xff, 0xff, 0xff, 0xff, 0xff, 0xff, 0xff, 0x7f, 0xff, 0xff, },
{0x00, 0x00, 0xff, 0xff, 0xff, 0xff, 0xff, 0xff, 0xff, 0xff, 0xff, 0xff, 0xff, 0x7f, 0xff, 0xff, },
{0x00, 0x00, 0xff, 0xff, 0xff, 0xff, 0xff, 0xff, 0xff, 0xff, 0xff, 0xff, 0xff, 0x7f, 0xff, 0xff, },
{0x00, 0x00, 0xff, 0xff, 0xff, 0xff, 0xff, 0xff, 0xff, 0xff, 0xff, 0xff, 0xff, 0x7f, 0xff, 0xff, },
{0x00, 0x00, 0xff, 0xff, 0xff, 0xff, 0xff, 0xff, 0xff, 0xff, 0xff, 0xff, 0xff, 0x7f, 0xff, 0xff, },
{0x00, 0x00, 0xff, 0xff, 0xff, 0xff, 0xff, 0xff, 0xff, 0xff, 0xff, 0xff, 0xff, 0x7f, 0xff, 0xff, },
{0x00, 0x00, 0xff, 0xff, 0xff, 0xff, 0xff, 0xff, 0xff, 0xff, 0xff, 0xff, 0xff, 0x7f, 0xff, 0xff, },
{0x00, 0x00, 0xff, 0xff, 0xff, 0xff, 0xff, 0xff, 0xff, 0xff, 0xff, 0xff, 0xff, 0x7f, 0xff, 0xff, },
{0x00, 0x00, 0xff, 0xff, 0xff, 0xff, 0xff, 0xff, 0xff, 0xff, 0xff, 0xff, 0xff, 0x7f, 0xff, 0xff, },
{0x00, 0x00, 0xff, 0xff, 0xff, 0xff, 0xff, 0xff, 0xff, 0xff, 0xff, 0xff, 0xff, 0x7f, 0xff, 0xff, },
{0x00, 0x00, 0xff, 0xff, 0xff, 0xff, 0xff, 0xff, 0xff, 0xff, 0xff, 0xff, 0xff, 0x7f, 0xff, 0xff, },
{0x80, 0x00, 0xff, 0xff, 0xff, 0xff, 0xff, 0xff, 0xff, 0xff, 0xff, 0xff, 0xff, 0x7f, 0xff, 0xff, },
{0x80, 0x00, 0xff, 0xff, 0xff, 0xff, 0xff, 0xff, 0xff, 0xff, 0xff, 0xff, 0xff, 0x7f, 0xff, 0xff, },
{0xc0, 0x00, 0xff, 0xff, 0xff, 0xff, 0xff, 0xff, 0xff, 0xff, 0xff, 0xff, 0xff, 0x7f, 0xff, 0xff, },
{0xe0, 0x00, 0xff, 0xff, 0xff, 0xff, 0xff, 0xff, 0xff, 0xff, 0xff, 0xff, 0xff, 0x7f, 0xff, 0xff, },
{0xf8, 0x00, 0x00, 0x00, 0x00, 0x00, 0x00, 0x00, 0x00, 0x00, 0x00, 0x00, 0x00, 0x7f, 0xff, 0xff, },
{0xff, 0xff, 0xff, 0xff, 0xff, 0xff, 0xff, 0xff, 0xff, 0xff, 0xff, 0xff, 0xff, 0xff, 0xff, 0xff, },
{0xff, 0xff, 0xff, 0xff, 0xff, 0xff, 0xff, 0xff, 0xff, 0xff, 0xff, 0xff, 0xff, 0xff, 0xff, 0xff, },
{0xff, 0xff, 0xff, 0xff, 0xff, 0xff, 0xff, 0xff, 0xff, 0xff, 0xff, 0xff, 0xff, 0xff, 0xff, 0xff, },
{0xff, 0xff, 0xff, 0xff, 0xff, 0xff, 0xff, 0xff, 0xff, 0xff, 0xff, 0xff, 0xff, 0xff, 0xff, 0xff, },
{0xff, 0xff, 0xff, 0xff, 0xff, 0xff, 0xff, 0xff, 0xff, 0xff, 0xff, 0xff, 0xff, 0xff, 0xff, 0xff, },
{0xff, 0xff, 0xff, 0xff, 0xff, 0xff, 0xff, 0xff, 0xff, 0xff, 0xff, 0xff, 0xff, 0xff, 0xff, 0xff, },
{0xff, 0xff, 0xff, 0xff, 0xff, 0xff, 0xff, 0xff, 0xff, 0xff, 0xff, 0xff, 0xff, 0xff, 0xff, 0xff, },
{0xff, 0xff, 0xff, 0xff, 0xff, 0xff, 0xff, 0xff, 0xff, 0xff, 0xff, 0xff, 0xff, 0xff, 0xff, 0xff, },
{0xf8, 0x00, 0x00, 0x00, 0x00, 0x00, 0x00, 0x00, 0x00, 0x00, 0x00, 0x00, 0x00, 0x7f, 0xff, 0xff, },
{0xe0, 0x00, 0xff, 0xff, 0xff, 0xff, 0xff, 0xff, 0xff, 0xff, 0xff, 0xff, 0xff, 0x7f, 0xff, 0xff, },
{0xc0, 0x00, 0xff, 0xff, 0xff, 0xff, 0xff, 0xff, 0xff, 0xff, 0xff, 0xff, 0xff, 0x7f, 0xff, 0xff, },
{0x80, 0x00, 0xff, 0xff, 0xff, 0xff, 0xff, 0xff, 0xff, 0xff, 0xff, 0xff, 0xff, 0x7f, 0xff, 0xff, },
{0x80, 0x00, 0xff, 0xff, 0xff, 0xff, 0xff, 0xff, 0xff, 0xff, 0xff, 0xff, 0xff, 0x7f, 0xff, 0xff, },
{0x00, 0x00, 0xff, 0xff, 0xff, 0xff, 0xff, 0xff, 0xff, 0xff, 0xff, 0xff, 0xff, 0x7f, 0xff, 0xff, },
{0x00, 0x0c, 0xff, 0xff, 0xff, 0xff, 0xff, 0xff, 0xff, 0xff, 0xff, 0xff, 0xff, 0x7f, 0xff, 0xff, },
{0x00, 0x0c, 0xff, 0xff, 0xff, 0xff, 0xff, 0xff, 0xff, 0xff, 0xff, 0xff, 0xff, 0x7f, 0xff, 0xff, },
{0x00, 0x00, 0xff, 0xff, 0xff, 0xff, 0xff, 0xff, 0xff, 0xff, 0xff, 0xff, 0xff, 0x7f, 0xff, 0xff, },
{0x00, 0x00, 0xff, 0xff, 0xff, 0xff, 0xff, 0xff, 0xff, 0xff, 0xff, 0xff, 0xff, 0x7f, 0xff, 0xff, },
{0x00, 0x00, 0xff, 0xff, 0xff, 0xff, 0xff, 0xff, 0xff, 0xff, 0xff, 0xff, 0xff, 0x7f, 0xff, 0xff, },
{0x00, 0x00, 0xff, 0xff, 0xff, 0xff, 0xff, 0xff, 0xff, 0xff, 0xff, 0xff, 0xff, 0x7f, 0xff, 0xff, },
{0x00, 0x00, 0xff, 0xff, 0xff, 0xff, 0xff, 0xff, 0xff, 0xff, 0xff, 0xff, 0xff, 0x7f, 0xff, 0xff, },
{0x00, 0x00, 0xff, 0xff, 0xff, 0xff, 0xff, 0xff, 0xff, 0xff, 0xff, 0xff, 0xff, 0x7f, 0xff, 0xff, },
{0x00, 0x00, 0xff, 0xff, 0xff, 0xff, 0xff, 0xff, 0xff, 0xff, 0xff, 0xff, 0xff, 0x7f, 0xff, 0xff, },
{0x00, 0x00, 0xff, 0xff, 0xff, 0xff, 0xff, 0xff, 0xff, 0xff, 0xff, 0xff, 0xff, 0x7f, 0xff, 0xff, },
{0x00, 0x00, 0xff, 0xff, 0xff, 0xff, 0xff, 0xff, 0xff, 0xff, 0xff, 0xff, 0xff, 0x7f, 0xff, 0xff, },
{0x00, 0x00, 0xff, 0xff, 0xff, 0xff, 0xff, 0xff, 0xff, 0xff, 0xff, 0xff, 0xff, 0x7f, 0xff, 0xff, },
{0x00, 0x00, 0xff, 0xff, 0xff, 0xff, 0xff, 0xff, 0xff, 0xff, 0xff, 0xff, 0xff, 0x7f, 0xff, 0xff, },
{0x00, 0x00, 0xff, 0xff, 0xff, 0xff, 0xff, 0xff, 0xff, 0xff, 0xff, 0xff, 0xff, 0x7f, 0xff, 0xff, },
{0x00, 0x00, 0xff, 0xff, 0xff, 0xff, 0xff, 0xff, 0xff, 0xff, 0xff, 0xff, 0xff, 0x7f, 0xff, 0xff, },
{0x00, 0x00, 0xff, 0xff, 0xff, 0xff, 0xff, 0xff, 0xff, 0xff, 0xff, 0xff, 0xff, 0x7f, 0xff, 0xff, },
{0x00, 0x00, 0xff, 0xff, 0xff, 0xff, 0xff, 0xff, 0xff, 0xff, 0xff, 0xff, 0xff, 0x7f, 0xff, 0xff, },
{0x00, 0x00, 0xff, 0xff, 0xff, 0xff, 0xff, 0xff, 0xff, 0xff, 0xff, 0xff, 0xff, 0x7f, 0xff, 0xff, },
{0x00, 0x00, 0xff, 0xff, 0xff, 0xff, 0xff, 0xff, 0xff, 0xff, 0xff, 0xff, 0xff, 0x7f, 0xff, 0xff, },
{0x00, 0x00, 0xff, 0xff, 0xff, 0xff, 0xff, 0xff, 0xff, 0xff, 0xff, 0xff, 0xff, 0x7f, 0xff, 0xff, },
{0x00, 0x00, 0xff, 0xff, 0xff, 0xff, 0xff, 0xff, 0xff, 0xff, 0xff, 0xff, 0xff, 0x7f, 0xff, 0xff, },
{0x00, 0x00, 0xff, 0xff, 0xff, 0xff, 0xff, 0xff, 0xff, 0xff, 0xff, 0xff, 0xff, 0x7f, 0xff, 0xff, },
{0x00, 0x00, 0xff, 0xff, 0xff, 0xff, 0xff, 0xff, 0xff, 0xff, 0xff, 0xff, 0xff, 0x7f, 0xff, 0xff, },
{0x00, 0x00, 0xff, 0xff, 0xff, 0xff, 0xff, 0xff, 0xff, 0xff, 0xff, 0xff, 0xff, 0x7f, 0xff, 0xff, },
{0x00, 0x00, 0xff, 0xff, 0xff, 0xff, 0xff, 0xff, 0xff, 0xff, 0xff, 0xff, 0xff, 0x7f, 0xff, 0xff, },
{0x00, 0x00, 0xff, 0xff, 0xff, 0xff, 0xff, 0xff, 0xff, 0xff, 0xff, 0xff, 0xff, 0x7f, 0xff, 0xff, },
{0x00, 0x00, 0xff, 0xff, 0xff, 0xff, 0xff, 0xff, 0xff, 0xff, 0xff, 0xff, 0xff, 0x7f, 0xff, 0xff, },
{0x00, 0x00, 0xff, 0xff, 0xff, 0xff, 0xff, 0xff, 0xff, 0xff, 0xff, 0xff, 0xff, 0x7f, 0xff, 0xff, },
{0x00, 0x00, 0xff, 0xff, 0xff, 0xff, 0xff, 0xff, 0xff, 0xff, 0xff, 0xff, 0xff, 0x7f, 0xff, 0xff, },
{0x00, 0x00, 0xff, 0xff, 0xff, 0xff, 0xff, 0xff, 0xff, 0xff, 0xff, 0xff, 0xff, 0x7f, 0xff, 0xff, },
{0x00, 0x00, 0xff, 0xff, 0xff, 0xff, 0xff, 0xff, 0xff, 0xff, 0xff, 0xff, 0xff, 0x7f, 0xff, 0xff, },
{0x00, 0x00, 0xff, 0xff, 0xff, 0xff, 0xff, 0xff, 0xff, 0xff, 0xff, 0xff, 0xff, 0x7f, 0xff, 0xff, },
{0x00, 0x00, 0xff, 0xff, 0xff, 0xff, 0xff, 0xff, 0xff, 0xff, 0xff, 0xff, 0xff, 0x7f, 0xff, 0xff, },
{0x00, 0x00, 0xff, 0xff, 0xff, 0xff, 0xff, 0xff, 0xff, 0xff, 0xff, 0xff, 0xff, 0x7f, 0xff, 0xff, },
{0x00, 0x00, 0xff, 0xff, 0xff, 0xff, 0xff, 0xff, 0xff, 0xff, 0xff, 0xff, 0xff, 0x7f, 0xff, 0xff, },
{0x00, 0x00, 0xff, 0xff, 0xff, 0xff, 0xff, 0xff, 0xff, 0xff, 0xff, 0xff, 0xff, 0x7f, 0xff, 0xff, },
{0x00, 0x00, 0xff, 0xff, 0xff, 0xff, 0xff, 0xff, 0xff, 0xff, 0xff, 0xff, 0xff, 0x7f, 0xff, 0xff, },
{0x00, 0x00, 0xff, 0xff, 0xff, 0xff, 0xff, 0xff, 0xff, 0xff, 0xff, 0xff, 0xff, 0x7f, 0xff, 0xff, },
{0x00, 0x00, 0xff, 0xff, 0xff, 0xff, 0xff, 0xff, 0xff, 0xff, 0xff, 0xff, 0xff, 0x7f, 0xff, 0xff, },
{0x00, 0x00, 0xff, 0xff, 0xff, 0xff, 0xff, 0xff, 0xff, 0xff, 0xff, 0xff, 0xff, 0x7f, 0xff, 0xff, },
{0x00, 0x00, 0xff, 0xff, 0xff, 0xff, 0xff, 0xff, 0xff, 0xff, 0xff, 0xff, 0xff, 0x7f, 0xff, 0xff, },
{0x00, 0x00, 0xff, 0xff, 0xff, 0xff, 0xff, 0xff, 0xff, 0xff, 0xff, 0xff, 0xff, 0x7f, 0xff, 0xff, },
{0x00, 0x00, 0xff, 0xff, 0xff, 0xff, 0xff, 0xff, 0xff, 0xff, 0xff, 0xff, 0xff, 0x7f, 0xff, 0xff, },
{0x00, 0x00, 0xff, 0xff, 0xff, 0xff, 0xff, 0xff, 0xff, 0xff, 0xff, 0xff, 0xff, 0x7f, 0xff, 0xff, },
{0x00, 0x00, 0xff, 0xff, 0xff, 0xff, 0xff, 0xff, 0xff, 0xff, 0xff, 0xff, 0xff, 0x7f, 0xff, 0xff, },
{0x00, 0x00, 0xff, 0xff, 0xff, 0xff, 0xff, 0xff, 0xff, 0xff, 0xff, 0xff, 0xff, 0x7f, 0xff, 0xff, },
{0x00, 0x00, 0xff, 0xff, 0xff, 0xff, 0xff, 0xff, 0xff, 0xff, 0xff, 0xff, 0xff, 0x7f, 0xff, 0xff, },
{0x00, 0x00, 0xff, 0xff, 0xff, 0xff, 0xff, 0xff, 0xff, 0xff, 0xff, 0xff, 0xff, 0x7f, 0xff, 0xff, },
{0x00, 0x00, 0xff, 0xff, 0xff, 0xff, 0xff, 0xff, 0xff, 0xff, 0xff, 0xff, 0xff, 0x7f, 0xff, 0xff, },
{0x00, 0x00, 0xff, 0xff, 0xff, 0xff, 0xff, 0xff, 0xff, 0xff, 0xff, 0xff, 0xff, 0x7f, 0xff, 0xff, },
{0x00, 0x00, 0xff, 0xff, 0xff, 0xff, 0xff, 0xff, 0xff, 0xff, 0xff, 0xff, 0xff, 0x7f, 0xff, 0xff, },
{0x00, 0x00, 0xff, 0xff, 0xff, 0xff, 0xff, 0xff, 0xff, 0xff, 0xff, 0xff, 0xff, 0x7f, 0xff, 0xff, },
{0x00, 0x00, 0xff, 0xff, 0xff, 0xff, 0xff, 0xff, 0xff, 0xff, 0xff, 0xff, 0xff, 0x7f, 0xff, 0xff, },
{0x00, 0x00, 0xff, 0xff, 0xff, 0xff, 0xff, 0xff, 0xff, 0xff, 0xff, 0xff, 0xff, 0x7f, 0xff, 0xff, },
{0x00, 0x00, 0xff, 0xff, 0xff, 0xff, 0xff, 0xff, 0xff, 0xff, 0xff, 0xff, 0xff, 0x7f, 0xff, 0xff, },
{0x00, 0x00, 0xff, 0xff, 0xff, 0xff, 0xff, 0xff, 0xff, 0xff, 0xff, 0xff, 0xff, 0x7f, 0xff, 0xff, },
{0x00, 0x00, 0xff, 0xff, 0xff, 0xff, 0xff, 0xff, 0xff, 0xff, 0xff, 0xff, 0xff, 0x7f, 0xff, 0xff, },
{0x00, 0x00, 0xff, 0xff, 0xff, 0xff, 0xff, 0xff, 0xff, 0xff, 0xff, 0xff, 0xff, 0x7f, 0xff, 0xff, },
{0x00, 0x00, 0xff, 0xff, 0xff, 0xff, 0xff, 0xff, 0xff, 0xff, 0xff, 0xff, 0xff, 0x7f, 0xff, 0xff, },
{0x00, 0x00, 0xff, 0xff, 0xff, 0xff, 0xff, 0xff, 0xff, 0xff, 0xff, 0xff, 0xff, 0x7f, 0xff, 0xff, },
{0x00, 0x00, 0xff, 0xff, 0xff, 0xff, 0xff, 0xff, 0xff, 0xff, 0xff, 0xff, 0xff, 0x7f, 0xff, 0xff, },
{0x00, 0x00, 0xff, 0xff, 0xff, 0xff, 0xff, 0xff, 0xff, 0xff, 0xff, 0xff, 0xff, 0x7f, 0xff, 0xff, },
{0x00, 0x00, 0xff, 0xff, 0xff, 0xff, 0xff, 0xff, 0xff, 0xff, 0xff, 0xff, 0xff, 0x7f, 0xff, 0xff, },
{0x00, 0x00, 0xff, 0xff, 0xff, 0xff, 0xff, 0xff, 0xff, 0xff, 0xff, 0xff, 0xff, 0x7f, 0xff, 0xff, },
{0x00, 0x00, 0xff, 0xff, 0xff, 0xff, 0xff, 0xff, 0xff, 0xff, 0xff, 0xff, 0xff, 0x7f, 0xff, 0xff, },
{0x00, 0x00, 0xff, 0xff, 0xff, 0xff, 0xff, 0xff, 0xff, 0xff, 0xff, 0xff, 0xff, 0x7f, 0xff, 0xff, },
{0x00, 0x00, 0xff, 0xff, 0xff, 0xff, 0xff, 0xff, 0xff, 0xff, 0xff, 0xff, 0xff, 0x7f, 0xff, 0xff, },
{0x00, 0x00, 0xff, 0xff, 0xff, 0xff, 0xff, 0xff, 0xff, 0xff, 0xff, 0xff, 0xff, 0x7f, 0xff, 0xff, },
{0x00, 0x00, 0xff, 0xff, 0xff, 0xff, 0xff, 0xff, 0xff, 0xff, 0xff, 0xff, 0xff, 0x7f, 0xff, 0xff, },
{0x00, 0x00, 0xff, 0xff, 0xff, 0xff, 0xff, 0xff, 0xff, 0xff, 0xff, 0xff, 0xff, 0x7f, 0xff, 0xff, },
{0x00, 0x00, 0xff, 0xff, 0xff, 0xff, 0xff, 0xff, 0xff, 0xff, 0xff, 0xff, 0xff, 0x7f, 0xff, 0xff, },
{0x30, 0x00, 0xff, 0xff, 0xff, 0xff, 0xff, 0xff, 0xff, 0xff, 0xff, 0xff, 0xff, 0x7f, 0xff, 0xff, },
{0x0c, 0x00, 0xff, 0xff, 0xff, 0xff, 0xff, 0xff, 0xff, 0xff, 0xff, 0xff, 0xff, 0x7f, 0xff, 0xff, },
{0x03, 0x00, 0xff, 0xff, 0xff, 0xff, 0xff, 0xff, 0xff, 0xff, 0xff, 0xff, 0xff, 0x7f, 0xff, 0xff, },
{0x00, 0xc0, 0xff, 0xff, 0xff, 0xff, 0xff, 0xff, 0xff, 0xff, 0xff, 0xff, 0xff, 0x7f, 0xff, 0xff, },
{0x00, 0x30, 0xff, 0xff, 0xff, 0xff, 0xff, 0xff, 0xff, 0xff, 0xff, 0xff, 0xff, 0x7f, 0xff, 0xff, },
{0x00, 0x0c, 0xff, 0xff, 0xff, 0xff, 0xff, 0xff, 0xff, 0xff, 0xff, 0xff, 0xff, 0x7f, 0xff, 0xff, },
{0x00, 0x00, 0xff, 0xff, 0xff, 0xff, 0xff, 0xff, 0xff, 0xff, 0xff, 0xff, 0xff, 0x7f, 0xff, 0xff, },
{0x00, 0x00, 0xff, 0xff, 0xff, 0xff, 0xff, 0xff, 0xff, 0xff, 0xff, 0xff, 0xff, 0x7f, 0xff, 0xff, },
{0x00, 0x0c, 0xff, 0xff, 0xff, 0xff, 0xff, 0xff, 0xff, 0xff, 0xff, 0xff, 0xff, 0x7f, 0xff, 0xff, },
{0x00, 0x0c, 0xff, 0xff, 0xff, 0xff, 0xff, 0xff, 0xff, 0xff, 0xff, 0xff, 0xff, 0x7f, 0xff, 0xff, },
{0x00, 0x00, 0xff, 0xff, 0xff, 0xff, 0xff, 0xff, 0xff, 0xff, 0xff, 0xff, 0xff, 0x7f, 0xff, 0xff, },
{0x00, 0x00, 0xff, 0xff, 0xff, 0xff, 0xff, 0xff, 0xff, 0xff, 0xff, 0xff, 0xff, 0x7f, 0xff, 0xff, },
{0x00, 0x00, 0xff, 0xff, 0xff, 0xff, 0xff, 0xff, 0xff, 0xff, 0xff, 0xff, 0xff, 0x7f, 0xff, 0xff, },
{0x00, 0x00, 0xff, 0xff, 0xff, 0xff, 0xff, 0xff, 0xff, 0xff, 0xff, 0xff, 0xff, 0x7f, 0xff, 0xff, },
{0x00, 0x00, 0xff, 0xff, 0xff, 0xff, 0xff, 0xff, 0xff, 0xff, 0xff, 0xff, 0xff, 0x7f, 0xff, 0xff, },
{0x00, 0x00, 0xff, 0xff, 0xff, 0xff, 0xff, 0xff, 0xff, 0xff, 0xff, 0xff, 0xff, 0x7f, 0xff, 0xff, },
{0x00, 0x00, 0xff, 0xff, 0xff, 0xff, 0xff, 0xff, 0xff, 0xff, 0xff, 0xff, 0xff, 0x7f, 0xff, 0xff, },
{0x00, 0x00, 0xff, 0xff, 0xff, 0xff, 0xff, 0xff, 0xff, 0xff, 0xff, 0xff, 0xff, 0x7f, 0xff, 0xff, },
{0x00, 0x00, 0xff, 0xff, 0xff, 0xff, 0xff, 0xff, 0xff, 0xff, 0xff, 0xff, 0xff, 0x7f, 0xff, 0xff, },
{0x00, 0x00, 0xff, 0xff, 0xff, 0xff, 0xff, 0xff, 0xff, 0xff, 0xff, 0xff, 0xff, 0x7f, 0xff, 0xff, },
{0x00, 0x00, 0xff, 0xff, 0xff, 0xff, 0xff, 0xff, 0xff, 0xff, 0xff, 0xff, 0xff, 0x7f, 0xff, 0xff, },
{0x00, 0x00, 0xff, 0xff, 0xff, 0xff, 0xff, 0xff, 0xff, 0xff, 0xff, 0xff, 0xff, 0x7f, 0xff, 0xff, },
{0x00, 0x00, 0xff, 0xff, 0xff, 0xff, 0xff, 0xff, 0xff, 0xff, 0xff, 0xff, 0xff, 0x7f, 0xff, 0xff, },
{0x00, 0x00, 0xff, 0xff, 0xff, 0xff, 0xff, 0xff, 0xff, 0xff, 0xff, 0xff, 0xff, 0x7f, 0xff, 0xff, },
{0x00, 0x00, 0xff, 0xff, 0xff, 0xff, 0xff, 0xff, 0xff, 0xff, 0xff, 0xff, 0xff, 0x7f, 0xff, 0xff, },
{0x00, 0x00, 0xff, 0xff, 0xff, 0xff, 0xff, 0xff, 0xff, 0xff, 0xff, 0xff, 0xff, 0x7f, 0xff, 0xff, },
{0x00, 0x00, 0xff, 0xff, 0xff, 0xff, 0xff, 0xff, 0xff, 0xff, 0xff, 0xff, 0xff, 0x7f, 0xff, 0xff, },
{0x00, 0x00, 0xff, 0xff, 0xff, 0xff, 0xff, 0xff, 0xff, 0xff, 0xff, 0xff, 0xff, 0x7f, 0xff, 0xff, },
{0x00, 0x00, 0xff, 0xff, 0xff, 0xff, 0xff, 0xff, 0xff, 0xff, 0xff, 0xff, 0xff, 0x7f, 0xff, 0xff, },
{0x00, 0x00, 0xff, 0xff, 0xff, 0xff, 0xff, 0xff, 0xff, 0xff, 0xff, 0xff, 0xff, 0x7f, 0xff, 0xff, },
{0x00, 0x00, 0xff, 0xff, 0xff, 0xff, 0xff, 0xff, 0xff, 0xff, 0xff, 0xff, 0xff, 0x7f, 0xff, 0xff, },
{0x00, 0x00, 0xff, 0xff, 0xff, 0xff, 0xff, 0xff, 0xff, 0xff, 0xff, 0xff, 0xff, 0x7f, 0xff, 0xff, },
{0x00, 0x00, 0xff, 0xff, 0xff, 0xff, 0xff, 0xff, 0xff, 0xff, 0xff, 0xff, 0xff, 0x7f, 0xff, 0xff, },
{0x00, 0x00, 0xff, 0xff, 0xff, 0xff, 0xff, 0xff, 0xff, 0xff, 0xff, 0xff, 0xff, 0x7f, 0xff, 0xff, },
{0x00, 0x00, 0xff, 0xff, 0xff, 0xff, 0xff, 0xff, 0xff, 0xff, 0xff, 0xff, 0xff, 0x7f, 0xff, 0xff, },
{0x00, 0x00, 0xff, 0xff, 0xff, 0xff, 0xff, 0xff, 0xff, 0xff, 0xff, 0xff, 0xff, 0x7f, 0xff, 0xff, },
{0x00, 0x00, 0xff, 0xff, 0xff, 0xff, 0xff, 0xff, 0xff, 0xff, 0xff, 0xff, 0xff, 0x7f, 0xff, 0xff, },
{0x00, 0x00, 0xff, 0xff, 0xff, 0xff, 0xff, 0xff, 0xff, 0xff, 0xff, 0xff, 0xff, 0x7f, 0xff, 0xff, },
{0x80, 0x00, 0xff, 0xff, 0xff, 0xff, 0xff, 0xff, 0xff, 0xff, 0xff, 0xff, 0xff, 0x7f, 0xff, 0xff, },
{0x80, 0x00, 0xff, 0xff, 0xff, 0xff, 0xff, 0xff, 0xff, 0xff, 0xff, 0xff, 0xff, 0x7f, 0xff, 0xff, },
{0xc0, 0x00, 0xff, 0xff, 0xff, 0xff, 0xff, 0xff, 0xff, 0xff, 0xff, 0xff, 0xff, 0x7f, 0xff, 0xff, },
{0xe0, 0x00, 0xff, 0xff, 0xff, 0xff, 0xff, 0xff, 0xff, 0xff, 0xff, 0xff, 0xff, 0x7f, 0xff, 0xff, },
{0xf8, 0x00, 0x00, 0x00, 0x00, 0x00, 0x00, 0x00, 0x00, 0x00, 0x00, 0x00, 0x00, 0x7f, 0xff, 0xff, },
};/*black layer inscription*/

const unsigned char img_lowpwr[250][16] ICACHE_RODATA_ATTR = { /*Black layer inscription low battery reminder*/
{0xff, 0xff, 0xff, 0xff, 0xff, 0xff, 0xff, 0xff, 0xff, 0xff, 0xff, 0xff, 0xff, 0xff, 0xff, 0xff, },
{0xff, 0xff, 0xff, 0xff, 0xff, 0xff, 0xff, 0xff, 0xff, 0xff, 0xff, 0xff, 0xff, 0xff, 0xff, 0xff, },
{0xff, 0xff, 0xff, 0xff, 0xff, 0xff, 0xff, 0xff, 0xff, 0xff, 0xff, 0xff, 0xff, 0xff, 0xff, 0xff, },
{0xff, 0xff, 0xff, 0xff, 0xff, 0xff, 0xff, 0xff, 0xff, 0xff, 0xff, 0xff, 0xff, 0xff, 0xff, 0xff, },
{0xff, 0xff, 0xff, 0xff, 0xff, 0xff, 0xff, 0xff, 0xff, 0xff, 0xff, 0xff, 0xff, 0xff, 0xff, 0xff, },
{0xff, 0xff, 0xff, 0xff, 0xff, 0xff, 0xff, 0xff, 0xff, 0xff, 0xff, 0xff, 0xff, 0xff, 0xff, 0xff, },
{0xff, 0xff, 0xff, 0xff, 0xff, 0xff, 0xff, 0xff, 0xff, 0xff, 0xff, 0xff, 0xff, 0xff, 0xff, 0xff, },
{0xff, 0xff, 0xff, 0xff, 0xff, 0xff, 0xff, 0xff, 0xff, 0xff, 0xff, 0xff, 0xff, 0xff, 0xff, 0xff, },
{0xff, 0xff, 0xff, 0xff, 0xff, 0xff, 0xff, 0xff, 0xff, 0xff, 0xff, 0xff, 0xff, 0xff, 0xff, 0xff, },
{0xff, 0xff, 0xff, 0xff, 0xff, 0xff, 0xff, 0xff, 0xff, 0xff, 0xff, 0xff, 0xff, 0xff, 0xff, 0xff, },
{0xff, 0xff, 0xff, 0xff, 0xff, 0xff, 0xff, 0xff, 0xff, 0xff, 0xff, 0xff, 0xff, 0xff, 0xff, 0xff, },
{0xff, 0xff, 0xff, 0xff, 0xff, 0xff, 0xff, 0xff, 0xff, 0xff, 0xff, 0xff, 0xff, 0xff, 0xff, 0xff, },
{0xff, 0xff, 0xff, 0xff, 0xff, 0xff, 0xff, 0xff, 0xff, 0xff, 0xff, 0xff, 0xff, 0xff, 0xff, 0xff, },
{0xff, 0xff, 0xff, 0xff, 0xff, 0xff, 0xff, 0xff, 0xff, 0xff, 0xff, 0xff, 0xff, 0xff, 0xff, 0xff, },
{0xff, 0xff, 0xff, 0xff, 0xff, 0xff, 0xff, 0xff, 0xff, 0xff, 0xff, 0xff, 0xff, 0xff, 0xff, 0xff, },
{0xff, 0xff, 0xff, 0xff, 0xff, 0xff, 0xff, 0xff, 0xff, 0xff, 0xff, 0xff, 0xff, 0xff, 0xff, 0xff, },
{0xff, 0xff, 0xff, 0xff, 0xff, 0xff, 0xff, 0xff, 0xff, 0xff, 0xff, 0xff, 0xff, 0xff, 0xff, 0xff, },
{0xff, 0xff, 0xff, 0xff, 0xff, 0xff, 0xff, 0xff, 0xff, 0xff, 0xff, 0xff, 0xff, 0x17, 0xff, 0xff, },
{0xff, 0xff, 0xff, 0xff, 0xff, 0xff, 0xff, 0xff, 0xff, 0xff, 0xff, 0xff, 0xfe, 0xdb, 0xff, 0xff, },
{0xff, 0xff, 0xff, 0xff, 0xff, 0xff, 0xff, 0xff, 0xff, 0xff, 0xff, 0xff, 0xfe, 0xdb, 0xff, 0xff, },
{0xff, 0xff, 0xff, 0xff, 0xff, 0xff, 0xff, 0xff, 0xff, 0xff, 0xff, 0xff, 0xfe, 0xdb, 0xff, 0xff, },
{0xff, 0xff, 0xff, 0xff, 0xff, 0xff, 0xff, 0xff, 0xff, 0xff, 0xff, 0xff, 0xfe, 0xdb, 0xff, 0xff, },
{0xff, 0xff, 0xff, 0xff, 0xff, 0xff, 0xff, 0xff, 0xff, 0xff, 0xff, 0xff, 0xff, 0x07, 0xff, 0xff, },
{0xff, 0xff, 0xff, 0xff, 0xff, 0xff, 0xff, 0xff, 0xff, 0xff, 0xff, 0xff, 0xff, 0xff, 0xff, 0xff, },
{0xff, 0xff, 0xff, 0xff, 0xff, 0xff, 0xff, 0xff, 0xff, 0xff, 0xff, 0xff, 0xff, 0xff, 0xff, 0xff, },
{0xff, 0xff, 0xff, 0xff, 0xff, 0xff, 0xff, 0xff, 0xff, 0xff, 0xff, 0xff, 0xff, 0x01, 0xff, 0xff, },
{0xff, 0xff, 0xff, 0xff, 0xff, 0xff, 0xff, 0xff, 0xff, 0xff, 0xff, 0xff, 0xfe, 0xee, 0xff, 0xff, },
{0xff, 0xff, 0xff, 0xff, 0xff, 0xff, 0xff, 0xff, 0xff, 0xff, 0xff, 0xff, 0xfe, 0xee, 0xff, 0xff, },
{0xff, 0xff, 0xff, 0xff, 0xff, 0xff, 0xff, 0xff, 0xff, 0xff, 0xff, 0xff, 0xfe, 0xee, 0xff, 0xff, },
{0xff, 0xff, 0xff, 0xff, 0xff, 0xff, 0xff, 0xff, 0xff, 0xff, 0xff, 0xff, 0xfe, 0xee, 0xff, 0xff, },
{0xff, 0xff, 0xff, 0xff, 0xff, 0xff, 0xff, 0xff, 0xff, 0xff, 0xff, 0xff, 0xff, 0x1d, 0xff, 0xff, },
{0xff, 0xff, 0xff, 0xff, 0xff, 0xff, 0xff, 0xff, 0xff, 0xff, 0xff, 0xff, 0xff, 0xff, 0xff, 0xff, },
{0xff, 0xff, 0xff, 0xff, 0xff, 0xff, 0xff, 0xff, 0xff, 0xff, 0xff, 0xff, 0xff, 0x7f, 0xff, 0xff, },
{0xff, 0xff, 0xff, 0xff, 0xff, 0xff, 0xff, 0xff, 0xff, 0xff, 0xff, 0xff, 0xfe, 0xff, 0xff, 0xff, },
{0xff, 0xf0, 0x00, 0x00, 0x00, 0x00, 0x00, 0x00, 0x00, 0x00, 0x00, 0x01, 0xfe, 0xff, 0xff, 0xff, },
{0xff, 0xf0, 0x00, 0x00, 0x00, 0x00, 0x00, 0x00, 0x00, 0x00, 0x00, 0x01, 0xff, 0x7f, 0xff, 0xff, },
{0xff, 0xf3, 0xff, 0xff, 0xff, 0xff, 0xff, 0xff, 0xff, 0xff, 0xff, 0xf9, 0xfe, 0x03, 0xff, 0xff, },
{0xff, 0xf3, 0xff, 0xff, 0xff, 0xff, 0xff, 0xff, 0xff, 0xff, 0xff, 0xf9, 0xff, 0xff, 0xff, 0xff, },
{0xff, 0xf3, 0xff, 0xff, 0xff, 0xff, 0xff, 0xff, 0xff, 0xff, 0xff, 0xf9, 0xff, 0xff, 0xff, 0xff, },
{0xff, 0xf3, 0xff, 0xff, 0xff, 0xff, 0xff, 0xff, 0xff, 0xff, 0xff, 0xf9, 0xff, 0xff, 0xff, 0xff, },
{0xff, 0xf3, 0xff, 0xff, 0xff, 0xff, 0xff, 0xff, 0xff, 0xff, 0xff, 0xf9, 0xff, 0x03, 0xff, 0xff, },
{0xff, 0xf3, 0xff, 0xff, 0xff, 0xff, 0xff, 0xff, 0xff, 0xff, 0xff, 0xf9, 0xfe, 0xb7, 0xff, 0xff, },
{0xff, 0xf3, 0xff, 0xff, 0xff, 0xff, 0xff, 0xff, 0xff, 0xff, 0xff, 0xf9, 0xfe, 0xbb, 0xff, 0xff, },
{0xff, 0xf3, 0xff, 0xff, 0xff, 0xff, 0xff, 0xff, 0xff, 0xff, 0xff, 0xf9, 0xfe, 0xbb, 0xff, 0xff, },
{0xff, 0xf3, 0xff, 0xff, 0xff, 0xff, 0xff, 0xff, 0xff, 0xff, 0xff, 0xf9, 0xfe, 0xbb, 0xff, 0xff, },
{0xff, 0xf3, 0xff, 0xff, 0xff, 0xff, 0xff, 0xff, 0xff, 0xff, 0xff, 0xf9, 0xfe, 0xc7, 0xff, 0xff, },
{0xff, 0xf3, 0xff, 0xff, 0xff, 0xff, 0xff, 0xff, 0xff, 0xff, 0xff, 0xf9, 0xff, 0xff, 0xff, 0xff, },
{0xff, 0xf3, 0xff, 0xff, 0xff, 0xff, 0xff, 0xff, 0xff, 0xff, 0xff, 0xf9, 0xff, 0xff, 0xff, 0xff, },
{0xff, 0xf3, 0xff, 0xff, 0xff, 0xff, 0xff, 0xff, 0xff, 0xff, 0xff, 0xf9, 0xff, 0x03, 0xff, 0xff, },
{0xff, 0xf3, 0xff, 0xff, 0xff, 0xff, 0xff, 0xff, 0xff, 0xff, 0xff, 0xf9, 0xfe, 0xff, 0xff, 0xff, },
{0xff, 0xf3, 0xff, 0xff, 0xff, 0xff, 0xff, 0xff, 0xff, 0xff, 0xff, 0xf9, 0xfe, 0xff, 0xff, 0xff, },
{0xff, 0xf3, 0xff, 0xff, 0xff, 0xff, 0xff, 0xff, 0xff, 0xff, 0xff, 0xf9, 0xfe, 0xff, 0xff, 0xff, },
{0xff, 0xf3, 0xff, 0xff, 0xff, 0xff, 0xff, 0xff, 0xff, 0xff, 0xff, 0xf9, 0xfe, 0xff, 0xff, 0xff, },
{0xff, 0xf3, 0xff, 0xff, 0xff, 0xff, 0xff, 0xff, 0xff, 0xff, 0xff, 0xf9, 0xe0, 0x03, 0xff, 0xff, },
{0xff, 0xf3, 0xff, 0xff, 0xff, 0xff, 0xff, 0xff, 0xff, 0xff, 0xff, 0xf9, 0xff, 0xff, 0xff, 0xff, },
{0xff, 0xf3, 0xff, 0xff, 0xff, 0xff, 0xff, 0xff, 0xff, 0xff, 0xff, 0xf9, 0xff, 0xff, 0xff, 0xff, },
{0xff, 0xf3, 0xff, 0xff, 0xff, 0xff, 0xff, 0xff, 0xff, 0xff, 0xff, 0xf9, 0xfe, 0xfb, 0xff, 0xff, },
{0xff, 0xf3, 0xff, 0xff, 0xff, 0xff, 0xff, 0xff, 0xff, 0xff, 0xff, 0xf9, 0xfe, 0xfb, 0xff, 0xff, },
{0xff, 0xf3, 0xff, 0xff, 0xff, 0xff, 0xff, 0xff, 0xff, 0xff, 0xff, 0xf9, 0xfe, 0xfb, 0xff, 0xff, },
{0xff, 0xf3, 0xff, 0xff, 0xff, 0xff, 0xff, 0xff, 0xff, 0xff, 0xff, 0xf9, 0xfe, 0xfb, 0xff, 0xff, },
{0xff, 0xf3, 0xff, 0xff, 0xff, 0xff, 0xff, 0xff, 0xff, 0xff, 0xff, 0xf9, 0xfe, 0xfb, 0xff, 0xff, },
{0xff, 0xf3, 0xff, 0xff, 0xff, 0xff, 0xff, 0xff, 0xff, 0xff, 0xff, 0xf9, 0xff, 0x07, 0xff, 0xff, },
{0xff, 0xf3, 0xff, 0xff, 0xff, 0xff, 0xff, 0xff, 0xff, 0xff, 0xff, 0xf9, 0xff, 0xff, 0xff, 0xff, },
{0xff, 0xf3, 0xff, 0xff, 0xff, 0xff, 0xff, 0xff, 0xff, 0xff, 0xff, 0xf9, 0xff, 0xff, 0xff, 0xff, },
{0xff, 0xf3, 0xff, 0xff, 0xff, 0xff, 0xff, 0xff, 0xff, 0xff, 0xff, 0xf9, 0xff, 0xff, 0xff, 0xff, },
{0xff, 0xf3, 0xff, 0xff, 0xff, 0xff, 0xff, 0xff, 0xff, 0xff, 0xff, 0xf9, 0xff, 0xff, 0xff, 0xff, },
{0xff, 0xf3, 0xff, 0xff, 0xff, 0xff, 0xff, 0xff, 0xff, 0xff, 0xff, 0xf9, 0xff, 0xff, 0xff, 0xff, },
{0xff, 0xf3, 0xff, 0xff, 0xff, 0xff, 0xff, 0xff, 0xff, 0xff, 0xff, 0xf9, 0xff, 0xff, 0xff, 0xff, },
{0xff, 0xf3, 0xff, 0xff, 0xff, 0xff, 0xff, 0xff, 0xff, 0xff, 0xff, 0xf9, 0xff, 0xff, 0xff, 0xff, },
{0xff, 0xf3, 0xff, 0xff, 0xff, 0xff, 0xff, 0xff, 0xff, 0xff, 0xff, 0xf9, 0xff, 0xff, 0xff, 0xff, },
{0xff, 0xf3, 0xff, 0xff, 0xff, 0xff, 0xff, 0xff, 0xff, 0xff, 0xff, 0xf9, 0xff, 0xff, 0xff, 0xff, },
{0xff, 0xf3, 0xff, 0xff, 0xff, 0xff, 0xff, 0xff, 0xff, 0xff, 0xff, 0xf9, 0xff, 0xff, 0xff, 0xff, },
{0xff, 0xf3, 0xff, 0xff, 0xff, 0xff, 0xff, 0xff, 0xff, 0xff, 0xff, 0xf9, 0xff, 0x17, 0xff, 0xff, },
{0xff, 0xf3, 0xff, 0xff, 0xff, 0xff, 0xff, 0xff, 0xff, 0xff, 0xff, 0xf9, 0xfe, 0xdb, 0xff, 0xff, },
{0xff, 0xf3, 0xff, 0xff, 0xff, 0xff, 0xff, 0xff, 0xff, 0xff, 0xff, 0xf9, 0xfe, 0xdb, 0xff, 0xff, },
{0xff, 0xf3, 0xff, 0xff, 0xff, 0xff, 0xff, 0xff, 0xff, 0xff, 0xff, 0xf9, 0xfe, 0xdb, 0xff, 0xff, },
{0xff, 0xf3, 0xff, 0xff, 0xff, 0xff, 0xff, 0xff, 0xff, 0xff, 0xff, 0xf9, 0xfe, 0xdb, 0xff, 0xff, },
{0xff, 0xf3, 0xff, 0xff, 0xff, 0xff, 0xff, 0xff, 0xff, 0xff, 0xff, 0xf9, 0xff, 0x07, 0xff, 0xff, },
{0xff, 0xf3, 0xff, 0xff, 0xff, 0xff, 0xff, 0xff, 0xff, 0xff, 0xff, 0xf9, 0xff, 0xff, 0xff, 0xff, },
{0xff, 0xf3, 0xff, 0xff, 0xff, 0xff, 0xff, 0xff, 0xff, 0xff, 0xff, 0xf9, 0xff, 0xff, 0xff, 0xff, },
{0xff, 0xf3, 0xff, 0xff, 0xff, 0xff, 0xff, 0xff, 0xff, 0xff, 0xff, 0xf9, 0xfe, 0x67, 0xff, 0xff, },
{0xff, 0xf3, 0xff, 0xff, 0xff, 0xff, 0xff, 0xff, 0xff, 0xff, 0xff, 0xf9, 0xfe, 0xd3, 0xff, 0xff, },
{0xff, 0xf3, 0xff, 0xff, 0xff, 0xff, 0xff, 0xff, 0xff, 0xff, 0xff, 0xf9, 0xfe, 0xdb, 0xff, 0xff, },
{0xff, 0xf3, 0xff, 0xff, 0xff, 0xff, 0xff, 0xff, 0xff, 0xff, 0xff, 0xf9, 0xfe, 0xdb, 0xff, 0xff, },
{0xff, 0xf3, 0xff, 0xff, 0xff, 0xff, 0xff, 0xff, 0xff, 0xff, 0xff, 0xf9, 0xff, 0x37, 0xff, 0xff, },
{0xff, 0xf3, 0xff, 0xff, 0xff, 0xff, 0xff, 0xff, 0xff, 0xff, 0xff, 0xf9, 0xff, 0xff, 0xff, 0xff, },
{0xff, 0xf3, 0xff, 0xff, 0xff, 0xff, 0xff, 0xff, 0xff, 0xff, 0xff, 0xf9, 0xff, 0xff, 0xff, 0xff, },
{0xff, 0xf3, 0xff, 0xff, 0xff, 0xff, 0xff, 0xff, 0xff, 0xff, 0xff, 0xf9, 0xff, 0xff, 0xff, 0xff, },
{0xff, 0xf3, 0xff, 0xff, 0xff, 0xff, 0xff, 0xff, 0xff, 0xff, 0xff, 0xf9, 0xff, 0x03, 0xff, 0xff, },
{0xff, 0xf3, 0xff, 0xff, 0xff, 0xff, 0xff, 0xff, 0xff, 0xff, 0xff, 0xf9, 0xfe, 0xb7, 0xff, 0xff, },
{0xff, 0xf3, 0xff, 0xff, 0xff, 0xff, 0xff, 0xff, 0xff, 0xff, 0xff, 0xf9, 0xfe, 0xbb, 0xff, 0xff, },
{0xff, 0xf3, 0xff, 0xff, 0xff, 0xff, 0xff, 0xff, 0xff, 0xff, 0xff, 0xf9, 0xfe, 0xbb, 0xff, 0xff, },
{0xff, 0xf3, 0xff, 0xff, 0xff, 0xff, 0xff, 0xff, 0xff, 0xff, 0xff, 0xf9, 0xfe, 0xbb, 0xff, 0xff, },
{0xff, 0xf3, 0xff, 0xff, 0xff, 0xff, 0xff, 0xff, 0xff, 0xff, 0xff, 0xf9, 0xfe, 0xc7, 0xff, 0xff, },
{0xff, 0xf3, 0xff, 0xff, 0xff, 0xff, 0xff, 0xff, 0xff, 0xff, 0xff, 0xf9, 0xff, 0xff, 0xff, 0xff, },
{0xff, 0xf3, 0xff, 0xff, 0xff, 0xff, 0xff, 0xff, 0xff, 0xff, 0xff, 0xf9, 0xff, 0xff, 0xff, 0xff, },
{0xff, 0xf3, 0xff, 0xff, 0xff, 0xff, 0xff, 0xff, 0xff, 0xff, 0xff, 0xf9, 0xff, 0x17, 0xff, 0xff, },
{0xff, 0xf3, 0xff, 0xff, 0xff, 0xff, 0xff, 0xff, 0xff, 0xff, 0xff, 0xf9, 0xfe, 0xdb, 0xff, 0xff, },
{0xff, 0xf3, 0xff, 0xff, 0xff, 0xff, 0xff, 0xff, 0xff, 0xff, 0xff, 0xf9, 0xfe, 0xdb, 0xff, 0xff, },
{0xff, 0xf3, 0xff, 0xff, 0xff, 0xff, 0xff, 0xff, 0xff, 0xff, 0xff, 0xf9, 0xfe, 0xdb, 0xff, 0xff, },
{0xff, 0xf3, 0xff, 0xff, 0xff, 0xff, 0xff, 0xff, 0xff, 0xff, 0xff, 0xf9, 0xfe, 0xdb, 0xff, 0xff, },
{0xff, 0xf3, 0xff, 0xff, 0xff, 0xff, 0xff, 0xff, 0xff, 0xff, 0xff, 0xf9, 0xff, 0x07, 0xff, 0xff, },
{0xff, 0xf3, 0xff, 0xff, 0xff, 0xff, 0xff, 0xff, 0xff, 0xff, 0xff, 0xf9, 0xff, 0xff, 0xff, 0xff, },
{0xff, 0xf3, 0xff, 0xff, 0xff, 0xff, 0xff, 0xff, 0xff, 0xff, 0xff, 0xf9, 0xff, 0xff, 0xff, 0xff, },
{0xff, 0xf3, 0xff, 0xff, 0xff, 0xff, 0xff, 0xff, 0xff, 0xff, 0xff, 0xf9, 0xff, 0xff, 0xff, 0xff, },
{0xff, 0xf3, 0xff, 0xff, 0xff, 0xff, 0xff, 0xff, 0xff, 0xff, 0xff, 0xf9, 0xff, 0xff, 0xff, 0xff, },
{0xff, 0xf3, 0xff, 0xff, 0xff, 0xff, 0xff, 0xff, 0xff, 0xff, 0xff, 0xf9, 0xe0, 0x03, 0xff, 0xff, },
{0xff, 0xf3, 0xff, 0xff, 0xff, 0xff, 0xff, 0xff, 0xff, 0xff, 0xff, 0xf9, 0xff, 0xff, 0xff, 0xff, },
{0xff, 0xf3, 0xff, 0xff, 0xff, 0xff, 0xff, 0xff, 0xff, 0xff, 0xff, 0xf9, 0xff, 0xff, 0xff, 0xff, },
{0xff, 0xf3, 0xff, 0xff, 0xff, 0xff, 0xff, 0xff, 0xff, 0xff, 0xff, 0xf9, 0xff, 0xff, 0xff, 0xff, },
{0xff, 0xf3, 0xff, 0xff, 0xff, 0xff, 0xff, 0xff, 0xff, 0xff, 0xff, 0xf9, 0xff, 0xff, 0xff, 0xff, },
{0xff, 0xf3, 0xff, 0xff, 0xff, 0xff, 0xff, 0xff, 0xff, 0xff, 0xff, 0xf9, 0xff, 0xff, 0xff, 0xff, },
{0xff, 0xf3, 0xff, 0xff, 0xff, 0xff, 0xff, 0xff, 0xff, 0xff, 0xff, 0xf9, 0xf0, 0xff, 0xff, 0xff, },
{0xff, 0xf3, 0xff, 0xff, 0xff, 0xff, 0xff, 0xff, 0xff, 0xff, 0xff, 0xf9, 0xe7, 0x7f, 0xff, 0xff, },
{0xff, 0xf3, 0xff, 0xff, 0xff, 0xff, 0xff, 0xff, 0xff, 0xff, 0xff, 0xf9, 0xef, 0x7f, 0xff, 0xff, },
{0xff, 0xf3, 0xff, 0xff, 0xff, 0xff, 0xff, 0xff, 0xff, 0xff, 0xff, 0xf9, 0xef, 0x7f, 0xff, 0xff, },
{0xff, 0xf3, 0xff, 0xff, 0xff, 0xff, 0xff, 0xff, 0xff, 0xff, 0xff, 0xf9, 0xef, 0x7f, 0xff, 0xff, },
{0xff, 0xf3, 0xff, 0xff, 0xff, 0xff, 0xff, 0xff, 0xff, 0xff, 0xff, 0xf9, 0xe0, 0x03, 0xff, 0xff, },
{0xff, 0xf3, 0xff, 0xff, 0xff, 0xff, 0xff, 0xff, 0xff, 0xff, 0xff, 0xf9, 0xff, 0xff, 0xff, 0xff, },
{0xff, 0xf3, 0xff, 0xff, 0xff, 0xff, 0xff, 0xff, 0xff, 0xff, 0xff, 0xf9, 0xff, 0xff, 0xff, 0xff, },
{0xff, 0xf3, 0xff, 0xff, 0xff, 0xff, 0xff, 0xff, 0xff, 0xff, 0xff, 0xf9, 0xff, 0xff, 0xff, 0xff, },
{0xff, 0xf3, 0xff, 0xff, 0xff, 0xff, 0xff, 0xff, 0xff, 0xff, 0xff, 0xf9, 0xff, 0xff, 0xff, 0xff, },
{0xff, 0xf3, 0xff, 0xff, 0xff, 0xff, 0xff, 0xff, 0xff, 0xff, 0xff, 0xf9, 0xff, 0xff, 0xff, 0xff, },
{0xff, 0xf3, 0xff, 0xff, 0xff, 0xff, 0xff, 0xff, 0xff, 0xff, 0xff, 0xf9, 0xff, 0xff, 0xff, 0xff, },
{0xff, 0xf3, 0xff, 0xff, 0xff, 0xfc, 0x3f, 0xff, 0xff, 0xff, 0xff, 0xf9, 0xff, 0xff, 0xff, 0xff, },
{0xff, 0xf3, 0xff, 0xff, 0xff, 0xf8, 0x1f, 0xff, 0xff, 0xff, 0xff, 0xf9, 0xff, 0xff, 0xff, 0xff, },
{0xff, 0xf3, 0xff, 0xff, 0xff, 0xf8, 0x87, 0xff, 0xff, 0xff, 0xff, 0xf9, 0xff, 0xff, 0xff, 0xff, },
{0xff, 0xf3, 0xff, 0xff, 0xff, 0xf8, 0xc3, 0xff, 0xff, 0xff, 0xff, 0xf9, 0xff, 0xff, 0xff, 0xff, },
{0xff, 0xf3, 0xff, 0xff, 0xff, 0xf8, 0xe0, 0xff, 0xff, 0xff, 0xff, 0xf9, 0xff, 0xff, 0xff, 0xff, },
{0xff, 0xf3, 0xff, 0xff, 0xff, 0xf8, 0xf8, 0x7f, 0xff, 0xff, 0xff, 0xf9, 0xff, 0xff, 0xff, 0xff, },
{0xff, 0xf3, 0xff, 0xff, 0xff, 0xf8, 0xfc, 0x3f, 0xff, 0xff, 0xff, 0xf9, 0xff, 0xff, 0xff, 0xff, },
{0xff, 0xf3, 0xff, 0xff, 0xff, 0xf8, 0xff, 0x0f, 0xff, 0xff, 0xff, 0xf9, 0xff, 0xf3, 0xff, 0xff, },
{0xff, 0xf3, 0xff, 0xff, 0xff, 0xf8, 0xff, 0x87, 0xff, 0xff, 0xff, 0xf9, 0xff, 0xf1, 0xff, 0xff, },
{0xff, 0xf3, 0xff, 0xff, 0xff, 0xf8, 0xff, 0xc3, 0xff, 0xff, 0xff, 0xf9, 0xff, 0xff, 0xff, 0xff, },
{0xff, 0xf3, 0xff, 0xff, 0xff, 0xf8, 0xff, 0xf0, 0xff, 0xff, 0xff, 0xf9, 0xff, 0xff, 0xff, 0xff, },
{0xff, 0xf2, 0x01, 0xff, 0xff, 0xf8, 0xff, 0xf8, 0x7f, 0xff, 0xff, 0xf9, 0xff, 0xff, 0xff, 0xff, },
{0xff, 0xf2, 0x00, 0x03, 0xff, 0xf8, 0xff, 0xfe, 0x1f, 0xff, 0xff, 0xf9, 0xfe, 0x7f, 0xff, 0xff, },
{0xff, 0xf3, 0x00, 0x00, 0x0f, 0xf8, 0xff, 0xff, 0x0f, 0xff, 0xff, 0xf9, 0xff, 0x1f, 0xff, 0xff, },
{0xff, 0xf3, 0xc3, 0xe0, 0x00, 0x18, 0xff, 0xff, 0x87, 0xff, 0xff, 0xf9, 0xff, 0xef, 0xff, 0xff, },
{0xff, 0xf3, 0xe1, 0xff, 0x80, 0x00, 0xff, 0xff, 0xe3, 0xff, 0xff, 0xf9, 0xff, 0xc3, 0xff, 0xff, },
{0xff, 0xf3, 0xf8, 0x7f, 0xff, 0x01, 0xff, 0xff, 0xf8, 0xff, 0xff, 0xf9, 0xff, 0x1c, 0xff, 0xff, },
{0xff, 0xf3, 0xfc, 0x1f, 0xff, 0xff, 0xff, 0xff, 0xfc, 0x3f, 0xff, 0xf9, 0xfe, 0x7f, 0xff, 0xff, },
{0xff, 0xf3, 0xff, 0x0f, 0xff, 0xff, 0xff, 0xff, 0xfe, 0x1f, 0xff, 0xf9, 0xff, 0xff, 0xff, 0xff, },
{0xff, 0xf3, 0xff, 0xc3, 0xff, 0xff, 0xff, 0xff, 0xff, 0x0f, 0xff, 0xf9, 0xff, 0xff, 0xff, 0xff, },
{0xff, 0xf3, 0xff, 0xe1, 0xff, 0xff, 0xff, 0xff, 0xff, 0xc3, 0xff, 0xf9, 0xff, 0x7f, 0xff, 0xff, },
{0xff, 0xf3, 0xff, 0xf8, 0x7f, 0xff, 0xff, 0xff, 0xff, 0xe1, 0xff, 0xf9, 0xfe, 0xff, 0xff, 0xff, },
{0xff, 0xf3, 0xff, 0xfc, 0x1f, 0xff, 0xff, 0xc0, 0xff, 0xf8, 0x7f, 0xf9, 0xfe, 0xff, 0xff, 0xff, },
{0xff, 0xf3, 0xff, 0xff, 0x0f, 0xff, 0xff, 0x80, 0x3f, 0xfc, 0x3f, 0xf9, 0xff, 0x7f, 0xff, 0xff, },
{0xff, 0xf3, 0xff, 0xff, 0x83, 0xff, 0xff, 0x8c, 0x01, 0xfe, 0x1f, 0xf9, 0xfe, 0x03, 0xff, 0xff, },
{0xff, 0xf3, 0xff, 0xff, 0xe1, 0xff, 0xff, 0x8f, 0xc0, 0x1f, 0x87, 0xf9, 0xff, 0xff, 0xff, 0xff, },
{0xff, 0xf3, 0xff, 0xff, 0xf8, 0x7f, 0xff, 0x8f, 0xfc, 0x01, 0xc3, 0xf9, 0xff, 0xff, 0xff, 0xff, },
{0xff, 0xf3, 0xff, 0xff, 0xfc, 0x3f, 0xff, 0x8f, 0xff, 0x80, 0x21, 0xf9, 0xff, 0xff, 0xff, 0xff, },
{0xff, 0xf3, 0xff, 0xff, 0xff, 0x0f, 0xff, 0x8f, 0xff, 0xf8, 0x00, 0x79, 0xff, 0x17, 0xff, 0xff, },
{0xff, 0xf3, 0xff, 0xff, 0xff, 0x83, 0xff, 0x8f, 0xff, 0xff, 0x80, 0x39, 0xfe, 0xdb, 0xff, 0xff, },
{0xff, 0xf3, 0xff, 0xff, 0xff, 0xe1, 0xff, 0x8f, 0xff, 0xff, 0xf8, 0x39, 0xfe, 0xdb, 0xff, 0xff, },
{0xff, 0xf3, 0xff, 0xff, 0xff, 0xf0, 0x7f, 0x8f, 0xff, 0xff, 0xff, 0x39, 0xfe, 0xdb, 0xff, 0xff, },
{0xff, 0xf3, 0xff, 0xff, 0xff, 0xfc, 0x3f, 0x8f, 0xff, 0xff, 0xff, 0xf9, 0xfe, 0xdb, 0xff, 0xff, },
{0xff, 0xf3, 0xff, 0xff, 0xff, 0xff, 0x0f, 0x8f, 0xff, 0xff, 0xff, 0xf9, 0xff, 0x07, 0xff, 0xff, },
{0xff, 0xf3, 0xff, 0xff, 0xff, 0xff, 0x83, 0x8f, 0xff, 0xff, 0xff, 0xf9, 0xff, 0xff, 0xff, 0xff, },
{0xff, 0xf3, 0xff, 0xff, 0xff, 0xff, 0xe1, 0x8f, 0xff, 0xff, 0xff, 0xf9, 0xff, 0xff, 0xff, 0xff, },
{0xff, 0xf3, 0xff, 0xff, 0xff, 0xff, 0xf0, 0x0f, 0xff, 0xff, 0xff, 0xf9, 0xfe, 0xfb, 0xff, 0xff, },
{0xff, 0xf3, 0xff, 0xff, 0xff, 0xff, 0xfc, 0x0f, 0xff, 0xff, 0xff, 0xf9, 0xfe, 0xfb, 0xff, 0xff, },
{0xff, 0xf3, 0xff, 0xff, 0xff, 0xff, 0xfe, 0x1f, 0xff, 0xff, 0xff, 0xf9, 0xfe, 0xfb, 0xff, 0xff, },
{0xff, 0xf3, 0xff, 0xff, 0xff, 0xff, 0xff, 0x9f, 0xff, 0xff, 0xff, 0xf9, 0xf0, 0x07, 0xff, 0xff, },
{0xff, 0xf3, 0xff, 0xff, 0xff, 0xff, 0xff, 0xff, 0xff, 0xff, 0xff, 0xf9, 0xfe, 0xff, 0xff, 0xff, },
{0xff, 0xf3, 0xff, 0xff, 0xff, 0xff, 0xff, 0xff, 0xff, 0xff, 0xff, 0xf9, 0xfe, 0xff, 0xff, 0xff, },
{0xff, 0xf3, 0xff, 0xff, 0xff, 0xff, 0xff, 0xff, 0xff, 0xff, 0xff, 0xf9, 0xff, 0xff, 0xff, 0xff, },
{0xff, 0xf3, 0xff, 0xff, 0xff, 0xff, 0xff, 0xff, 0xff, 0xff, 0xff, 0xf9, 0xff, 0xff, 0xff, 0xff, },
{0xff, 0xf3, 0xff, 0xff, 0xff, 0xff, 0xff, 0xff, 0xff, 0xff, 0xff, 0xf9, 0xfe, 0xfb, 0xff, 0xff, },
{0xff, 0xf3, 0xff, 0xff, 0xff, 0xff, 0xff, 0xff, 0xff, 0xff, 0xff, 0xf9, 0xfe, 0xfb, 0xff, 0xff, },
{0xff, 0xf3, 0xff, 0xff, 0xff, 0xff, 0xff, 0xff, 0xff, 0xff, 0xff, 0xf9, 0xfe, 0xfb, 0xff, 0xff, },
{0xff, 0xf3, 0xff, 0xff, 0xff, 0xff, 0xff, 0xff, 0xff, 0xff, 0xff, 0xf9, 0xf0, 0x07, 0xff, 0xff, },
{0xff, 0xf3, 0xff, 0xff, 0xff, 0xff, 0xff, 0xff, 0xff, 0xff, 0xff, 0xf9, 0xfe, 0xff, 0xff, 0xff, },
{0xff, 0xf3, 0xff, 0xff, 0xff, 0xff, 0xff, 0xff, 0xff, 0xff, 0xff, 0xf9, 0xfe, 0xff, 0xff, 0xff, },
{0xff, 0xf3, 0xff, 0xff, 0xff, 0xff, 0xff, 0xff, 0xff, 0xff, 0xff, 0xf9, 0xff, 0xff, 0xff, 0xff, },
{0xff, 0xf3, 0xff, 0xff, 0xff, 0xff, 0xff, 0xff, 0xff, 0xff, 0xff, 0xf9, 0xff, 0xff, 0xff, 0xff, },
{0xff, 0xf3, 0xff, 0xff, 0xff, 0xff, 0xff, 0xff, 0xff, 0xff, 0xff, 0xf9, 0xff, 0x03, 0xff, 0xff, },
{0xff, 0xf3, 0xff, 0xff, 0xff, 0xff, 0xff, 0xff, 0xff, 0xff, 0xff, 0xf9, 0xfe, 0xb7, 0xff, 0xff, },
{0xff, 0xf3, 0xff, 0xff, 0xff, 0xff, 0xff, 0xff, 0xff, 0xff, 0xff, 0xf9, 0xfe, 0xbb, 0xff, 0xff, },
{0xff, 0xf3, 0xff, 0xff, 0xff, 0xff, 0xff, 0xff, 0xff, 0xff, 0xff, 0xf9, 0xfe, 0xbb, 0xff, 0xff, },
{0xff, 0xf3, 0xff, 0xff, 0xff, 0xff, 0xff, 0xff, 0xff, 0xff, 0xff, 0xf9, 0xfe, 0xbb, 0xff, 0xff, },
{0xff, 0xf3, 0xff, 0xff, 0xff, 0xff, 0xff, 0xff, 0xff, 0xff, 0xff, 0xf9, 0xfe, 0xc7, 0xff, 0xff, },
{0xff, 0xf3, 0xff, 0xff, 0xff, 0xff, 0xff, 0xff, 0xff, 0xff, 0xff, 0xf9, 0xff, 0xff, 0xff, 0xff, },
{0xff, 0xf3, 0xff, 0xff, 0xff, 0xff, 0xff, 0xff, 0xff, 0xff, 0xff, 0xf9, 0xff, 0xff, 0xff, 0xff, },
{0xff, 0xf3, 0xff, 0xff, 0xff, 0xff, 0xff, 0xff, 0xff, 0xff, 0xff, 0xf9, 0xff, 0x07, 0xff, 0xff, },
{0xff, 0xf3, 0xff, 0xff, 0xff, 0xff, 0xff, 0xff, 0xff, 0xff, 0xff, 0xf9, 0xfe, 0xf7, 0xff, 0xff, },
{0xff, 0xf3, 0xff, 0xff, 0xff, 0xff, 0xff, 0xff, 0xff, 0xff, 0xff, 0xf9, 0xfe, 0xfb, 0xff, 0xff, },
{0xff, 0xf3, 0xff, 0xff, 0xff, 0xff, 0xff, 0xff, 0xff, 0xff, 0xff, 0xf9, 0xfe, 0xfb, 0xff, 0xff, },
{0xff, 0xf3, 0xff, 0xff, 0xff, 0xff, 0xff, 0xff, 0xff, 0xff, 0xff, 0xf9, 0xfe, 0xf7, 0xff, 0xff, },
{0xff, 0xf3, 0xff, 0xff, 0xff, 0xff, 0xff, 0xff, 0xff, 0xff, 0xff, 0xf9, 0xe0, 0x03, 0xff, 0xff, },
{0xff, 0xf3, 0xff, 0xff, 0xff, 0xff, 0xff, 0xff, 0xff, 0xff, 0xff, 0xf9, 0xff, 0xff, 0xff, 0xff, },
{0xff, 0xf3, 0xff, 0xff, 0xff, 0xff, 0xff, 0xff, 0xff, 0xff, 0xff, 0xf9, 0xff, 0xff, 0xff, 0xff, },
{0xff, 0xf3, 0xff, 0xff, 0xff, 0xff, 0xff, 0xff, 0xff, 0xff, 0xff, 0xf9, 0xff, 0xff, 0xff, 0xff, },
{0xff, 0xf3, 0xff, 0xff, 0xff, 0xff, 0xff, 0xff, 0xff, 0xff, 0xff, 0xf9, 0xff, 0xff, 0xff, 0xff, },
{0xff, 0xf3, 0xff, 0xff, 0xff, 0xff, 0xff, 0xff, 0xff, 0xff, 0xff, 0xf9, 0xff, 0xff, 0xff, 0xff, },
{0xff, 0xf3, 0xff, 0xff, 0xff, 0xff, 0xff, 0xff, 0xff, 0xff, 0xff, 0xf9, 0xff, 0xff, 0xff, 0xff, },
{0xff, 0xf3, 0xff, 0xff, 0xff, 0xff, 0xff, 0xff, 0xff, 0xff, 0xff, 0xf9, 0xff, 0xff, 0xff, 0xff, },
{0xff, 0xf3, 0xff, 0xff, 0xff, 0xff, 0xff, 0xff, 0xff, 0xff, 0xff, 0xf9, 0xff, 0xff, 0xff, 0xff, },
{0xff, 0xf3, 0xff, 0xff, 0xff, 0xff, 0xff, 0xff, 0xff, 0xff, 0xff, 0xf9, 0xfe, 0x7f, 0xff, 0xff, },
{0xff, 0xf3, 0xff, 0xff, 0xff, 0xff, 0xff, 0xff, 0xff, 0xff, 0xff, 0xf9, 0xff, 0x8f, 0xff, 0xff, },
{0xff, 0xf3, 0xff, 0xff, 0xff, 0xff, 0xff, 0xff, 0xff, 0xff, 0xff, 0xf9, 0xff, 0xe3, 0xff, 0xff, },
{0xff, 0xf3, 0xff, 0xff, 0xff, 0xff, 0xff, 0xff, 0xff, 0xff, 0xff, 0xf9, 0xff, 0x9f, 0xff, 0xff, },
{0xff, 0xf3, 0xff, 0xff, 0xff, 0xff, 0xff, 0xff, 0xff, 0xff, 0xff, 0xf9, 0xfe, 0x3f, 0xff, 0xff, },
{0xff, 0xf3, 0xff, 0xff, 0xff, 0xff, 0xff, 0xff, 0xff, 0xff, 0xff, 0xf9, 0xff, 0x9f, 0xff, 0xff, },
{0xff, 0xf3, 0xff, 0xff, 0xff, 0xff, 0xff, 0xff, 0xff, 0xff, 0xff, 0xf9, 0xff, 0xe3, 0xff, 0xff, },
{0xff, 0xf3, 0xff, 0xff, 0xff, 0xff, 0xff, 0xff, 0xff, 0xff, 0xff, 0xf9, 0xff, 0x8f, 0xff, 0xff, },
{0xff, 0xf0, 0x00, 0x00, 0x00, 0x00, 0x00, 0x00, 0x00, 0x00, 0x00, 0x01, 0xfe, 0x7f, 0xff, 0xff, },
{0xff, 0xf0, 0x00, 0x00, 0x00, 0x00, 0x00, 0x00, 0x00, 0x00, 0x00, 0x01, 0xff, 0xff, 0xff, 0xff, },
{0xff, 0xff, 0xff, 0xff, 0xf9, 0xff, 0xff, 0xfe, 0x3f, 0xff, 0xff, 0xff, 0xff, 0x07, 0xff, 0xff, },
{0xff, 0xff, 0xff, 0xff, 0xf9, 0xff, 0xff, 0xfe, 0x3f, 0xff, 0xff, 0xff, 0xfe, 0xfb, 0xff, 0xff, },
{0xff, 0xff, 0xff, 0xff, 0xf9, 0xff, 0xff, 0xfe, 0x3f, 0xff, 0xff, 0xff, 0xfe, 0xfb, 0xff, 0xff, },
{0xff, 0xff, 0xff, 0xff, 0xf9, 0xff, 0xff, 0xfe, 0x3f, 0xff, 0xff, 0xff, 0xfe, 0xfb, 0xff, 0xff, },
{0xff, 0xff, 0xff, 0xff, 0xf9, 0xff, 0xff, 0xfe, 0x3f, 0xff, 0xff, 0xff, 0xfe, 0xfb, 0xff, 0xff, },
{0xff, 0xff, 0xff, 0xff, 0xf9, 0xff, 0xff, 0xfe, 0x3f, 0xff, 0xff, 0xff, 0xff, 0x07, 0xff, 0xff, },
{0xff, 0xff, 0xff, 0xff, 0xf9, 0xff, 0xff, 0xfe, 0x3f, 0xff, 0xff, 0xff, 0xff, 0xff, 0xff, 0xff, },
{0xff, 0xff, 0xff, 0xff, 0xf8, 0x00, 0x00, 0x00, 0x3f, 0xff, 0xff, 0xff, 0xff, 0xff, 0xff, 0xff, },
{0xff, 0xff, 0xff, 0xff, 0xf8, 0x00, 0x00, 0x00, 0x3f, 0xff, 0xff, 0xff, 0xff, 0xfb, 0xff, 0xff, },
{0xff, 0xff, 0xff, 0xff, 0xff, 0xff, 0xff, 0xff, 0xff, 0xff, 0xff, 0xff, 0xff, 0xfb, 0xff, 0xff, },
{0xff, 0xff, 0xff, 0xff, 0xff, 0xff, 0xff, 0xff, 0xff, 0xff, 0xff, 0xff, 0xff, 0xfb, 0xff, 0xff, },
{0xff, 0xff, 0xff, 0xff, 0xff, 0xff, 0xff, 0xff, 0xff, 0xff, 0xff, 0xff, 0xff, 0xfb, 0xff, 0xff, },
{0xff, 0xff, 0xff, 0xff, 0xff, 0xff, 0xff, 0xff, 0xff, 0xff, 0xff, 0xff, 0xff, 0xfb, 0xff, 0xff, },
{0xff, 0xff, 0xff, 0xff, 0xff, 0xff, 0xff, 0xff, 0xff, 0xff, 0xff, 0xff, 0xe0, 0x03, 0xff, 0xff, },
{0xff, 0xff, 0xff, 0xff, 0xff, 0xff, 0xff, 0xff, 0xff, 0xff, 0xff, 0xff, 0xff, 0xff, 0xff, 0xff, },
{0xff, 0xff, 0xff, 0xff, 0xff, 0xff, 0xff, 0xff, 0xff, 0xff, 0xff, 0xff, 0xff, 0xff, 0xff, 0xff, },
{0xff, 0xff, 0xff, 0xff, 0xff, 0xff, 0xff, 0xff, 0xff, 0xff, 0xff, 0xff, 0xff, 0xff, 0xff, 0xff, },
{0xff, 0xff, 0xff, 0xff, 0xff, 0xff, 0xff, 0xff, 0xff, 0xff, 0xff, 0xff, 0xff, 0xff, 0xff, 0xff, },
{0xff, 0xff, 0xff, 0xff, 0xff, 0xff, 0xff, 0xff, 0xff, 0xff, 0xff, 0xff, 0xff, 0xff, 0xff, 0xff, },
{0xff, 0xff, 0xff, 0xff, 0xff, 0xff, 0xff, 0xff, 0xff, 0xff, 0xff, 0xff, 0xff, 0xff, 0xff, 0xff, },
{0xff, 0xff, 0xff, 0xff, 0xff, 0xff, 0xff, 0xff, 0xff, 0xff, 0xff, 0xff, 0xff, 0xff, 0xff, 0xff, },
{0xff, 0xff, 0xff, 0xff, 0xff, 0xff, 0xff, 0xff, 0xff, 0xff, 0xff, 0xff, 0xff, 0xff, 0xff, 0xff, },
{0xff, 0xff, 0xff, 0xff, 0xff, 0xff, 0xff, 0xff, 0xff, 0xff, 0xff, 0xff, 0xff, 0xff, 0xff, 0xff, },
{0xff, 0xff, 0xff, 0xff, 0xff, 0xff, 0xff, 0xff, 0xff, 0xff, 0xff, 0xff, 0xff, 0xff, 0xff, 0xff, },
{0xff, 0xff, 0xff, 0xff, 0xff, 0xff, 0xff, 0xff, 0xff, 0xff, 0xff, 0xff, 0xff, 0xff, 0xff, 0xff, },
{0xff, 0xff, 0xff, 0xff, 0xff, 0xff, 0xff, 0xff, 0xff, 0xff, 0xff, 0xff, 0xff, 0xff, 0xff, 0xff, },
{0xff, 0xff, 0xff, 0xff, 0xff, 0xff, 0xff, 0xff, 0xff, 0xff, 0xff, 0xff, 0xff, 0xff, 0xff, 0xff, },
{0xff, 0xff, 0xff, 0xff, 0xff, 0xff, 0xff, 0xff, 0xff, 0xff, 0xff, 0xff, 0xff, 0xff, 0xff, 0xff, },
{0xff, 0xff, 0xff, 0xff, 0xff, 0xff, 0xff, 0xff, 0xff, 0xff, 0xff, 0xff, 0xff, 0xff, 0xff, 0xff, },
{0xff, 0xff, 0xff, 0xff, 0xff, 0xff, 0xff, 0xff, 0xff, 0xff, 0xff, 0xff, 0xff, 0xff, 0xff, 0xff, },
{0xff, 0xff, 0xff, 0xff, 0xff, 0xff, 0xff, 0xff, 0xff, 0xff, 0xff, 0xff, 0xff, 0xff, 0xff, 0xff, },
{0xff, 0xff, 0xff, 0xff, 0xff, 0xff, 0xff, 0xff, 0xff, 0xff, 0xff, 0xff, 0xff, 0xff, 0xff, 0xff, },
{0xff, 0xff, 0xff, 0xff, 0xff, 0xff, 0xff, 0xff, 0xff, 0xff, 0xff, 0xff, 0xff, 0xff, 0xff, 0xff, },
{0xff, 0xff, 0xff, 0xff, 0xff, 0xff, 0xff, 0xff, 0xff, 0xff, 0xff, 0xff, 0xff, 0xff, 0xff, 0xff, },
{0xff, 0xff, 0xff, 0xff, 0xff, 0xff, 0xff, 0xff, 0xff, 0xff, 0xff, 0xff, 0xff, 0xff, 0xff, 0xff, },
{0xff, 0xff, 0xff, 0xff, 0xff, 0xff, 0xff, 0xff, 0xff, 0xff, 0xff, 0xff, 0xff, 0xff, 0xff, 0xff, },
{0xff, 0xff, 0xff, 0xff, 0xff, 0xff, 0xff, 0xff, 0xff, 0xff, 0xff, 0xff, 0xff, 0xff, 0xff, 0xff, },
{0xff, 0xff, 0xff, 0xff, 0xff, 0xff, 0xff, 0xff, 0xff, 0xff, 0xff, 0xff, 0xff, 0xff, 0xff, 0xff, },
{0xff, 0xff, 0xff, 0xff, 0xff, 0xff, 0xff, 0xff, 0xff, 0xff, 0xff, 0xff, 0xff, 0xff, 0xff, 0xff, },
{0xff, 0xff, 0xff, 0xff, 0xff, 0xff, 0xff, 0xff, 0xff, 0xff, 0xff, 0xff, 0xff, 0xff, 0xff, 0xff, },
{0xff, 0xff, 0xff, 0xff, 0xff, 0xff, 0xff, 0xff, 0xff, 0xff, 0xff, 0xff, 0xff, 0xff, 0xff, 0xff, },
{0xff, 0xff, 0xff, 0xff, 0xff, 0xff, 0xff, 0xff, 0xff, 0xff, 0xff, 0xff, 0xff, 0xff, 0xff, 0xff, },
};/*black layer inscription*/
#endif

#endif


/*********************************************************************************************************************/
/* 212x104 resolution material*/
/*********************************************************************************************************************/
#if (EINK_MODEL== EINK_MODEL_SSD1680_212X104)||(EINK_MODEL== EINK_MODEL_PERVASIVE_212X104)

const unsigned char img_timeout[212][13] ICACHE_RODATA_ATTR = { /* Set timeout reminder red layer yangwen*/
{0x00, 0x00, 0x00, 0x00, 0x00, 0x00, 0x00, 0x00, 0x00, 0x00, 0x00, 0x00, 0x00, },
{0x00, 0x00, 0x00, 0x00, 0x00, 0x00, 0x00, 0x00, 0x00, 0x00, 0x00, 0x00, 0x00, },
{0x00, 0x00, 0x00, 0x00, 0x00, 0x00, 0x00, 0x00, 0x00, 0x00, 0x00, 0x00, 0x00, },
{0x00, 0x00, 0x00, 0x00, 0x00, 0x00, 0x00, 0x00, 0x00, 0x00, 0x00, 0x00, 0x00, },
{0x00, 0x00, 0x00, 0x00, 0x00, 0x00, 0x00, 0x00, 0x00, 0x00, 0x00, 0x08, 0x38, },
{0x00, 0x00, 0x00, 0x00, 0x00, 0x00, 0x00, 0x00, 0x00, 0x00, 0x00, 0x18, 0x08, },
{0x00, 0x00, 0x00, 0x00, 0x00, 0x00, 0x00, 0x00, 0x00, 0x00, 0x00, 0x28, 0x30, },
{0x00, 0x00, 0x00, 0x00, 0x00, 0x00, 0x00, 0x00, 0x00, 0x00, 0x00, 0x3f, 0xc0, },
{0x00, 0x00, 0x00, 0x00, 0x00, 0x00, 0x00, 0x00, 0x00, 0x00, 0x00, 0x09, 0x10, },
{0x00, 0x00, 0x00, 0x00, 0x00, 0x00, 0x00, 0x00, 0x00, 0x00, 0x00, 0x09, 0x10, },
{0x00, 0x00, 0x00, 0x00, 0x00, 0x00, 0x00, 0x00, 0x00, 0x00, 0x00, 0x09, 0xf8, },
{0x00, 0x00, 0x00, 0x00, 0x00, 0x00, 0x00, 0x00, 0x00, 0x00, 0x00, 0x09, 0x08, },
{0x00, 0x00, 0x00, 0x00, 0x00, 0x00, 0x00, 0x00, 0x00, 0x00, 0x00, 0x08, 0x20, },
{0x00, 0x00, 0x00, 0x00, 0x00, 0x00, 0x00, 0x00, 0x00, 0x00, 0x00, 0x13, 0xf8, },
{0x00, 0x00, 0x00, 0x00, 0x00, 0x00, 0x00, 0x00, 0x00, 0x00, 0x00, 0x22, 0x00, },
{0x00, 0x00, 0x00, 0x00, 0x00, 0x00, 0x00, 0x00, 0x00, 0x00, 0x00, 0x00, 0x00, },
{0x00, 0x00, 0x00, 0x00, 0x00, 0x00, 0x00, 0x00, 0x00, 0x00, 0x00, 0x08, 0x08, },
{0x00, 0x00, 0x00, 0x00, 0x00, 0x00, 0x00, 0x00, 0x00, 0x00, 0x00, 0x2f, 0xa8, },
{0x00, 0x00, 0x00, 0x00, 0x00, 0x00, 0x00, 0x00, 0x00, 0x00, 0x00, 0x2a, 0xa8, },
{0x00, 0x00, 0x00, 0x00, 0x00, 0x00, 0x00, 0x00, 0x00, 0x00, 0x00, 0x2a, 0xa8, },
{0x00, 0x00, 0x00, 0x00, 0x00, 0x00, 0x00, 0x00, 0x00, 0x00, 0x00, 0x2a, 0xa8, },
{0x00, 0x00, 0x00, 0x00, 0x00, 0x00, 0x00, 0x00, 0x00, 0x00, 0x00, 0x3f, 0xf8, },
{0x00, 0x00, 0x00, 0x00, 0x00, 0x00, 0x00, 0x00, 0x00, 0x00, 0x00, 0x2a, 0xa8, },
{0x00, 0x00, 0x00, 0x00, 0x00, 0x00, 0x00, 0x00, 0x00, 0x00, 0x00, 0x2a, 0xa8, },
{0x00, 0x00, 0x00, 0x00, 0x00, 0x00, 0x00, 0x00, 0x00, 0x00, 0x00, 0x2a, 0xa8, },
{0x00, 0x00, 0x00, 0x00, 0x00, 0x00, 0x00, 0x00, 0x00, 0x00, 0x00, 0x2f, 0xa8, },
{0x00, 0x00, 0x00, 0x00, 0x00, 0x00, 0x00, 0x00, 0x00, 0x00, 0x00, 0x08, 0x08, },
{0x00, 0x00, 0x00, 0x00, 0x00, 0x00, 0x00, 0x00, 0x00, 0x00, 0x00, 0x00, 0x00, },
{0x07, 0xff, 0xff, 0xff, 0xff, 0xff, 0xff, 0xff, 0xff, 0xff, 0xc0, 0x00, 0x00, },
{0x0f, 0xff, 0xff, 0xff, 0xff, 0xff, 0xff, 0xff, 0xff, 0xff, 0xe0, 0x01, 0x08, },
{0x1f, 0xff, 0xff, 0xff, 0xff, 0xff, 0xff, 0xff, 0xff, 0xff, 0xf0, 0x09, 0x08, },
{0x1f, 0xff, 0xff, 0xff, 0xff, 0xff, 0xff, 0xff, 0xff, 0xff, 0xf0, 0x29, 0x10, },
{0x1f, 0xff, 0xff, 0xff, 0xff, 0xff, 0xff, 0xff, 0xff, 0xff, 0xf0, 0x19, 0x20, },
{0x1f, 0xff, 0xff, 0xff, 0xff, 0xff, 0xff, 0xff, 0xff, 0xff, 0xf0, 0x09, 0x40, },
{0x1f, 0xff, 0xff, 0xff, 0xff, 0xff, 0xff, 0xff, 0xff, 0xff, 0xf0, 0x0f, 0x80, },
{0x1f, 0xff, 0xff, 0xff, 0xff, 0xff, 0xff, 0xff, 0xff, 0xff, 0xf0, 0x19, 0xc0, },
{0x1f, 0xff, 0xf0, 0x00, 0x00, 0x00, 0x00, 0x01, 0xff, 0xff, 0xf0, 0x39, 0x20, },
{0x1f, 0xff, 0xe0, 0x00, 0x00, 0x00, 0x00, 0x00, 0xff, 0xff, 0xf0, 0x29, 0x10, },
{0x1f, 0xff, 0xe0, 0x00, 0x00, 0x00, 0x00, 0x00, 0xff, 0xff, 0xf0, 0x09, 0x08, },
{0x1f, 0xff, 0xff, 0xf0, 0x7f, 0xff, 0x84, 0x3f, 0xff, 0xff, 0xf0, 0x01, 0x08, },
{0x1f, 0xff, 0xff, 0xf0, 0xff, 0xff, 0xc6, 0x3f, 0xff, 0xff, 0xf0, 0x22, 0x00, },
{0x1f, 0xff, 0xff, 0xe1, 0xff, 0xff, 0xc6, 0x3f, 0xff, 0xff, 0xf0, 0x22, 0x00, },
{0x1f, 0xff, 0xff, 0xc3, 0xff, 0xff, 0xc6, 0x3f, 0xff, 0xff, 0xf0, 0x22, 0x00, },
{0x1f, 0xff, 0xff, 0x87, 0xff, 0xff, 0xc6, 0x3f, 0xff, 0xff, 0xf0, 0x3f, 0xf8, },
{0x1f, 0xff, 0xff, 0x0f, 0xe3, 0xff, 0xc6, 0x3f, 0xff, 0xff, 0xf0, 0x22, 0x00, },
{0x1f, 0xff, 0xff, 0x0f, 0xc1, 0xff, 0xc6, 0x3f, 0xff, 0xff, 0xf0, 0x22, 0x00, },
{0x1f, 0x81, 0xfe, 0x1f, 0x81, 0xff, 0x86, 0x3f, 0xff, 0x07, 0xf0, 0x22, 0x00, },
{0x1f, 0x00, 0xfc, 0x3f, 0x00, 0xff, 0x06, 0x3f, 0xfe, 0x03, 0xf0, 0x22, 0x00, },
{0x1e, 0x00, 0xf8, 0x7e, 0x00, 0x7e, 0x06, 0x3f, 0xfc, 0x01, 0xf0, 0x3f, 0xc0, },
{0x1e, 0x38, 0xf8, 0xfe, 0x00, 0x00, 0x06, 0x3f, 0xfc, 0x71, 0xf0, 0x22, 0x30, },
{0x1e, 0x38, 0x70, 0xfc, 0x20, 0x00, 0x06, 0x3f, 0xf8, 0xf1, 0xf0, 0x22, 0x10, },
{0x1e, 0x38, 0xe1, 0xf8, 0x63, 0x00, 0xc6, 0x3f, 0xfc, 0x71, 0xf0, 0x02, 0x08, },
{0x1e, 0x00, 0xc3, 0xf0, 0xe3, 0xff, 0xc6, 0x3f, 0xfc, 0x01, 0xf0, 0x22, 0x00, },
{0x1f, 0x00, 0x87, 0xe1, 0xe3, 0xff, 0xc6, 0x3f, 0xfc, 0x03, 0xf0, 0x22, 0x00, },
{0x1f, 0x81, 0x87, 0xc3, 0xe3, 0xff, 0xc6, 0x3f, 0xfe, 0x07, 0xf0, 0x22, 0x00, },
{0x1f, 0xe7, 0x0f, 0x87, 0xe3, 0xff, 0xc6, 0x3f, 0xff, 0x9f, 0xf0, 0x3f, 0xf8, },
{0x1f, 0xfe, 0x1f, 0x0f, 0xe3, 0xff, 0xc6, 0x3f, 0xff, 0xff, 0xf0, 0x22, 0x00, },
{0x1f, 0xfc, 0x3e, 0x1f, 0xe3, 0xff, 0xc6, 0x3f, 0xff, 0xff, 0xf0, 0x22, 0x00, },
{0x1f, 0xf8, 0x7c, 0x1f, 0xe3, 0xff, 0xc6, 0x3f, 0xff, 0xff, 0xf0, 0x22, 0x00, },
{0x1f, 0xf8, 0x7c, 0x3f, 0xe3, 0xff, 0xc6, 0x3f, 0xff, 0xff, 0xf0, 0x22, 0x00, },
{0x1f, 0xf0, 0xf8, 0x7f, 0xe3, 0xff, 0xc6, 0x3f, 0xff, 0xff, 0xf0, 0x3f, 0xc0, },
{0x1f, 0xe0, 0x00, 0xff, 0xe3, 0xff, 0xc6, 0x3f, 0xff, 0xff, 0xf0, 0x22, 0x30, },
{0x1f, 0xe0, 0x01, 0xff, 0xe3, 0xff, 0xc0, 0x3f, 0xff, 0xff, 0xf0, 0x22, 0x10, },
{0x1f, 0xe0, 0x01, 0xff, 0xe3, 0xff, 0xc0, 0x3f, 0xff, 0xff, 0xf0, 0x02, 0x08, },
{0x1f, 0xe3, 0xf1, 0xff, 0xe3, 0xff, 0xc0, 0x7f, 0xff, 0xff, 0xf0, 0x10, 0x00, },
{0x1f, 0xe3, 0xf1, 0xff, 0xe3, 0xff, 0xc0, 0x7f, 0xff, 0xff, 0xf0, 0x10, 0x00, },
{0x1f, 0xe3, 0xf1, 0xff, 0xe3, 0xff, 0xc7, 0xff, 0xff, 0xff, 0xf0, 0x1f, 0xf8, },
{0x1f, 0xe3, 0xf1, 0xff, 0xe3, 0xff, 0xc7, 0xff, 0xff, 0xff, 0xf0, 0x10, 0x08, },
{0x1f, 0xe3, 0xf1, 0xff, 0xe3, 0xff, 0xc7, 0xff, 0xff, 0xff, 0xf0, 0x10, 0x08, },
{0x1f, 0xe3, 0xf1, 0xff, 0xe3, 0xff, 0xc7, 0xff, 0xff, 0xff, 0xf0, 0x10, 0x08, },
{0x1f, 0xe3, 0xf1, 0xff, 0xe3, 0xff, 0xc7, 0xff, 0xff, 0xff, 0xf0, 0x10, 0x00, },
{0x0f, 0xe3, 0xf1, 0xff, 0xe3, 0xff, 0xc7, 0xff, 0xff, 0xff, 0xe0, 0x09, 0x00, },
{0x07, 0xe3, 0xf1, 0xff, 0xf1, 0xff, 0x87, 0xff, 0xff, 0xff, 0xc0, 0x09, 0x00, },
{0x00, 0x03, 0xf1, 0xff, 0xf1, 0xff, 0x80, 0x00, 0x00, 0x00, 0x00, 0x3f, 0xf8, },
{0x00, 0x03, 0xf1, 0xff, 0xe0, 0xff, 0x00, 0x00, 0x00, 0x00, 0x00, 0x08, 0x88, },
{0x00, 0x03, 0xf1, 0xff, 0xc0, 0x3e, 0x00, 0x00, 0x00, 0x00, 0x00, 0x08, 0x88, },
{0x00, 0x03, 0xf1, 0xff, 0x80, 0x00, 0x00, 0x00, 0x00, 0x00, 0x00, 0x22, 0x00, },
{0x00, 0x03, 0xf1, 0xff, 0x00, 0x00, 0x00, 0x00, 0x00, 0x00, 0x00, 0x22, 0x00, },
{0x00, 0x03, 0xf1, 0xfe, 0x00, 0x00, 0x00, 0x00, 0x00, 0x00, 0x00, 0x13, 0xf8, },
{0x00, 0x03, 0xf1, 0xfc, 0x04, 0x00, 0x00, 0x00, 0x00, 0x00, 0x00, 0x12, 0x00, },
{0x00, 0x03, 0xf1, 0xf8, 0x0c, 0x00, 0x00, 0x00, 0x00, 0x00, 0x00, 0x1f, 0xe0, },
{0x00, 0x03, 0xf1, 0xf0, 0x1c, 0x00, 0x00, 0x00, 0x00, 0x00, 0x00, 0x00, 0x18, },
{0x00, 0x03, 0xf1, 0xe0, 0x3f, 0xff, 0xff, 0xff, 0x80, 0x00, 0x00, 0x12, 0xa0, },
{0x00, 0x03, 0xf1, 0xc0, 0x7f, 0xff, 0xff, 0xff, 0x80, 0x00, 0x00, 0x1e, 0xc0, },
{0x00, 0x03, 0xf1, 0x80, 0xff, 0xff, 0xff, 0xff, 0x80, 0x00, 0x00, 0x33, 0xf8, },
{0x00, 0x03, 0xf1, 0x00, 0xff, 0xff, 0xff, 0xff, 0x80, 0x00, 0x00, 0x16, 0x88, },
{0x00, 0x03, 0xf0, 0x00, 0x7f, 0xff, 0xff, 0xff, 0x80, 0x00, 0x00, 0x1a, 0xc8, },
{0x00, 0x03, 0xf0, 0x00, 0x3c, 0x00, 0x00, 0x00, 0x00, 0x00, 0x00, 0x12, 0xa0, },
{0x00, 0x03, 0xf0, 0x00, 0x1c, 0x00, 0x00, 0x00, 0x00, 0x00, 0x00, 0x08, 0x08, },
{0x00, 0x03, 0xf0, 0x00, 0x0c, 0x00, 0x00, 0x00, 0x00, 0x00, 0x00, 0x2f, 0xa8, },
{0x00, 0x00, 0x00, 0x00, 0x04, 0x00, 0x00, 0x00, 0x00, 0x00, 0x00, 0x2a, 0xa8, },
{0x00, 0x00, 0x00, 0x00, 0x00, 0x00, 0x00, 0x00, 0x00, 0x00, 0x00, 0x2a, 0xa8, },
{0x00, 0x00, 0x00, 0x00, 0x00, 0x00, 0x00, 0x00, 0x00, 0x00, 0x00, 0x2a, 0xa8, },
{0x00, 0x00, 0x00, 0x00, 0x00, 0x00, 0x00, 0x00, 0x00, 0x00, 0x00, 0x3f, 0xf8, },
{0x00, 0x00, 0x00, 0x00, 0x00, 0x00, 0x00, 0x00, 0x00, 0x00, 0x00, 0x2a, 0xa8, },
{0x00, 0x00, 0x00, 0x00, 0x00, 0x00, 0x00, 0x00, 0x00, 0x00, 0x00, 0x2a, 0xa8, },
{0x00, 0x00, 0x00, 0x00, 0x00, 0x00, 0x00, 0x00, 0x00, 0x00, 0x00, 0x2a, 0xa8, },
{0x00, 0x00, 0x00, 0x00, 0x00, 0x00, 0x00, 0x00, 0x00, 0x00, 0x00, 0x2f, 0xa8, },
{0x00, 0x00, 0x00, 0x00, 0x00, 0x00, 0x00, 0x00, 0x00, 0x00, 0x00, 0x08, 0x08, },
{0x00, 0x00, 0x00, 0x00, 0x00, 0x00, 0x00, 0x00, 0x00, 0x00, 0x00, 0x00, 0x00, },
{0x00, 0x00, 0x00, 0x00, 0x00, 0x00, 0x00, 0x00, 0x00, 0x00, 0x00, 0x00, 0x00, },
{0x00, 0x00, 0x00, 0x00, 0x00, 0x00, 0x00, 0x00, 0x00, 0x00, 0x00, 0x00, 0x00, },
{0x00, 0x00, 0x00, 0x00, 0x00, 0x00, 0x00, 0x00, 0x00, 0x00, 0x00, 0x00, 0x00, },
{0x00, 0x00, 0x00, 0x00, 0x00, 0x00, 0x00, 0x00, 0x00, 0x00, 0x00, 0x00, 0x00, },
{0x00, 0x00, 0x00, 0x00, 0x00, 0x00, 0x00, 0x00, 0x00, 0x00, 0x00, 0x00, 0x00, },
{0x00, 0x00, 0x00, 0x00, 0x00, 0x00, 0x00, 0x00, 0x00, 0x00, 0x00, 0x00, 0x00, },
{0x00, 0x00, 0x00, 0x00, 0x00, 0x00, 0x00, 0x00, 0x00, 0x00, 0x00, 0x00, 0x00, },
{0x00, 0x00, 0x00, 0x00, 0x00, 0x00, 0x00, 0x00, 0x00, 0x00, 0x00, 0x00, 0x00, },
{0x00, 0x00, 0x00, 0x00, 0x00, 0x00, 0x00, 0x00, 0x00, 0x00, 0x00, 0x00, 0x00, },
{0x00, 0x00, 0x00, 0x00, 0x00, 0x00, 0x00, 0x00, 0x00, 0x00, 0x00, 0x00, 0x00, },
{0x00, 0x00, 0x00, 0x00, 0x00, 0x00, 0x00, 0x00, 0x00, 0x00, 0x00, 0x00, 0x00, },
{0x00, 0x00, 0x00, 0x00, 0x00, 0x00, 0x00, 0x00, 0x00, 0x00, 0x00, 0x00, 0x00, },
{0x00, 0x00, 0x00, 0x00, 0x00, 0x00, 0x00, 0x00, 0x00, 0x00, 0x00, 0x00, 0x00, },
{0x00, 0x00, 0x00, 0x00, 0x00, 0x00, 0x00, 0x00, 0x00, 0x00, 0x00, 0x00, 0x00, },
{0x00, 0x00, 0x00, 0x00, 0x00, 0x00, 0x00, 0x00, 0x00, 0x00, 0x00, 0x00, 0x00, },
{0x00, 0x00, 0x00, 0x00, 0x00, 0x00, 0x00, 0x00, 0x00, 0x00, 0x00, 0x00, 0x00, },
{0x00, 0x00, 0x00, 0x00, 0x00, 0x00, 0x00, 0x00, 0x00, 0x00, 0x00, 0x00, 0x00, },
{0x00, 0x00, 0x00, 0x00, 0x00, 0x00, 0x00, 0x00, 0x00, 0x00, 0x00, 0x00, 0x00, },
{0x00, 0x00, 0x00, 0x00, 0x00, 0x00, 0x00, 0x00, 0x00, 0x00, 0x00, 0x00, 0x00, },
{0x00, 0x00, 0x00, 0x00, 0x00, 0x00, 0x00, 0x00, 0x00, 0x00, 0x00, 0x00, 0x00, },
{0x00, 0x00, 0x00, 0x00, 0x00, 0x00, 0x00, 0x00, 0x00, 0x00, 0x00, 0x00, 0x00, },
{0x00, 0x00, 0x00, 0x00, 0x00, 0x00, 0x00, 0x00, 0x00, 0x00, 0x00, 0x00, 0x00, },
{0x00, 0x00, 0x00, 0x00, 0x00, 0x00, 0x00, 0x00, 0x00, 0x00, 0x00, 0x00, 0x00, },
{0x00, 0x00, 0x00, 0x00, 0x00, 0x00, 0x00, 0x00, 0x00, 0x00, 0x00, 0x00, 0x00, },
{0x00, 0x00, 0x00, 0x00, 0x00, 0x00, 0x00, 0x00, 0x00, 0x00, 0x00, 0x00, 0x00, },
{0x00, 0x00, 0x00, 0x00, 0x00, 0x00, 0x00, 0x00, 0x00, 0x00, 0x00, 0x00, 0x00, },
{0x00, 0x00, 0x00, 0x00, 0x00, 0x00, 0x00, 0x00, 0x00, 0x00, 0x00, 0x00, 0x00, },
{0x00, 0x00, 0x00, 0x00, 0x00, 0x00, 0x00, 0x00, 0x00, 0x00, 0x00, 0x00, 0x00, },
{0x00, 0x00, 0x00, 0x00, 0x00, 0x00, 0x00, 0x00, 0x00, 0x00, 0x00, 0x00, 0x00, },
{0x00, 0x00, 0x00, 0x00, 0x00, 0x00, 0x00, 0x00, 0x00, 0x00, 0x00, 0x00, 0x00, },
{0x00, 0x00, 0x00, 0x00, 0x00, 0x00, 0x00, 0x00, 0x00, 0x00, 0x00, 0x00, 0x00, },
{0x00, 0x00, 0x00, 0x00, 0x00, 0x00, 0x00, 0x00, 0x00, 0x00, 0x00, 0x00, 0x00, },
{0x00, 0x00, 0x00, 0x00, 0x00, 0x00, 0x00, 0x00, 0x00, 0x00, 0x00, 0x00, 0x00, },
{0x00, 0x00, 0x00, 0x00, 0x00, 0x00, 0x00, 0x00, 0x00, 0x00, 0x00, 0x00, 0x00, },
{0x00, 0x00, 0x00, 0x00, 0x00, 0x00, 0x00, 0x00, 0x00, 0x00, 0x00, 0x00, 0x00, },
{0x00, 0x00, 0x00, 0x00, 0x00, 0x00, 0x00, 0x00, 0x00, 0x00, 0x00, 0x00, 0x00, },
{0x00, 0x00, 0x00, 0x00, 0x00, 0x00, 0x00, 0x00, 0x00, 0x00, 0x00, 0x00, 0x00, },
{0x00, 0x00, 0x00, 0x00, 0x00, 0x00, 0x00, 0x00, 0x00, 0x00, 0x00, 0x00, 0x00, },
{0x00, 0x00, 0x00, 0x00, 0x00, 0x00, 0x00, 0x00, 0x00, 0x00, 0x00, 0x00, 0x00, },
{0x00, 0x00, 0x00, 0x00, 0x00, 0x00, 0x00, 0x00, 0x00, 0x00, 0x00, 0x00, 0x00, },
{0x00, 0x00, 0x00, 0x00, 0x00, 0x00, 0x00, 0x00, 0x00, 0x00, 0x00, 0x08, 0x00, },
{0x00, 0x00, 0x00, 0x00, 0x00, 0x00, 0x00, 0x00, 0x00, 0x00, 0x00, 0x08, 0x00, },
{0x00, 0x00, 0x00, 0x00, 0x00, 0x00, 0x00, 0x00, 0x00, 0x00, 0x00, 0x3f, 0xf8, },
{0x00, 0x00, 0x00, 0x00, 0x00, 0x00, 0x00, 0x00, 0x00, 0x00, 0x00, 0x08, 0x08, },
{0x0f, 0xf8, 0x00, 0x00, 0x00, 0x00, 0x00, 0x00, 0x00, 0xff, 0xc0, 0x09, 0x88, },
{0x0f, 0xff, 0xfc, 0x00, 0x00, 0x00, 0x00, 0x01, 0xff, 0xff, 0xc0, 0x0a, 0x00, },
{0x0f, 0xff, 0xff, 0x80, 0x00, 0x00, 0x00, 0x07, 0xff, 0xff, 0xc0, 0x08, 0x00, },
{0x0f, 0xff, 0xff, 0xe0, 0x00, 0x00, 0x00, 0x1f, 0xff, 0xff, 0xc0, 0x1f, 0xf0, },
{0x0f, 0xff, 0xff, 0xf0, 0x00, 0x00, 0x00, 0x7f, 0xff, 0xff, 0xc0, 0x12, 0x20, },
{0x0f, 0xfc, 0x0f, 0xfc, 0x00, 0x00, 0x00, 0xff, 0xc0, 0xff, 0xc0, 0x12, 0x20, },
{0x0f, 0xfc, 0x03, 0xfe, 0x00, 0x00, 0x03, 0xfe, 0x00, 0xff, 0xc0, 0x1f, 0xf0, },
{0x0f, 0xfc, 0x00, 0xff, 0x80, 0x00, 0x07, 0xf8, 0x00, 0xff, 0xc0, 0x00, 0x00, },
{0x0f, 0xfc, 0x00, 0x3f, 0xc0, 0x00, 0x0f, 0xf0, 0x00, 0xff, 0xc0, 0x00, 0x00, },
{0x0f, 0xfc, 0x00, 0x0f, 0xe0, 0x00, 0x3f, 0xc0, 0x00, 0xff, 0xc0, 0x00, 0x00, },
{0x0f, 0xfc, 0x00, 0x07, 0xf0, 0x00, 0x7f, 0x80, 0x00, 0xff, 0xc0, 0x00, 0x00, },
{0x0f, 0xfc, 0x00, 0x03, 0xfc, 0x00, 0xfe, 0x00, 0x00, 0xff, 0xc0, 0x00, 0x00, },
{0x0f, 0xfc, 0x00, 0x00, 0xfe, 0x01, 0xfc, 0x00, 0x00, 0xff, 0xc0, 0x00, 0x08, },
{0x0f, 0xfc, 0x00, 0x00, 0x7f, 0x03, 0xf8, 0x00, 0x1f, 0xff, 0xc0, 0x3d, 0xe8, },
{0x0f, 0xfc, 0x00, 0x00, 0x3f, 0x87, 0xf0, 0x00, 0x7f, 0xff, 0xc0, 0x25, 0x28, },
{0x0f, 0xfc, 0x00, 0x1e, 0x1f, 0xcf, 0xe0, 0x01, 0xff, 0xff, 0xc0, 0x25, 0x28, },
{0x0f, 0xfc, 0x00, 0x1f, 0x8f, 0xff, 0x80, 0x03, 0xff, 0xff, 0xc0, 0x39, 0x28, },
{0x0f, 0xfc, 0x00, 0x1f, 0xe7, 0xff, 0x00, 0x07, 0xff, 0xff, 0xc0, 0x2d, 0xe8, },
{0x0f, 0xfc, 0x00, 0x1f, 0xf3, 0xfe, 0x00, 0x0f, 0xff, 0xff, 0xc0, 0x04, 0x08, },
{0x0f, 0xfc, 0x00, 0x1f, 0xf9, 0xfc, 0x00, 0x3f, 0xff, 0xff, 0xc0, 0x09, 0x48, },
{0x0f, 0xfc, 0x00, 0x1f, 0xfc, 0xfc, 0x00, 0x7f, 0xff, 0xff, 0xc0, 0x3f, 0xf8, },
{0x0f, 0xfc, 0x00, 0x1f, 0xff, 0x78, 0x00, 0xff, 0xff, 0xff, 0xc0, 0x09, 0x10, },
{0x0f, 0xfc, 0x00, 0x1f, 0xff, 0x00, 0x00, 0xff, 0xff, 0xff, 0xc0, 0x09, 0x70, },
{0x0f, 0xfc, 0x00, 0x1f, 0xff, 0xff, 0xff, 0xff, 0xff, 0xff, 0xc0, 0x01, 0x18, },
{0x0f, 0xfc, 0x00, 0x1f, 0xff, 0xff, 0xff, 0xff, 0xff, 0xff, 0xc0, 0x00, 0x00, },
{0x0f, 0xfc, 0x00, 0x1f, 0xff, 0x80, 0x01, 0xff, 0xff, 0xff, 0xc0, 0x00, 0x00, },
{0x0f, 0xfc, 0x00, 0x1f, 0xfe, 0x78, 0x00, 0xff, 0xff, 0xff, 0xc0, 0x00, 0x00, },
{0x0f, 0xfc, 0x00, 0x1f, 0xfc, 0xfc, 0x00, 0x7f, 0xff, 0xff, 0xc0, 0x00, 0x00, },
{0x0f, 0xfc, 0x00, 0x1f, 0xf9, 0xfc, 0x00, 0x3f, 0xff, 0xff, 0xc0, 0x02, 0x08, },
{0x0f, 0xfc, 0x00, 0x1f, 0xf3, 0xfe, 0x00, 0x1f, 0xff, 0xff, 0xc0, 0x3a, 0x08, },
{0x0f, 0xfc, 0x00, 0x1f, 0xe7, 0xff, 0x00, 0x07, 0xff, 0xff, 0xc0, 0x2b, 0xf8, },
{0x0f, 0xfc, 0x00, 0x1f, 0x8f, 0xff, 0xc0, 0x03, 0xff, 0xff, 0xc0, 0x2a, 0xa8, },
{0x0f, 0xfc, 0x00, 0x1f, 0x1f, 0xcf, 0xe0, 0x01, 0xff, 0xff, 0xc0, 0x3a, 0xa8, },
{0x0f, 0xfc, 0x00, 0x00, 0x3f, 0x87, 0xf0, 0x00, 0x7f, 0xff, 0xc0, 0x2a, 0xa8, },
{0x0f, 0xfc, 0x00, 0x00, 0x7f, 0x03, 0xf8, 0x00, 0x1f, 0xff, 0xc0, 0x2e, 0xa8, },
{0x0f, 0xfc, 0x00, 0x00, 0xfe, 0x01, 0xfc, 0x00, 0x00, 0xff, 0xc0, 0x3a, 0xa8, },
{0x0f, 0xfc, 0x00, 0x03, 0xfc, 0x00, 0xfe, 0x00, 0x00, 0xff, 0xc0, 0x2a, 0xa8, },
{0x0f, 0xfc, 0x00, 0x07, 0xf0, 0x00, 0x7f, 0x80, 0x00, 0xff, 0xc0, 0x2b, 0xf8, },
{0x0f, 0xfc, 0x00, 0x0f, 0xe0, 0x00, 0x3f, 0xc0, 0x00, 0xff, 0xc0, 0x3a, 0x08, },
{0x0f, 0xfc, 0x00, 0x3f, 0xc0, 0x00, 0x0f, 0xf0, 0x00, 0xff, 0xc0, 0x02, 0x08, },
{0x0f, 0xfc, 0x00, 0xff, 0x80, 0x00, 0x07, 0xf8, 0x00, 0xff, 0xc0, 0x00, 0x00, },
{0x0f, 0xfc, 0x03, 0xfe, 0x00, 0x00, 0x03, 0xfe, 0x00, 0xff, 0xc0, 0x00, 0x00, },
{0x0f, 0xfc, 0x0f, 0xfc, 0x00, 0x00, 0x00, 0xff, 0xc0, 0xff, 0xc0, 0x00, 0x00, },
{0x0f, 0xff, 0xff, 0xf0, 0x00, 0x00, 0x00, 0x7f, 0xff, 0xff, 0xc0, 0x00, 0x00, },
{0x0f, 0xff, 0xff, 0xe0, 0x00, 0x00, 0x00, 0x1f, 0xff, 0xff, 0xc0, 0x04, 0x08, },
{0x0f, 0xff, 0xff, 0x80, 0x00, 0x00, 0x00, 0x07, 0xff, 0xff, 0xc0, 0x3d, 0x88, },
{0x0f, 0xff, 0xfc, 0x00, 0x00, 0x00, 0x00, 0x01, 0xff, 0xff, 0xc0, 0x21, 0x50, },
{0x0f, 0xf8, 0x00, 0x00, 0x00, 0x00, 0x00, 0x00, 0x00, 0xff, 0xc0, 0x21, 0x30, },
{0x0f, 0xf8, 0x00, 0x00, 0x00, 0x00, 0x00, 0x00, 0x00, 0xff, 0xc0, 0x21, 0x20, },
{0x00, 0x00, 0x00, 0x00, 0x00, 0x00, 0x00, 0x00, 0x00, 0x00, 0x00, 0x21, 0x50, },
{0x00, 0x00, 0x00, 0x00, 0x00, 0x00, 0x00, 0x00, 0x00, 0x00, 0x00, 0x39, 0x90, },
{0x00, 0x00, 0x00, 0x00, 0x00, 0x00, 0x00, 0x00, 0x00, 0x00, 0x00, 0x0d, 0x08, },
{0x00, 0x00, 0x00, 0x00, 0x00, 0x00, 0x00, 0x00, 0x00, 0x00, 0x00, 0x0c, 0x28, },
{0x00, 0x00, 0x00, 0x00, 0x00, 0x00, 0x00, 0x00, 0x00, 0x00, 0x00, 0x13, 0xe0, },
{0x00, 0x00, 0x00, 0x00, 0x00, 0x00, 0x00, 0x00, 0x00, 0x00, 0x00, 0x22, 0x10, },
{0x00, 0x00, 0x00, 0x00, 0x00, 0x00, 0x00, 0x00, 0x00, 0x00, 0x00, 0x02, 0x00, },
{0x00, 0x00, 0x00, 0x00, 0x00, 0x00, 0x00, 0x00, 0x00, 0x00, 0x00, 0x00, 0x00, },
{0x00, 0x00, 0x00, 0x00, 0x00, 0x00, 0x00, 0x00, 0x00, 0x00, 0x00, 0x00, 0x00, },
{0x00, 0x00, 0x00, 0x00, 0x00, 0x00, 0x00, 0x00, 0x00, 0x00, 0x00, 0x00, 0x00, },
{0x00, 0x00, 0x00, 0x00, 0x00, 0x00, 0x00, 0x00, 0x00, 0x00, 0x00, 0x00, 0x00, },
{0x00, 0x00, 0x00, 0x00, 0x00, 0x00, 0x00, 0x00, 0x00, 0x00, 0x00, 0x00, 0x00, },
{0x00, 0x00, 0x00, 0x00, 0x00, 0x00, 0x00, 0x00, 0x00, 0x00, 0x00, 0x00, 0x00, },
{0x00, 0x00, 0x00, 0x00, 0x00, 0x00, 0x00, 0x00, 0x00, 0x00, 0x00, 0x00, 0x00, },
{0x00, 0x00, 0x00, 0x00, 0x00, 0x00, 0x00, 0x00, 0x00, 0x00, 0x00, 0x00, 0x00, },
{0x00, 0x00, 0x00, 0x00, 0x00, 0x00, 0x00, 0x00, 0x00, 0x00, 0x00, 0x00, 0x00, },
{0x00, 0x00, 0x00, 0x00, 0x00, 0x00, 0x00, 0x00, 0x00, 0x00, 0x00, 0x00, 0x00, },
{0x00, 0x00, 0x00, 0x00, 0x00, 0x00, 0x00, 0x00, 0x00, 0x00, 0x00, 0x00, 0x00, },
{0x00, 0x00, 0x00, 0x00, 0x00, 0x00, 0x00, 0x00, 0x00, 0x00, 0x00, 0x00, 0x00, },
};

const unsigned char img_config_black[212][13] ICACHE_RODATA_ATTR = { /*Black layer inscription settings interface*/
{0xff, 0xff, 0xff, 0xff, 0xff, 0xff, 0xff, 0xff, 0xff, 0xff, 0xff, 0xff, 0xff, },
{0xff, 0xff, 0xff, 0xff, 0xff, 0xff, 0xff, 0xff, 0xff, 0xff, 0xff, 0xff, 0xff, },
{0xff, 0xff, 0xff, 0xff, 0xff, 0xe1, 0xc3, 0xff, 0xff, 0xe3, 0xc7, 0xff, 0xff, },
{0xff, 0xff, 0xff, 0xff, 0xff, 0xe1, 0xc3, 0xff, 0xff, 0xe3, 0xc7, 0xff, 0xff, },
{0xff, 0xff, 0xff, 0xff, 0xff, 0xe1, 0xc3, 0xff, 0xff, 0xe3, 0xc7, 0xff, 0xff, },
{0xff, 0xff, 0xff, 0xff, 0xff, 0xe1, 0xc3, 0xff, 0xff, 0xe3, 0xc7, 0xff, 0xff, },
{0xff, 0xff, 0xff, 0xff, 0xf0, 0x01, 0xc0, 0x07, 0xff, 0xe0, 0x07, 0xff, 0x01, },
{0xff, 0xff, 0xff, 0xff, 0xf0, 0x01, 0xc0, 0x07, 0xff, 0xe0, 0x07, 0xff, 0x01, },
{0xff, 0xff, 0xff, 0xff, 0xf0, 0x01, 0xc0, 0x07, 0xff, 0xe0, 0x07, 0xff, 0x01, },
{0xff, 0xff, 0xff, 0xff, 0xf0, 0x1e, 0x03, 0xff, 0xfe, 0x03, 0xc7, 0xf0, 0xff, },
{0xff, 0xff, 0xff, 0xff, 0xf0, 0x1e, 0x03, 0xff, 0xfe, 0x03, 0xc7, 0xf0, 0xff, },
{0xff, 0xff, 0xff, 0xff, 0xf0, 0x1e, 0x03, 0xff, 0xfe, 0x03, 0xc7, 0xf0, 0xff, },
{0xff, 0xff, 0xff, 0xff, 0xf0, 0x1e, 0x03, 0xff, 0xfe, 0x03, 0xc7, 0xf0, 0xff, },
{0xff, 0xff, 0xff, 0xff, 0x80, 0x01, 0xff, 0xff, 0x0f, 0xff, 0xf8, 0x70, 0xff, },
{0xff, 0xff, 0xff, 0xff, 0x80, 0x01, 0xff, 0xff, 0x0f, 0xff, 0xf8, 0x70, 0xff, },
{0xff, 0xff, 0xff, 0xff, 0x80, 0x01, 0xff, 0xff, 0x0f, 0xff, 0xf8, 0x70, 0xff, },
{0xff, 0xff, 0xff, 0xff, 0xf0, 0xff, 0xff, 0xff, 0x0e, 0x00, 0x00, 0x00, 0xff, },
{0xff, 0xff, 0xff, 0xff, 0xf0, 0xff, 0xff, 0xff, 0x0e, 0x00, 0x00, 0x00, 0xff, },
{0xff, 0xff, 0xff, 0xff, 0xf0, 0xff, 0xff, 0xff, 0x0e, 0x00, 0x00, 0x00, 0xff, },
{0xff, 0xff, 0xff, 0xff, 0xf0, 0xff, 0xff, 0xff, 0x0e, 0x00, 0x00, 0x00, 0xff, },
{0xff, 0xff, 0xff, 0xf8, 0x00, 0x1f, 0xfc, 0x78, 0x00, 0x1f, 0xf8, 0x0f, 0x1f, },
{0xff, 0xff, 0xff, 0xf8, 0x00, 0x1f, 0xfc, 0x78, 0x00, 0x1f, 0xf8, 0x0f, 0x1f, },
{0xff, 0xff, 0xff, 0xf8, 0x00, 0x1f, 0xfc, 0x78, 0x00, 0x1f, 0xf8, 0x0f, 0x1f, },
{0xff, 0xff, 0xff, 0xff, 0x80, 0x01, 0xc0, 0x78, 0xf0, 0x1c, 0x38, 0x0f, 0x1f, },
{0xff, 0xff, 0xff, 0xff, 0x80, 0x01, 0xc0, 0x78, 0xf0, 0x1c, 0x38, 0x0f, 0x1f, },
{0xff, 0xff, 0xff, 0xff, 0x80, 0x01, 0xc0, 0x78, 0xf0, 0x1c, 0x38, 0x0f, 0x1f, },
{0xff, 0xff, 0xff, 0xff, 0x80, 0x01, 0xc0, 0x78, 0xf0, 0x1c, 0x38, 0x0f, 0x1f, },
{0xff, 0xff, 0xff, 0xf8, 0x00, 0x00, 0x3c, 0x00, 0xfe, 0x1f, 0xf8, 0x7f, 0xff, },
{0xff, 0xff, 0xff, 0xf8, 0x00, 0x00, 0x3c, 0x00, 0xfe, 0x1f, 0xf8, 0x7f, 0xff, },
{0xff, 0xff, 0xff, 0xf8, 0x00, 0x00, 0x3c, 0x00, 0xfe, 0x1f, 0xf8, 0x7f, 0xff, },
{0xff, 0x0e, 0x1c, 0x3f, 0x80, 0xe0, 0x03, 0x87, 0xfe, 0x00, 0x00, 0x70, 0x01, },
{0xff, 0x0e, 0x1c, 0x3f, 0x80, 0xe0, 0x03, 0x87, 0xfe, 0x00, 0x00, 0x70, 0x01, },
{0xff, 0x0e, 0x1c, 0x3f, 0x80, 0xe0, 0x03, 0x87, 0xfe, 0x00, 0x00, 0x70, 0x01, },
{0xff, 0x0e, 0x1c, 0x3f, 0x80, 0xe0, 0x03, 0x87, 0xfe, 0x00, 0x00, 0x70, 0x01, },
{0x87, 0x0f, 0xe3, 0xf8, 0x70, 0x00, 0x3c, 0x7f, 0xf1, 0xe3, 0xff, 0x8f, 0x1f, },
{0x87, 0x0f, 0xe3, 0xf8, 0x70, 0x00, 0x3c, 0x7f, 0xf1, 0xe3, 0xff, 0x8f, 0x1f, },
{0x87, 0x0f, 0xe3, 0xf8, 0x70, 0x00, 0x3c, 0x7f, 0xf1, 0xe3, 0xff, 0x8f, 0x1f, },
{0x87, 0xf0, 0x00, 0x07, 0xff, 0x01, 0xfc, 0x00, 0x0e, 0x1c, 0x3f, 0x8f, 0x01, },
{0x87, 0xf0, 0x00, 0x07, 0xff, 0x01, 0xfc, 0x00, 0x0e, 0x1c, 0x3f, 0x8f, 0x01, },
{0x87, 0xf0, 0x00, 0x07, 0xff, 0x01, 0xfc, 0x00, 0x0e, 0x1c, 0x3f, 0x8f, 0x01, },
{0x87, 0xf0, 0x00, 0x07, 0xff, 0x01, 0xff, 0x80, 0x0e, 0x1c, 0x3f, 0x8f, 0x01, },
{0xff, 0xfe, 0x03, 0xc7, 0xff, 0xe7, 0xff, 0xff, 0xf1, 0xff, 0xf8, 0x00, 0x01, },
{0xff, 0xfe, 0x03, 0xc7, 0xff, 0xff, 0xff, 0xff, 0xf1, 0xff, 0xf8, 0x00, 0x01, },
{0xff, 0xfe, 0x03, 0xc7, 0xff, 0xff, 0xff, 0xff, 0xf1, 0xff, 0xf8, 0x00, 0x01, },
{0xff, 0xfe, 0x1f, 0xff, 0xf0, 0xff, 0xff, 0xff, 0xfe, 0x1f, 0xc7, 0xff, 0x1f, },
{0xff, 0xfe, 0x1f, 0xff, 0xf0, 0xff, 0xff, 0xff, 0xfe, 0x1f, 0xc7, 0xff, 0x1f, },
{0xff, 0xfe, 0x1f, 0xff, 0xf0, 0xff, 0xff, 0xff, 0xfe, 0x1f, 0xc7, 0xff, 0x1f, },
{0xff, 0xfe, 0x1f, 0xff, 0xf0, 0xff, 0xff, 0xff, 0xfe, 0x1f, 0xc7, 0xff, 0x1f, },
{0xf8, 0xf1, 0xff, 0xf8, 0x0f, 0xff, 0xe6, 0x7f, 0xff, 0xe0, 0x3f, 0xf0, 0x01, },
{0xf8, 0xf1, 0xff, 0xf8, 0x0f, 0xff, 0xdd, 0xbf, 0xff, 0xe0, 0x3f, 0xf0, 0x01, },
{0xf8, 0xf1, 0xff, 0xf8, 0x0f, 0xff, 0xdb, 0xbf, 0xff, 0xe0, 0x3f, 0xf0, 0x01, },
{0xf8, 0xf0, 0x00, 0x07, 0x8f, 0xff, 0xe6, 0x7f, 0xfe, 0x1c, 0x3f, 0xff, 0x1f, },
{0xf8, 0xf0, 0x00, 0x07, 0x8f, 0xff, 0xff, 0xff, 0xfe, 0x1c, 0x3f, 0xff, 0x1f, },
{0xf8, 0xf0, 0x00, 0x07, 0x8f, 0xff, 0xcf, 0xff, 0xfe, 0x1c, 0x3f, 0xff, 0x1f, },
{0xf8, 0xf0, 0x00, 0x07, 0x8f, 0xff, 0xf7, 0xff, 0xfe, 0x1c, 0x3f, 0xff, 0x1f, },
{0x80, 0x00, 0x03, 0xff, 0xff, 0xff, 0xf8, 0x3f, 0x81, 0xe0, 0x07, 0xf0, 0x1f, },
{0x80, 0x00, 0x03, 0xff, 0xff, 0xff, 0xf7, 0xff, 0x81, 0xe0, 0x07, 0xf0, 0x1f, },
{0x80, 0x00, 0x03, 0xff, 0xff, 0xff, 0xcf, 0xff, 0x81, 0xe0, 0x07, 0xf0, 0x1f, },
{0x87, 0xf1, 0xff, 0xf8, 0x0f, 0xff, 0xff, 0xff, 0xfe, 0x1c, 0x3f, 0x8f, 0x1f, },
{0x87, 0xf1, 0xff, 0xf8, 0x0f, 0xff, 0xff, 0xff, 0xfe, 0x1c, 0x3f, 0x8f, 0x1f, },
{0x87, 0xf1, 0xff, 0xf8, 0x0f, 0xff, 0xff, 0xff, 0xfe, 0x1c, 0x3f, 0x8f, 0x1f, },
{0x87, 0xf1, 0xff, 0xf8, 0x0f, 0xff, 0xff, 0xff, 0xfe, 0x1c, 0x3f, 0x8f, 0x1f, },
{0xff, 0x0f, 0xe3, 0xff, 0xff, 0xff, 0xff, 0xff, 0xfe, 0x03, 0xc7, 0xff, 0x1f, },
{0xff, 0x0f, 0xe3, 0xff, 0xff, 0xff, 0xff, 0xff, 0xfe, 0x03, 0xc7, 0xff, 0x1f, },
{0xff, 0x0f, 0xe3, 0xff, 0xff, 0xff, 0xff, 0xff, 0xfe, 0x03, 0xc7, 0xff, 0x1f, },
{0xff, 0xff, 0xfc, 0x3f, 0x80, 0xff, 0xff, 0xff, 0xfe, 0x1c, 0x38, 0x70, 0x01, },
{0xff, 0xff, 0xfc, 0x3f, 0x80, 0xff, 0xfc, 0x7f, 0xfe, 0x1c, 0x38, 0x70, 0x01, },
{0xff, 0xff, 0xfc, 0x3f, 0x80, 0xff, 0xfc, 0x7f, 0xfe, 0x1c, 0x38, 0x70, 0x01, },
{0xff, 0xff, 0xfc, 0x3f, 0x80, 0xff, 0xfc, 0x7f, 0xfe, 0x1c, 0x38, 0x70, 0x01, },
{0xff, 0x00, 0x1f, 0xf8, 0x00, 0x1f, 0xc0, 0x00, 0x00, 0x1f, 0xc0, 0x00, 0xe1, },
{0xff, 0x00, 0x1f, 0xf8, 0x00, 0x1f, 0xc0, 0x00, 0x00, 0x1f, 0xc0, 0x00, 0xe1, },
{0xff, 0x00, 0x1f, 0xf8, 0x00, 0x1f, 0xc0, 0x00, 0x00, 0x1f, 0xc0, 0x00, 0xe1, },
{0xff, 0xff, 0xe0, 0x38, 0x7f, 0x1f, 0xff, 0x80, 0x01, 0xe3, 0xc7, 0x8f, 0xe1, },
{0xff, 0xff, 0xe0, 0x38, 0x7f, 0x1f, 0xff, 0x80, 0x01, 0xe3, 0xc7, 0x8f, 0xe1, },
{0xff, 0xff, 0xe0, 0x38, 0x7f, 0x1f, 0xff, 0x80, 0x01, 0xe3, 0xc7, 0x8f, 0xe1, },
{0xff, 0xff, 0xe0, 0x38, 0x7f, 0x1f, 0xff, 0x80, 0x01, 0xe3, 0xc7, 0x8f, 0xe1, },
{0xff, 0xff, 0xff, 0xff, 0xf0, 0xff, 0xff, 0xf8, 0xf1, 0xff, 0xff, 0xff, 0xff, },
{0xff, 0xff, 0xff, 0xff, 0xf0, 0xff, 0xff, 0xf8, 0xf1, 0xff, 0xff, 0xff, 0xff, },
{0xff, 0xff, 0xff, 0xff, 0xf0, 0xff, 0xff, 0xf8, 0xf1, 0xff, 0xff, 0xff, 0xff, },
{0xff, 0xff, 0xff, 0xf8, 0x70, 0xff, 0xff, 0x87, 0x0e, 0x1f, 0xff, 0xff, 0xff, },
{0xff, 0xff, 0xff, 0xf8, 0x70, 0xff, 0xff, 0x87, 0x0e, 0x1f, 0xff, 0xff, 0xff, },
{0xff, 0xff, 0xff, 0xf8, 0x70, 0xff, 0xff, 0x87, 0x0e, 0x1f, 0xff, 0xff, 0xff, },
{0xff, 0xff, 0xff, 0xf8, 0x70, 0xff, 0xff, 0x87, 0x0e, 0x1f, 0xff, 0xff, 0xff, },
{0xff, 0xff, 0xff, 0xf8, 0x7f, 0xff, 0xff, 0x87, 0x00, 0x1f, 0xff, 0xff, 0xff, },
{0xff, 0xff, 0xff, 0xf8, 0x7f, 0xff, 0xff, 0x87, 0x00, 0x1f, 0xff, 0xff, 0xff, },
{0xff, 0xff, 0xff, 0xf8, 0x7f, 0xff, 0xff, 0x87, 0x00, 0x1f, 0xff, 0xff, 0xff, },
{0xff, 0xff, 0xff, 0xff, 0xf0, 0xff, 0xfc, 0x07, 0x0e, 0x1f, 0xff, 0xff, 0xff, },
{0xff, 0xff, 0xff, 0xff, 0xf0, 0xff, 0xfc, 0x07, 0x0e, 0x1f, 0xff, 0xff, 0xff, },
{0xff, 0xff, 0xff, 0xff, 0xf0, 0xff, 0xfc, 0x07, 0x0e, 0x1f, 0xff, 0xff, 0xff, },
{0xff, 0xff, 0xff, 0xff, 0xf0, 0xff, 0xfc, 0x07, 0x0e, 0x1f, 0xff, 0xff, 0xff, },
{0xff, 0xff, 0xff, 0xf8, 0x70, 0x1f, 0xfc, 0x07, 0x00, 0x1f, 0xff, 0xff, 0xff, },
{0xff, 0xff, 0xff, 0xf8, 0x70, 0x1f, 0xfc, 0x07, 0x00, 0x1f, 0xff, 0xff, 0xff, },
{0xff, 0xff, 0xff, 0xf8, 0x70, 0x1f, 0xfc, 0x07, 0x00, 0x1f, 0xff, 0xff, 0xff, },
{0xff, 0xff, 0xff, 0xff, 0x80, 0xff, 0xc3, 0x87, 0x0e, 0x1f, 0xff, 0xff, 0xff, },
{0xff, 0xff, 0xff, 0xff, 0x80, 0xff, 0xc3, 0x87, 0x0e, 0x1f, 0xff, 0xff, 0xff, },
{0xff, 0xff, 0xff, 0xff, 0x80, 0xff, 0xc3, 0x87, 0x0e, 0x1f, 0xff, 0xff, 0xff, },
{0xff, 0xff, 0xff, 0xff, 0x80, 0xff, 0xc3, 0x87, 0x0e, 0x1f, 0xff, 0xff, 0xff, },
{0xff, 0xff, 0xff, 0xff, 0xff, 0x1e, 0x3f, 0x80, 0xff, 0xff, 0xff, 0xff, 0xff, },
{0xff, 0xff, 0xff, 0xff, 0xff, 0x1e, 0x3f, 0x80, 0xff, 0xff, 0xff, 0xff, 0xff, },
{0xff, 0xff, 0xff, 0xff, 0xff, 0x1e, 0x3f, 0x80, 0xff, 0xff, 0xff, 0xff, 0xff, },
{0xff, 0xff, 0xff, 0xf8, 0x0f, 0x01, 0xfc, 0x07, 0xfe, 0x1f, 0xff, 0xff, 0xff, },
{0xff, 0xff, 0xff, 0xf8, 0x0f, 0x01, 0xfc, 0x07, 0xfe, 0x1f, 0xff, 0xff, 0xff, },
{0xff, 0xff, 0xff, 0xf8, 0x0f, 0x01, 0xfc, 0x07, 0xfe, 0x1f, 0xff, 0xff, 0xff, },
{0xff, 0xff, 0xff, 0xf8, 0x0f, 0x01, 0xfc, 0x07, 0xfe, 0x1f, 0xff, 0xff, 0xff, },
{0xff, 0xff, 0xff, 0xff, 0xff, 0xff, 0xff, 0xff, 0xff, 0xff, 0xff, 0xff, 0xff, },
{0xff, 0xff, 0xff, 0xff, 0xff, 0xff, 0xff, 0xff, 0xff, 0xff, 0xff, 0xff, 0xff, },
{0xff, 0xff, 0xff, 0xff, 0xff, 0xff, 0xff, 0xff, 0xff, 0xff, 0xff, 0xff, 0xff, },
{0xff, 0xff, 0xff, 0xff, 0xff, 0xff, 0xff, 0xff, 0xff, 0xff, 0xff, 0xff, 0xff, },
{0xff, 0xff, 0xff, 0xff, 0xff, 0xff, 0xff, 0xff, 0xff, 0xff, 0xff, 0xff, 0xff, },
{0xff, 0xff, 0xff, 0xff, 0xff, 0xff, 0xff, 0xff, 0xff, 0xff, 0xff, 0xff, 0xff, },
{0xff, 0xff, 0xff, 0xff, 0xff, 0xff, 0xff, 0xff, 0xff, 0xff, 0xff, 0xff, 0xff, },
{0xff, 0xff, 0xff, 0xff, 0xff, 0xff, 0xff, 0xff, 0xff, 0xff, 0xff, 0xff, 0xff, },
{0xff, 0xff, 0xff, 0xff, 0xff, 0xff, 0xff, 0xff, 0xff, 0xff, 0xff, 0xff, 0xff, },
{0xff, 0xff, 0xff, 0xff, 0xff, 0xff, 0xff, 0xff, 0xff, 0xff, 0xff, 0xff, 0xff, },
{0xff, 0xff, 0xff, 0xff, 0xff, 0xff, 0xff, 0xff, 0xff, 0xff, 0xff, 0xff, 0xff, },
{0xff, 0xff, 0xff, 0xff, 0xff, 0xff, 0xff, 0xff, 0xff, 0xff, 0xff, 0xff, 0xff, },
{0xff, 0xff, 0xff, 0xff, 0xff, 0xff, 0xff, 0xff, 0xff, 0xff, 0xff, 0xff, 0xff, },
{0xff, 0xff, 0xff, 0x3f, 0xff, 0xff, 0xff, 0xff, 0xff, 0xff, 0xff, 0xff, 0xff, },
{0xff, 0xff, 0xfc, 0x0f, 0xff, 0xff, 0xff, 0xff, 0xff, 0xff, 0xff, 0xff, 0xff, },
{0xff, 0xff, 0xf8, 0x07, 0xff, 0xff, 0xff, 0x1c, 0x3f, 0xe3, 0xff, 0xff, 0xff, },
{0xff, 0xff, 0xf8, 0x07, 0xff, 0xff, 0xff, 0x1c, 0x3f, 0xe3, 0xff, 0xff, 0xff, },
{0xff, 0xff, 0xf0, 0x03, 0xff, 0xff, 0xff, 0x1c, 0x3f, 0xe3, 0xff, 0xff, 0xff, },
{0xff, 0xff, 0xf0, 0x03, 0xff, 0xff, 0xff, 0x1c, 0x3f, 0xff, 0xff, 0xff, 0xff, },
{0xff, 0xff, 0xf0, 0x03, 0xff, 0xff, 0xff, 0x1c, 0x3f, 0xff, 0xff, 0xff, 0xff, },
{0xff, 0xff, 0xf0, 0x03, 0xff, 0xff, 0xff, 0x1c, 0x3f, 0xff, 0xff, 0xff, 0xff, },
{0xff, 0xff, 0xf0, 0x03, 0xff, 0xff, 0xff, 0x1c, 0x3f, 0xff, 0xff, 0xff, 0xff, },
{0xff, 0xff, 0xf0, 0x03, 0xff, 0xff, 0xff, 0x1c, 0x3f, 0xff, 0xff, 0xff, 0xfb, },
{0xff, 0xff, 0xf0, 0x03, 0xff, 0xff, 0xff, 0x1c, 0x3f, 0xff, 0xff, 0xff, 0xff, },
{0xff, 0xff, 0xf0, 0x03, 0xff, 0xff, 0xff, 0x1c, 0x3f, 0xff, 0xff, 0xff, 0xfb, },
{0xff, 0xff, 0xf0, 0x03, 0xff, 0xff, 0xff, 0x1c, 0x3f, 0xff, 0xff, 0xff, 0xff, },
{0xff, 0xff, 0xf0, 0x03, 0xff, 0xff, 0xff, 0x1c, 0x3f, 0xff, 0xff, 0xff, 0xfb, },
{0xff, 0xff, 0xf0, 0x03, 0xff, 0xff, 0xff, 0x1c, 0x38, 0xe3, 0xff, 0xff, 0xff, },
{0xff, 0xff, 0xf0, 0x03, 0xff, 0xff, 0xff, 0x1c, 0x38, 0xe3, 0xff, 0xff, 0x81, },
{0xff, 0xff, 0xf0, 0x03, 0xff, 0xff, 0xff, 0x1c, 0x38, 0xe3, 0xff, 0xff, 0xba, },
{0xff, 0xff, 0xf0, 0x03, 0xff, 0xff, 0xff, 0x1c, 0x38, 0xff, 0xff, 0xff, 0xba, },
{0xff, 0xff, 0xf0, 0x03, 0xff, 0xff, 0xff, 0x1c, 0x38, 0xff, 0xff, 0xff, 0xc6, },
{0xff, 0xff, 0xf0, 0x03, 0xff, 0xff, 0xff, 0x1c, 0x38, 0xff, 0xff, 0xff, 0xff, },
{0xff, 0xff, 0xf0, 0x03, 0xff, 0xff, 0xff, 0xfc, 0x38, 0xe3, 0xff, 0xff, 0xff, },
{0xff, 0xff, 0xf0, 0x03, 0xff, 0xff, 0xff, 0xfc, 0x38, 0xe3, 0xff, 0xfd, 0x83, },
{0xff, 0xff, 0xf0, 0x03, 0xff, 0xff, 0xff, 0xfc, 0x38, 0xe3, 0xff, 0xff, 0xff, },
{0xff, 0xff, 0xf0, 0x03, 0xff, 0xff, 0xff, 0xfc, 0x38, 0xe3, 0xff, 0xfd, 0xbf, },
{0xff, 0xff, 0xf0, 0x03, 0xff, 0xff, 0xff, 0xfc, 0x38, 0xff, 0xff, 0xfc, 0x03, },
{0xff, 0xff, 0xf0, 0x03, 0xff, 0xff, 0xff, 0xfc, 0x38, 0xff, 0xff, 0xff, 0xbf, },
{0xff, 0xff, 0xf0, 0x03, 0xff, 0xff, 0xff, 0xfc, 0x38, 0xff, 0xff, 0xff, 0xff, },
{0xff, 0xff, 0xf0, 0x03, 0xff, 0xff, 0xff, 0xfc, 0x38, 0xff, 0xff, 0xff, 0x83, },
{0xff, 0xff, 0xf0, 0x03, 0xff, 0xff, 0xff, 0xfc, 0x38, 0xff, 0xff, 0xff, 0xbf, },
{0xff, 0xff, 0xf0, 0x03, 0xff, 0xff, 0xff, 0xfc, 0x38, 0xff, 0xff, 0xff, 0xbf, },
{0xff, 0xff, 0xf0, 0x03, 0xff, 0xff, 0xff, 0xff, 0xff, 0xff, 0xff, 0xff, 0x83, },
{0xff, 0xff, 0xf0, 0x03, 0xff, 0xff, 0xff, 0xff, 0xff, 0xff, 0xff, 0xff, 0xff, },
{0xff, 0xff, 0xf0, 0x03, 0xff, 0xff, 0xff, 0xff, 0xff, 0xff, 0xff, 0xff, 0xc7, },
{0xff, 0xff, 0xf0, 0x03, 0xff, 0xff, 0xff, 0xff, 0xff, 0xff, 0xff, 0xff, 0xbb, },
{0xff, 0xff, 0xf0, 0x03, 0xff, 0xff, 0xff, 0xff, 0xff, 0xff, 0xff, 0xff, 0xbb, },
{0xff, 0xff, 0xe0, 0x01, 0xff, 0xff, 0xff, 0xff, 0xff, 0xff, 0xff, 0xff, 0xbb, },
{0xff, 0xff, 0xc0, 0x00, 0xff, 0xff, 0xf8, 0x03, 0xe3, 0xff, 0xff, 0xff, 0xc7, },
{0xff, 0xff, 0x80, 0x00, 0x7f, 0xff, 0xf8, 0x07, 0x80, 0x3f, 0xff, 0xff, 0xff, },
{0xff, 0xff, 0x00, 0x00, 0x7f, 0xff, 0xf8, 0x07, 0x80, 0x07, 0xff, 0xff, 0xff, },
{0xff, 0xff, 0x00, 0x00, 0x3f, 0xff, 0xf8, 0x0f, 0x00, 0x03, 0xff, 0xfd, 0xf7, },
{0xff, 0xff, 0x00, 0x00, 0x3f, 0xff, 0xf8, 0x0f, 0x00, 0x03, 0xff, 0xfd, 0xfb, },
{0xff, 0xff, 0x00, 0x00, 0x3f, 0xff, 0xf8, 0x1e, 0x00, 0x07, 0x9f, 0xfd, 0xfb, },
{0xff, 0xff, 0x00, 0xc0, 0x3f, 0xff, 0xff, 0xfe, 0x00, 0x0f, 0x07, 0xfd, 0xfb, },
{0xff, 0xff, 0x03, 0xe0, 0x3f, 0xff, 0xff, 0xfe, 0x00, 0x1e, 0x03, 0xfe, 0xf7, },
{0xff, 0xff, 0x03, 0xf0, 0x3f, 0xff, 0xff, 0xff, 0x00, 0x3e, 0x01, 0xff, 0x0f, },
{0xff, 0xff, 0x03, 0xf0, 0x3f, 0xff, 0xff, 0xff, 0x80, 0x7c, 0x00, 0xff, 0xff, },
{0xff, 0xff, 0x83, 0xf0, 0x7f, 0xff, 0xff, 0xff, 0xc0, 0xf8, 0x00, 0x7f, 0xff, },
{0xff, 0xff, 0x83, 0xf0, 0xff, 0xff, 0xff, 0xff, 0xe1, 0xf0, 0x00, 0xff, 0xff, },
{0xff, 0xff, 0xc3, 0xf0, 0xff, 0xff, 0xff, 0xff, 0xf3, 0xe0, 0x03, 0xff, 0xff, },
{0xff, 0xff, 0xe3, 0xf1, 0xff, 0xff, 0xff, 0xff, 0xff, 0xc0, 0x07, 0xff, 0xf3, },
{0xff, 0xff, 0xff, 0xff, 0xff, 0xff, 0xff, 0xff, 0xff, 0x80, 0x1f, 0xff, 0xff, },
{0xff, 0xff, 0xff, 0xff, 0xff, 0xff, 0xff, 0xff, 0xfe, 0x00, 0x3f, 0xff, 0xff, },
{0xff, 0xff, 0xff, 0xff, 0xff, 0xff, 0xf9, 0xff, 0xff, 0x00, 0xff, 0xff, 0xff, },
{0xff, 0xff, 0xff, 0xff, 0xff, 0xff, 0xf8, 0xff, 0xff, 0xff, 0xff, 0xff, 0xff, },
{0xff, 0xff, 0xff, 0xff, 0xff, 0xff, 0xf8, 0x3f, 0xff, 0xff, 0xff, 0xff, 0xf3, },
{0xff, 0xff, 0xff, 0xff, 0xff, 0xff, 0xf8, 0x7f, 0xff, 0xff, 0xff, 0xff, 0xff, },
{0xff, 0xff, 0xff, 0xff, 0xff, 0xff, 0xf8, 0xff, 0xff, 0xff, 0xff, 0xff, 0xff, },
{0xff, 0xff, 0xff, 0xff, 0xff, 0xff, 0xfb, 0xff, 0xff, 0xff, 0xff, 0xff, 0xf3, },
{0xff, 0xff, 0xff, 0xff, 0xff, 0xff, 0xff, 0xff, 0xff, 0xff, 0xff, 0xff, 0xff, },
{0xff, 0xff, 0xff, 0xff, 0xff, 0xff, 0xff, 0xff, 0xff, 0xff, 0xff, 0xff, 0xff, },
{0xff, 0xff, 0xff, 0xff, 0xff, 0xff, 0xff, 0xff, 0xff, 0xff, 0xff, 0xff, 0xff, },
{0xff, 0xff, 0xff, 0xff, 0xff, 0xff, 0xff, 0xff, 0xe7, 0xff, 0xff, 0xff, 0xf3, },
{0xff, 0xff, 0xff, 0xff, 0xff, 0xff, 0xff, 0xff, 0xe7, 0xff, 0xff, 0xff, 0xff, },
{0xff, 0xff, 0xff, 0xff, 0xff, 0xff, 0xff, 0xff, 0xc7, 0xff, 0xff, 0xff, 0xff, },
{0xff, 0xff, 0xff, 0xff, 0xff, 0xff, 0xff, 0xff, 0x87, 0xff, 0xff, 0xff, 0xff, },
{0xff, 0xff, 0xff, 0xff, 0xff, 0xff, 0xff, 0xfe, 0x07, 0xff, 0xff, 0xff, 0xff, },
{0xff, 0xff, 0xff, 0xff, 0xff, 0xff, 0xff, 0xfc, 0x07, 0xff, 0xff, 0xff, 0xf3, },
{0xff, 0xff, 0xff, 0xff, 0xff, 0xff, 0xf8, 0xe0, 0x07, 0xff, 0xff, 0xff, 0xf7, },
{0xff, 0xff, 0xff, 0xff, 0xff, 0xff, 0xf8, 0xe0, 0x07, 0xff, 0xff, 0xff, 0xff, },
{0xff, 0xff, 0xff, 0xff, 0xff, 0xff, 0xf8, 0xe0, 0x07, 0xff, 0xff, 0xff, 0xff, },
{0xff, 0xff, 0xff, 0xff, 0xff, 0xff, 0xf8, 0xe0, 0x07, 0xff, 0xff, 0xff, 0xff, },
{0xff, 0xff, 0xff, 0xff, 0xff, 0xff, 0xf8, 0xe0, 0x07, 0xff, 0xff, 0xff, 0xbb, },
{0xff, 0xff, 0xff, 0xff, 0xff, 0xff, 0xf8, 0xe0, 0x07, 0xff, 0xff, 0xff, 0xbb, },
{0xff, 0xff, 0xf3, 0xff, 0xff, 0xff, 0xf8, 0xe0, 0x07, 0xff, 0xff, 0xfe, 0x03, },
{0xff, 0xff, 0xe1, 0xff, 0xff, 0xff, 0xf8, 0xe0, 0x07, 0xff, 0xff, 0xff, 0xbf, },
{0xff, 0xff, 0xc0, 0xff, 0xff, 0xff, 0xf8, 0xe0, 0x07, 0xff, 0xff, 0xff, 0xff, },
{0xff, 0xff, 0xc0, 0xff, 0xff, 0xff, 0xf8, 0xe0, 0x07, 0xff, 0xff, 0xfd, 0x83, },
{0xff, 0xff, 0xc0, 0xff, 0xff, 0xff, 0xf8, 0xe0, 0x07, 0xff, 0xff, 0xff, 0xff, },
{0xff, 0xff, 0xe1, 0xff, 0xff, 0xff, 0xf8, 0xe0, 0x07, 0xff, 0xff, 0xff, 0xff, },
{0xff, 0xff, 0xf3, 0xff, 0xff, 0xff, 0xf8, 0xe0, 0x07, 0xff, 0xff, 0xff, 0x83, },
{0xff, 0xff, 0xff, 0xff, 0xff, 0xff, 0xf8, 0xe0, 0x07, 0xff, 0xff, 0xff, 0xab, },
{0xff, 0xff, 0xff, 0xff, 0xff, 0xff, 0xf8, 0xe0, 0x07, 0xff, 0xff, 0xff, 0xab, },
{0xff, 0xff, 0xff, 0xff, 0xff, 0xff, 0xf8, 0xe0, 0x07, 0xff, 0xff, 0xff, 0xab, },
{0xff, 0xff, 0xff, 0xff, 0xff, 0xff, 0xf8, 0xe0, 0x07, 0xff, 0xff, 0xff, 0xf3, },
{0xff, 0xff, 0xff, 0xff, 0xff, 0xff, 0xf8, 0xe0, 0x07, 0xff, 0xff, 0xfc, 0xff, },
{0xff, 0xff, 0xff, 0xff, 0xff, 0xff, 0xfe, 0xe0, 0x07, 0xff, 0xff, 0xff, 0x0f, },
{0xff, 0xff, 0xff, 0xff, 0xff, 0xff, 0xff, 0xf0, 0x07, 0xff, 0xff, 0xff, 0xe3, },
{0xff, 0xff, 0xff, 0xff, 0xff, 0xff, 0xff, 0xfe, 0x07, 0xff, 0xff, 0xff, 0x0f, },
{0xff, 0xff, 0xff, 0xff, 0xff, 0xff, 0xff, 0xff, 0xc7, 0xff, 0xff, 0xfc, 0x7f, },
{0xff, 0xff, 0xff, 0xff, 0xff, 0xff, 0xff, 0xff, 0xff, 0xff, 0xff, 0xff, 0x7f, },
{0xff, 0xff, 0xff, 0xff, 0xff, 0xff, 0xff, 0xff, 0xff, 0xff, 0xff, 0xff, 0x8f, },
{0xff, 0xff, 0xff, 0xff, 0xff, 0xff, 0xff, 0xff, 0xff, 0xff, 0xff, 0xff, 0xf3, },
{0xff, 0xff, 0xff, 0xff, 0xff, 0xff, 0xff, 0xff, 0xff, 0xff, 0xff, 0xff, 0x87, },
{0xff, 0xff, 0xff, 0xff, 0xff, 0xff, 0xff, 0xff, 0xff, 0xff, 0xff, 0xfc, 0x7f, },
{0xff, 0xff, 0xff, 0xff, 0xff, 0xff, 0xff, 0xff, 0xff, 0xff, 0xff, 0xff, 0xff, },
};


const unsigned char img_config_red[212][13] ICACHE_RODATA_ATTR = { /*Red layer Yangwen settings interface*/
{0x00, 0x00, 0x00, 0x00, 0x00, 0x00, 0x00, 0x00, 0x00, 0x00, 0x00, 0x00, 0x00, },
{0x00, 0x00, 0x00, 0x00, 0x00, 0x00, 0x00, 0x00, 0x00, 0x00, 0x00, 0x00, 0x00, },
{0x7f, 0xff, 0xff, 0xc0, 0x70, 0x00, 0x00, 0x07, 0xfe, 0x00, 0x00, 0x7f, 0x00, },
{0x7f, 0xff, 0xff, 0xc0, 0x70, 0x00, 0x00, 0x07, 0xfe, 0x00, 0x00, 0x7f, 0x00, },
{0x7f, 0xff, 0xff, 0xc0, 0x70, 0x00, 0x00, 0x07, 0xfe, 0x00, 0x00, 0x7f, 0x00, },
{0x7f, 0xff, 0xff, 0xc0, 0x70, 0x00, 0x00, 0x07, 0xfe, 0x00, 0x00, 0x7f, 0x00, },
{0x78, 0x00, 0x03, 0xc0, 0x00, 0x00, 0x00, 0x00, 0xfe, 0x00, 0x00, 0x00, 0x00, },
{0x78, 0x00, 0x03, 0xc0, 0x00, 0x00, 0x00, 0x00, 0xfe, 0x00, 0x00, 0x00, 0x00, },
{0x78, 0x00, 0x03, 0xc0, 0x00, 0x00, 0x00, 0x00, 0xfe, 0x00, 0x00, 0x00, 0x00, },
{0x78, 0xff, 0xe3, 0xc0, 0x00, 0x00, 0x00, 0x00, 0x00, 0x00, 0x00, 0x00, 0x00, },
{0x78, 0xff, 0xe3, 0xc0, 0x00, 0x00, 0x00, 0x00, 0x00, 0x00, 0x00, 0x00, 0x00, },
{0x78, 0xff, 0xe3, 0xc0, 0x00, 0x00, 0x00, 0x00, 0x00, 0x00, 0x00, 0x00, 0x00, },
{0x78, 0xff, 0xe3, 0xc0, 0x00, 0x00, 0x00, 0x00, 0x00, 0x00, 0x00, 0x00, 0x00, },
{0x78, 0xff, 0xe3, 0xc0, 0x00, 0x00, 0x03, 0xf8, 0x00, 0x00, 0x00, 0x00, 0x00, },
{0x78, 0xff, 0xe3, 0xc0, 0x00, 0x00, 0x03, 0xf8, 0x00, 0x00, 0x00, 0x00, 0x00, },
{0x78, 0xff, 0xe3, 0xc0, 0x00, 0x00, 0x03, 0xf8, 0x00, 0x00, 0x00, 0x00, 0x00, },
{0x78, 0xff, 0xe3, 0xc0, 0x00, 0x00, 0x00, 0x00, 0x00, 0x00, 0x00, 0x00, 0x1e, },
{0x78, 0xff, 0xe3, 0xc0, 0x00, 0x00, 0x00, 0x00, 0x00, 0x00, 0x00, 0x00, 0x1e, },
{0x78, 0xff, 0xe3, 0xc0, 0x00, 0x00, 0x00, 0x00, 0x00, 0x00, 0x00, 0x00, 0x1e, },
{0x78, 0xff, 0xe3, 0xc0, 0x00, 0x00, 0x00, 0x00, 0x00, 0x00, 0x00, 0x00, 0x1e, },
{0x78, 0x00, 0x03, 0xc0, 0x00, 0x00, 0x00, 0x00, 0x00, 0x00, 0x00, 0x00, 0x00, },
{0x78, 0x00, 0x03, 0xc0, 0x00, 0x00, 0x00, 0x00, 0x00, 0x00, 0x00, 0x00, 0x00, },
{0x78, 0x00, 0x03, 0xc0, 0x00, 0x00, 0x00, 0x00, 0x00, 0x00, 0x00, 0x00, 0x00, },
{0x7f, 0xff, 0xff, 0xc0, 0x00, 0x00, 0x00, 0x00, 0x00, 0x00, 0x00, 0x00, 0x00, },
{0x7f, 0xff, 0xff, 0xc0, 0x00, 0x00, 0x00, 0x00, 0x00, 0x00, 0x00, 0x00, 0x00, },
{0x7f, 0xff, 0xff, 0xc0, 0x00, 0x00, 0x00, 0x00, 0x00, 0x00, 0x00, 0x00, 0x00, },
{0x7f, 0xff, 0xff, 0xc0, 0x00, 0x00, 0x00, 0x00, 0x00, 0x00, 0x00, 0x00, 0x00, },
{0x00, 0x00, 0x00, 0x00, 0x00, 0x00, 0x00, 0x00, 0x00, 0x00, 0x00, 0x00, 0x00, },
{0x00, 0x00, 0x00, 0x00, 0x00, 0x00, 0x00, 0x00, 0x00, 0x00, 0x00, 0x00, 0x00, },
{0x00, 0x00, 0x00, 0x00, 0x00, 0x00, 0x00, 0x00, 0x00, 0x00, 0x00, 0x00, 0x00, },
{0x00, 0x00, 0x00, 0x00, 0x00, 0x00, 0x00, 0x00, 0xf0, 0x00, 0x00, 0x00, 0x00, },
{0x00, 0x00, 0x00, 0x00, 0x00, 0x00, 0x00, 0x00, 0xf0, 0x00, 0x00, 0x00, 0x00, },
{0x00, 0x00, 0x00, 0x00, 0x00, 0x00, 0x00, 0x00, 0xf0, 0x00, 0x00, 0x00, 0x00, },
{0x00, 0x00, 0x00, 0x00, 0x00, 0x00, 0x00, 0x00, 0xf0, 0x00, 0x00, 0x00, 0x00, },
{0x00, 0x00, 0x00, 0x00, 0x00, 0x00, 0x00, 0x00, 0x00, 0x00, 0x00, 0x00, 0x00, },
{0x00, 0x00, 0x00, 0x00, 0x00, 0x00, 0x00, 0x00, 0x00, 0x00, 0x00, 0x00, 0x00, },
{0x00, 0x00, 0x00, 0x00, 0x00, 0x00, 0x00, 0x00, 0x00, 0x00, 0x00, 0x00, 0x00, },
{0x00, 0x00, 0x00, 0x00, 0x00, 0x00, 0x00, 0x00, 0x00, 0x00, 0x00, 0x00, 0x00, },
{0x00, 0x00, 0x00, 0x00, 0x00, 0x00, 0x00, 0x00, 0x00, 0x00, 0x00, 0x00, 0x00, },
{0x00, 0x00, 0x00, 0x00, 0x00, 0x00, 0x00, 0x00, 0x00, 0x00, 0x00, 0x00, 0x00, },
{0x00, 0x00, 0x00, 0x00, 0x00, 0x00, 0x00, 0x00, 0x00, 0x00, 0x00, 0x00, 0x00, },
{0x00, 0xf0, 0x00, 0x00, 0x00, 0x00, 0xff, 0x00, 0x00, 0x00, 0x00, 0x00, 0x00, },
{0x00, 0xf0, 0x00, 0x00, 0x00, 0x03, 0xff, 0xc0, 0x00, 0x00, 0x00, 0x00, 0x00, },
{0x00, 0xf0, 0x00, 0x00, 0x00, 0x07, 0xff, 0xe0, 0x00, 0x00, 0x00, 0x00, 0x00, },
{0x78, 0xf0, 0x03, 0xc0, 0x00, 0x0f, 0xff, 0xf0, 0x00, 0x00, 0x00, 0x00, 0x00, },
{0x78, 0xf0, 0x03, 0xc0, 0x00, 0x1f, 0xff, 0xf8, 0x00, 0x00, 0x00, 0x00, 0x00, },
{0x78, 0xf0, 0x03, 0xc0, 0x00, 0x3f, 0x80, 0x3c, 0x00, 0x00, 0x00, 0x00, 0x00, },
{0x78, 0xf0, 0x03, 0xc0, 0x00, 0x7f, 0x00, 0x1c, 0x00, 0x00, 0x00, 0x00, 0x00, },
{0x00, 0x00, 0x00, 0x00, 0x00, 0x7f, 0x00, 0x1e, 0x00, 0x00, 0x00, 0x00, 0x00, },
{0x00, 0x00, 0x00, 0x00, 0x00, 0x73, 0x00, 0x1e, 0x00, 0x00, 0x00, 0x00, 0x00, },
{0x00, 0x00, 0x00, 0x00, 0x00, 0xf8, 0x00, 0x1f, 0x00, 0x00, 0x00, 0x00, 0x00, },
{0x00, 0x00, 0x00, 0x00, 0x00, 0xfe, 0x00, 0x1f, 0x00, 0x00, 0x07, 0xf0, 0x00, },
{0x00, 0x00, 0x00, 0x00, 0x00, 0xff, 0x00, 0x1f, 0x00, 0x00, 0x07, 0xf0, 0x00, },
{0x00, 0x00, 0x00, 0x00, 0x00, 0xff, 0x00, 0x1f, 0x00, 0x00, 0x07, 0xf0, 0x00, },
{0x00, 0x00, 0x00, 0x00, 0x00, 0xfe, 0x00, 0x1f, 0x00, 0x00, 0x07, 0xf0, 0x00, },
{0x00, 0x00, 0x00, 0x00, 0x00, 0xfe, 0x00, 0x1f, 0x00, 0x00, 0x00, 0x00, 0x00, },
{0x00, 0x00, 0x00, 0x00, 0x00, 0x7c, 0x00, 0x1e, 0x00, 0x00, 0x00, 0x00, 0x00, },
{0x00, 0x00, 0x00, 0x00, 0x00, 0x79, 0x00, 0x1e, 0x00, 0x00, 0x00, 0x00, 0x00, },
{0x00, 0x00, 0x03, 0xc0, 0x00, 0x37, 0x00, 0x1c, 0x00, 0x00, 0x00, 0x00, 0x00, },
{0x00, 0x00, 0x03, 0xc0, 0x00, 0x3f, 0x80, 0x3c, 0x00, 0x00, 0x00, 0x00, 0x00, },
{0x00, 0x00, 0x03, 0xc0, 0x00, 0x9f, 0xff, 0xf8, 0x00, 0x00, 0x00, 0x00, 0x00, },
{0x00, 0x00, 0x03, 0xc0, 0x00, 0xcf, 0xff, 0xf0, 0x00, 0x00, 0x00, 0x00, 0x00, },
{0x00, 0x00, 0x00, 0x00, 0x00, 0x07, 0xff, 0xe0, 0x00, 0x00, 0x00, 0x00, 0x00, },
{0x00, 0x00, 0x00, 0x00, 0x00, 0x11, 0xff, 0x88, 0x00, 0x00, 0x00, 0x00, 0x00, },
{0x00, 0x00, 0x00, 0x00, 0x00, 0x18, 0x7e, 0x18, 0x00, 0x00, 0x00, 0x00, 0x00, },
{0x7f, 0x00, 0x00, 0x00, 0x00, 0x00, 0x00, 0x00, 0x00, 0x00, 0x00, 0x00, 0x00, },
{0x7f, 0x00, 0x00, 0x00, 0x00, 0x00, 0x00, 0x00, 0x00, 0x00, 0x00, 0x00, 0x00, },
{0x7f, 0x00, 0x00, 0x00, 0x00, 0x00, 0x00, 0x00, 0x00, 0x00, 0x00, 0x00, 0x00, },
{0x7f, 0x00, 0x00, 0x00, 0x00, 0x00, 0x00, 0x00, 0x00, 0x00, 0x00, 0x00, 0x00, },
{0x78, 0x00, 0x00, 0x00, 0x00, 0x00, 0x00, 0x00, 0x00, 0x00, 0x00, 0x00, 0x00, },
{0x78, 0x00, 0x00, 0x00, 0x00, 0x00, 0x00, 0x00, 0x00, 0x00, 0x00, 0x00, 0x00, },
{0x78, 0x00, 0x00, 0x00, 0x00, 0x00, 0x00, 0x00, 0x00, 0x00, 0x00, 0x00, 0x00, },
{0x00, 0x00, 0x00, 0x00, 0x00, 0x01, 0xc0, 0x00, 0x00, 0x00, 0x00, 0x00, 0x00, },
{0x00, 0x00, 0x00, 0x00, 0x00, 0x01, 0xc0, 0x00, 0x00, 0x00, 0x00, 0x00, 0x00, },
{0x00, 0x00, 0x00, 0x00, 0x00, 0x01, 0xc0, 0x00, 0x00, 0x00, 0x00, 0x00, 0x00, },
{0x00, 0x00, 0x00, 0x00, 0x00, 0x01, 0xc0, 0x00, 0x00, 0x00, 0x00, 0x00, 0x00, },
{0x00, 0x00, 0x00, 0x00, 0x00, 0x1f, 0xfc, 0x00, 0x00, 0x00, 0x00, 0x00, 0x00, },
{0x00, 0x00, 0x00, 0x00, 0x00, 0x1f, 0xfc, 0x00, 0x00, 0x00, 0x00, 0x00, 0x00, },
{0x00, 0x00, 0x00, 0x00, 0x00, 0x1f, 0xfc, 0x00, 0x00, 0x00, 0x00, 0x00, 0x00, },
{0x7f, 0xff, 0xff, 0xc0, 0x00, 0x1e, 0x3c, 0x00, 0x00, 0x03, 0xff, 0xff, 0xfe, },
{0x7f, 0xff, 0xff, 0xc0, 0x00, 0x1e, 0x3c, 0x00, 0x00, 0x03, 0xff, 0xff, 0xfe, },
{0x7f, 0xff, 0xff, 0xc0, 0x00, 0x1e, 0x3c, 0x00, 0x00, 0x03, 0xff, 0xff, 0xfe, },
{0x7f, 0xff, 0xff, 0xc0, 0x00, 0x1e, 0x3c, 0x00, 0x00, 0x03, 0xff, 0xff, 0xfe, },
{0x78, 0x00, 0x03, 0xc0, 0x00, 0x00, 0x00, 0x00, 0x00, 0x03, 0xc0, 0x00, 0x1e, },
{0x78, 0x00, 0x03, 0xc0, 0x00, 0x00, 0x00, 0x00, 0x00, 0x03, 0xc0, 0x00, 0x1e, },
{0x78, 0x00, 0x03, 0xc0, 0x00, 0x00, 0x00, 0x00, 0x00, 0x03, 0xc0, 0x00, 0x1e, },
{0x78, 0xff, 0xe3, 0xc0, 0x00, 0x01, 0xc0, 0x00, 0x00, 0x03, 0xc7, 0xff, 0x1e, },
{0x78, 0xff, 0xe3, 0xc0, 0x00, 0x01, 0xc0, 0x00, 0x00, 0x03, 0xc7, 0xff, 0x1e, },
{0x78, 0xff, 0xe3, 0xc0, 0x00, 0x01, 0xc0, 0x00, 0x00, 0x03, 0xc7, 0xff, 0x1e, },
{0x78, 0xff, 0xe3, 0xc0, 0x00, 0x01, 0xc0, 0x00, 0x00, 0x03, 0xc7, 0xff, 0x1e, },
{0x78, 0xff, 0xe3, 0xc0, 0x00, 0x01, 0xc0, 0x00, 0x00, 0x03, 0xc7, 0xff, 0x1e, },
{0x78, 0xff, 0xe3, 0xc0, 0x00, 0x01, 0xc0, 0x00, 0x00, 0x03, 0xc7, 0xff, 0x1e, },
{0x78, 0xff, 0xe3, 0xc0, 0x00, 0x01, 0xc0, 0x00, 0x00, 0x03, 0xc7, 0xff, 0x1e, },
{0x78, 0xff, 0xe3, 0xc0, 0x00, 0x00, 0x00, 0x00, 0x00, 0x03, 0xc7, 0xff, 0x1e, },
{0x78, 0xff, 0xe3, 0xc0, 0x00, 0x00, 0x00, 0x00, 0x00, 0x03, 0xc7, 0xff, 0x1e, },
{0x78, 0xff, 0xe3, 0xc0, 0x00, 0x00, 0x00, 0x00, 0x00, 0x03, 0xc7, 0xff, 0x1e, },
{0x78, 0xff, 0xe3, 0xc0, 0x00, 0x00, 0x00, 0x00, 0x00, 0x03, 0xc7, 0xff, 0x1e, },
{0x78, 0x00, 0x03, 0xc0, 0x00, 0x00, 0x00, 0x00, 0x00, 0x03, 0xc0, 0x00, 0x1e, },
{0x78, 0x00, 0x03, 0xc0, 0x00, 0x00, 0x00, 0x00, 0x00, 0x03, 0xc0, 0x00, 0x1e, },
{0x78, 0x00, 0x03, 0xc0, 0x00, 0x00, 0x00, 0x00, 0x00, 0x03, 0xc0, 0x00, 0x1e, },
{0x7f, 0xff, 0xff, 0xc0, 0x00, 0x00, 0x00, 0x00, 0xf0, 0x03, 0xff, 0xff, 0xfe, },
{0x7f, 0xff, 0xff, 0xc0, 0x00, 0x00, 0x00, 0x00, 0xf0, 0x03, 0xff, 0xff, 0xfe, },
{0x7f, 0xff, 0xff, 0xc0, 0x00, 0x00, 0x00, 0x00, 0xf0, 0x03, 0xff, 0xff, 0xfe, },
{0x7f, 0xff, 0xff, 0xc0, 0x00, 0x00, 0x00, 0x00, 0xf0, 0x03, 0xff, 0xff, 0xfe, },
{0x00, 0x00, 0x00, 0x00, 0x00, 0x00, 0x00, 0x00, 0x00, 0x00, 0x00, 0x00, 0x00, },
{0x00, 0x00, 0x00, 0x00, 0x00, 0x00, 0x00, 0x00, 0x00, 0x00, 0x00, 0x00, 0x00, },
{0x00, 0x00, 0x00, 0x00, 0x00, 0x00, 0x00, 0x00, 0x00, 0x00, 0x00, 0x00, 0x00, },
{0x00, 0x00, 0x00, 0x00, 0x00, 0x00, 0x00, 0x00, 0x00, 0x00, 0x00, 0x00, 0x00, },
{0x00, 0x00, 0x00, 0x00, 0x00, 0x00, 0x00, 0x00, 0x00, 0x00, 0x00, 0x00, 0x00, },
{0x00, 0x00, 0x00, 0x00, 0x00, 0x00, 0x00, 0x00, 0x00, 0x00, 0x00, 0x00, 0x00, },
{0x00, 0x00, 0x00, 0x00, 0x00, 0x00, 0x00, 0x00, 0x00, 0x00, 0x00, 0x00, 0x00, },
{0x00, 0x00, 0x00, 0x00, 0x00, 0x00, 0x00, 0x00, 0x00, 0x00, 0x00, 0x00, 0x00, },
{0x00, 0x00, 0x00, 0x00, 0x00, 0x00, 0x00, 0x00, 0x00, 0x00, 0x00, 0x00, 0x00, },
{0x00, 0x00, 0x00, 0x00, 0x00, 0x00, 0x00, 0x00, 0x00, 0x00, 0x00, 0x00, 0x00, },
{0x00, 0x00, 0x00, 0x00, 0x00, 0x00, 0x00, 0x00, 0x00, 0x00, 0x00, 0x00, 0x00, },
{0x00, 0x00, 0x00, 0x00, 0x00, 0x00, 0x00, 0x00, 0x00, 0x00, 0x00, 0x00, 0x00, },
{0x00, 0x00, 0x00, 0x00, 0x00, 0x00, 0x00, 0x00, 0x00, 0x00, 0x00, 0x00, 0x00, },
{0x00, 0x00, 0x00, 0x00, 0x00, 0x00, 0x00, 0x00, 0x00, 0x00, 0x00, 0x00, 0x00, },
{0x00, 0x00, 0x00, 0x00, 0x00, 0x00, 0x00, 0x00, 0x00, 0x00, 0x00, 0x00, 0x00, },
{0x00, 0x00, 0x00, 0x00, 0x00, 0x0f, 0xf8, 0x00, 0x07, 0x00, 0x00, 0x00, 0x00, },
{0x00, 0x00, 0x00, 0x00, 0x00, 0x0f, 0xf8, 0x00, 0x07, 0x00, 0x00, 0x00, 0x00, },
{0x00, 0x00, 0x00, 0x00, 0x00, 0x0f, 0xf8, 0x00, 0x07, 0x00, 0x00, 0x00, 0x00, },
{0x00, 0x00, 0x00, 0x00, 0x00, 0x0f, 0xf8, 0x00, 0x07, 0x00, 0x00, 0x00, 0x00, },
{0x00, 0x00, 0x00, 0x00, 0x00, 0x0f, 0xf8, 0x00, 0x07, 0x00, 0x00, 0x00, 0x00, },
{0x00, 0x00, 0x00, 0x00, 0x00, 0x0f, 0xf8, 0x00, 0x07, 0x00, 0x00, 0x00, 0x00, },
{0x00, 0x00, 0x00, 0x00, 0x00, 0x0f, 0xf8, 0x00, 0x07, 0x1c, 0x00, 0x00, 0x00, },
{0x00, 0x00, 0x00, 0x00, 0x00, 0x0f, 0xf8, 0x00, 0x07, 0x1c, 0x00, 0x00, 0x00, },
{0x00, 0x00, 0x00, 0x00, 0x00, 0x0f, 0xf8, 0x00, 0x07, 0x1c, 0x00, 0x00, 0x00, },
{0x00, 0x00, 0x00, 0x00, 0x00, 0x0f, 0xf8, 0x00, 0x00, 0x00, 0x00, 0x00, 0x00, },
{0x00, 0x00, 0x00, 0x00, 0x00, 0x0f, 0xf8, 0x00, 0x00, 0x00, 0x00, 0x00, 0x00, },
{0x00, 0x00, 0x00, 0x00, 0x00, 0x0f, 0xf8, 0x00, 0x00, 0x00, 0x00, 0x00, 0x00, },
{0x00, 0x00, 0x00, 0x00, 0x00, 0x0f, 0xf8, 0x00, 0x00, 0x00, 0x00, 0x00, 0x00, },
{0x00, 0x00, 0x00, 0x00, 0x00, 0x0f, 0xf8, 0x00, 0x00, 0x00, 0x00, 0x00, 0x00, },
{0x00, 0x00, 0x00, 0x00, 0x00, 0x0f, 0xf8, 0x00, 0x00, 0x00, 0x00, 0x00, 0x00, },
{0x00, 0x00, 0x00, 0x00, 0x00, 0x0f, 0xf8, 0x00, 0x00, 0x00, 0x00, 0x00, 0x00, },
{0x00, 0x00, 0x00, 0x00, 0x00, 0x0f, 0xf8, 0x00, 0x00, 0x00, 0x00, 0x00, 0x00, },
{0x00, 0x00, 0x00, 0x00, 0x00, 0x0f, 0xf8, 0x00, 0x00, 0x00, 0x00, 0x00, 0x00, },
{0x00, 0x00, 0x00, 0x00, 0x00, 0x0f, 0xf8, 0x00, 0x00, 0x00, 0x00, 0x00, 0x00, },
{0x00, 0x00, 0x00, 0x00, 0x00, 0x0f, 0xf8, 0x00, 0x00, 0x00, 0x00, 0x00, 0x00, },
{0x00, 0x00, 0x00, 0x00, 0x00, 0x0f, 0xf8, 0x00, 0x00, 0x00, 0x00, 0x00, 0x00, },
{0x00, 0x00, 0x00, 0x00, 0x00, 0x0f, 0xf8, 0x00, 0x00, 0x00, 0x00, 0x00, 0x00, },
{0x00, 0x00, 0x00, 0x00, 0x00, 0x0f, 0xf8, 0xe0, 0x00, 0x00, 0x00, 0x00, 0x00, },
{0x00, 0x00, 0x00, 0x00, 0x00, 0x0f, 0xf8, 0xe0, 0x00, 0x00, 0x00, 0x00, 0x00, },
{0x00, 0x00, 0x00, 0x00, 0x00, 0x0f, 0xf8, 0xe0, 0x00, 0x00, 0x00, 0x00, 0x00, },
{0x00, 0x00, 0x00, 0x00, 0x00, 0x0f, 0xf8, 0xe0, 0x00, 0x1c, 0x00, 0x00, 0x00, },
{0x00, 0x00, 0x00, 0x00, 0x00, 0x0f, 0xf8, 0xe0, 0x00, 0x1c, 0x00, 0x00, 0x00, },
{0x00, 0x00, 0x00, 0x00, 0x00, 0x0f, 0xf8, 0xe0, 0x00, 0x1c, 0x00, 0x00, 0x00, },
{0x00, 0x00, 0x00, 0x00, 0x00, 0x00, 0x00, 0x00, 0x00, 0x00, 0x00, 0x00, 0x00, },
{0x00, 0x00, 0x00, 0x00, 0x00, 0x00, 0x00, 0x00, 0x00, 0x00, 0x00, 0x00, 0x00, },
{0x00, 0x00, 0x00, 0x00, 0x00, 0x00, 0x00, 0x00, 0x00, 0x00, 0x00, 0x00, 0x00, },
{0x00, 0x00, 0x00, 0x00, 0x00, 0x00, 0x00, 0x00, 0x00, 0x00, 0x00, 0x00, 0x00, },
{0x00, 0x00, 0x00, 0x00, 0x00, 0x00, 0x00, 0x00, 0x00, 0x00, 0x00, 0x00, 0x00, },
{0x00, 0x00, 0x00, 0x00, 0x00, 0x00, 0x00, 0x00, 0x00, 0x00, 0x00, 0x00, 0x00, },
{0x00, 0x00, 0x00, 0x00, 0x00, 0x00, 0x00, 0x00, 0x00, 0x00, 0x00, 0x00, 0x00, },
{0x00, 0x00, 0x00, 0x00, 0x00, 0x00, 0x00, 0x00, 0x00, 0x00, 0x00, 0x00, 0x00, },
{0x00, 0x00, 0x00, 0x00, 0x00, 0x00, 0x00, 0x00, 0x00, 0x00, 0x00, 0x00, 0x00, },
{0x00, 0x00, 0x00, 0x00, 0x00, 0x00, 0x00, 0x00, 0x00, 0x00, 0x00, 0x00, 0x00, },
{0x00, 0x00, 0x00, 0x00, 0x00, 0x00, 0x00, 0x00, 0x00, 0x00, 0x00, 0x00, 0x00, },
{0x00, 0x00, 0x00, 0x00, 0x00, 0x00, 0x00, 0x00, 0x00, 0x00, 0x00, 0x00, 0x00, },
{0x00, 0x00, 0x00, 0x00, 0x00, 0x00, 0x00, 0x00, 0x00, 0x00, 0x00, 0x00, 0x00, },
{0x00, 0x00, 0x00, 0x00, 0x00, 0x00, 0x00, 0x00, 0x00, 0x00, 0x00, 0x00, 0x00, },
{0x00, 0x00, 0x00, 0x00, 0x00, 0x00, 0x00, 0x00, 0x00, 0x00, 0x00, 0x00, 0x00, },
{0x00, 0x00, 0x00, 0x00, 0x00, 0x00, 0x07, 0xf0, 0x00, 0x00, 0x00, 0x00, 0x00, },
{0x00, 0x00, 0x00, 0x00, 0x00, 0x00, 0x07, 0xf8, 0x00, 0x00, 0x00, 0x00, 0x00, },
{0x00, 0x00, 0x00, 0x00, 0x00, 0x00, 0x07, 0xfc, 0x00, 0x00, 0x00, 0x00, 0x00, },
{0x00, 0x00, 0x00, 0x00, 0x00, 0x1f, 0xc7, 0xfe, 0x00, 0x00, 0x00, 0x03, 0xf0, },
{0x00, 0x00, 0x00, 0x00, 0x00, 0x3f, 0xc0, 0xff, 0x00, 0x00, 0x00, 0x1c, 0x00, },
{0x00, 0x00, 0x00, 0x00, 0x00, 0x3f, 0xc0, 0x3f, 0x80, 0x00, 0x00, 0x3f, 0xf0, },
{0x00, 0x00, 0x00, 0x00, 0x00, 0x3f, 0xc0, 0x1f, 0xc0, 0x00, 0x00, 0xfd, 0xd0, },
{0x00, 0x00, 0x00, 0x00, 0x00, 0x3f, 0xc0, 0x0f, 0xe0, 0x00, 0x03, 0xfd, 0xd0, },
{0x00, 0x00, 0x00, 0x00, 0x00, 0x3f, 0x80, 0x03, 0xf0, 0x00, 0x07, 0xfd, 0xd0, },
{0x00, 0x00, 0x00, 0x00, 0x00, 0x3f, 0x00, 0x01, 0xf8, 0x00, 0x1f, 0xfc, 0x00, },
{0x00, 0x00, 0x00, 0x00, 0x00, 0x3e, 0x00, 0x01, 0xf8, 0x00, 0x3f, 0xff, 0xf0, },
{0x00, 0x00, 0x00, 0x00, 0x00, 0x7c, 0x00, 0x07, 0xf0, 0x7f, 0xff, 0xff, 0xf0, },
{0x00, 0x00, 0x00, 0x00, 0x00, 0x7c, 0x00, 0x0f, 0xe0, 0xff, 0xff, 0xfc, 0x00, },
{0x00, 0x00, 0x00, 0x00, 0x01, 0xf8, 0x00, 0x1f, 0xc0, 0xff, 0xff, 0xff, 0xf0, },
{0x00, 0x00, 0x00, 0x70, 0x03, 0xf8, 0x00, 0x7f, 0x80, 0xff, 0xff, 0xfc, 0xf0, },
{0x00, 0x07, 0x80, 0xf8, 0x01, 0xf8, 0x00, 0xff, 0x00, 0xff, 0xff, 0xff, 0x00, },
{0x00, 0x0f, 0xe3, 0xf8, 0x00, 0xf8, 0x07, 0xfe, 0x00, 0xff, 0xff, 0xff, 0xe0, },
{0x00, 0x0f, 0xff, 0xf8, 0x00, 0x78, 0x07, 0xfc, 0x00, 0xff, 0xff, 0xff, 0x00, },
{0x00, 0x0f, 0xff, 0xfc, 0x00, 0x78, 0x07, 0xf8, 0x00, 0xff, 0xff, 0xfc, 0x70, },
{0x00, 0x1f, 0xff, 0xfc, 0x00, 0x7c, 0x00, 0x00, 0x00, 0xff, 0xff, 0xff, 0x70, },
{0x00, 0x1f, 0xff, 0xfe, 0x00, 0x7c, 0x00, 0x00, 0x00, 0xff, 0xff, 0xff, 0x80, },
{0x00, 0x3f, 0xe1, 0xff, 0x00, 0x7e, 0x00, 0x00, 0x00, 0xff, 0xff, 0xff, 0xf0, },
{0x00, 0x7f, 0x00, 0x3f, 0xf0, 0x7f, 0x00, 0x00, 0x00, 0xff, 0xff, 0xff, 0x80, },
{0x07, 0xfe, 0x00, 0x1f, 0xf8, 0x7f, 0x80, 0x00, 0x00, 0xff, 0xff, 0xfc, 0x70, },
{0x0f, 0xfc, 0x00, 0x0f, 0xfc, 0x3f, 0xc0, 0x00, 0x00, 0xff, 0xff, 0x80, 0x00, },
{0x0f, 0xf8, 0x00, 0x07, 0xfc, 0x1f, 0xc0, 0x00, 0x00, 0xff, 0xff, 0xc0, 0x00, },
{0x0f, 0xf0, 0x00, 0x03, 0xfc, 0x0f, 0xc0, 0x00, 0x00, 0xff, 0xff, 0xc0, 0x00, },
{0x0f, 0xf0, 0x00, 0x03, 0xf8, 0x07, 0xc0, 0x00, 0x00, 0xff, 0xff, 0xc0, 0x00, },
{0x07, 0xe0, 0x00, 0x01, 0xf0, 0x07, 0xc0, 0x00, 0x00, 0xff, 0xff, 0xc0, 0x00, },
{0x03, 0xe0, 0x00, 0x01, 0xf0, 0x00, 0x00, 0x00, 0x00, 0xff, 0xff, 0xc0, 0x00, },
{0x03, 0xe0, 0x00, 0x01, 0xf0, 0x00, 0x00, 0x00, 0x00, 0xff, 0xff, 0xc0, 0x00, },
{0x03, 0xe0, 0x00, 0x01, 0xf0, 0x00, 0x00, 0x00, 0x00, 0xff, 0xff, 0xc0, 0x00, },
{0x03, 0xe0, 0x00, 0x01, 0xf0, 0x00, 0x00, 0x00, 0x00, 0xff, 0xff, 0xc0, 0x00, },
{0x03, 0xe0, 0x00, 0x01, 0xf0, 0x00, 0x00, 0x00, 0x00, 0xff, 0xff, 0xc0, 0x00, },
{0x03, 0xe0, 0x00, 0x01, 0xf8, 0x00, 0x00, 0x00, 0x00, 0xff, 0xff, 0xc0, 0x00, },
{0x07, 0xf0, 0x00, 0x03, 0xfc, 0x00, 0x00, 0x00, 0x00, 0xff, 0xff, 0xc0, 0x00, },
{0x0f, 0xf0, 0x00, 0x03, 0xfc, 0x00, 0x00, 0x00, 0x00, 0xff, 0xff, 0xc0, 0x00, },
{0x0f, 0xf8, 0x00, 0x07, 0xfc, 0x00, 0x00, 0x00, 0x00, 0xff, 0xff, 0x80, 0x00, },
{0x0f, 0xfc, 0x00, 0x0f, 0xfc, 0x00, 0x00, 0x00, 0x00, 0xff, 0xff, 0x00, 0x00, },
{0x07, 0xfe, 0x00, 0x1f, 0xf8, 0x00, 0x00, 0x00, 0x00, 0xff, 0xfc, 0x00, 0x00, },
{0x03, 0xff, 0x80, 0x3f, 0x80, 0x00, 0x00, 0x00, 0x00, 0xf0, 0x00, 0x00, 0x00, },
{0x00, 0x3f, 0xe1, 0xff, 0x00, 0x00, 0x00, 0x00, 0x00, 0xe0, 0x00, 0x00, 0x00, },
{0x00, 0x1f, 0xff, 0xfe, 0x00, 0x00, 0x00, 0x00, 0x00, 0xe0, 0x00, 0x00, 0x00, },
{0x00, 0x0f, 0xff, 0xfe, 0x00, 0x00, 0x00, 0x00, 0x00, 0xc0, 0x00, 0x00, 0x00, },
{0x00, 0x0f, 0xff, 0xfc, 0x00, 0x00, 0x00, 0x00, 0x00, 0xc0, 0x00, 0x00, 0x00, },
{0x00, 0x0f, 0xff, 0xfc, 0x00, 0x00, 0x00, 0x00, 0x00, 0x00, 0x00, 0x00, 0x00, },
{0x00, 0x07, 0xf1, 0xfc, 0x00, 0x00, 0x00, 0x00, 0x00, 0x00, 0x00, 0x00, 0x00, },
{0x00, 0x07, 0xc0, 0x78, 0x00, 0x00, 0x00, 0x00, 0x00, 0x00, 0x00, 0x00, 0x00, },
{0x00, 0x03, 0x80, 0x00, 0x00, 0x00, 0x00, 0x00, 0x00, 0x00, 0x00, 0x00, 0x00, },
{0x00, 0x00, 0x00, 0x00, 0x00, 0x00, 0x00, 0x00, 0x00, 0x00, 0x00, 0x00, 0x00, },
};

const unsigned char img_runing[212][13] ICACHE_RODATA_ATTR = { /*Black layer inscription runtime interface */
{0xf8, 0x00, 0x00, 0x00, 0x00, 0x00, 0x00, 0x00, 0x00, 0x00, 0x00, 0x7f, 0xff, },
{0xe0, 0x00, 0xff, 0xff, 0xff, 0xff, 0xff, 0xff, 0xff, 0xfe, 0xfb, 0x7f, 0xff, },
{0xc0, 0x00, 0xff, 0xff, 0xff, 0xff, 0xff, 0xff, 0xff, 0xee, 0xfb, 0x7f, 0xff, },
{0x80, 0x00, 0xff, 0xff, 0xff, 0xff, 0xff, 0xff, 0xff, 0xee, 0xf7, 0x7f, 0xff, },
{0x80, 0x00, 0xff, 0xff, 0xff, 0xff, 0xff, 0xff, 0xff, 0xee, 0xef, 0x7f, 0xff, },
{0x00, 0x00, 0xff, 0xff, 0xff, 0xff, 0xff, 0xff, 0xff, 0xee, 0x9f, 0x7f, 0xff, },
{0x00, 0x00, 0xff, 0xff, 0xff, 0xff, 0xff, 0xff, 0xff, 0xe0, 0x7f, 0x7f, 0xff, },
{0x00, 0x00, 0xff, 0xff, 0xff, 0xff, 0xff, 0xff, 0xff, 0xee, 0x9f, 0x7f, 0xff, },
{0x00, 0x00, 0xff, 0xff, 0xff, 0xff, 0xff, 0xff, 0xff, 0xee, 0xef, 0x7f, 0xff, },
{0x00, 0x00, 0xff, 0xff, 0xff, 0xff, 0xff, 0xff, 0xff, 0xee, 0xf7, 0x7f, 0xff, },
{0x00, 0x00, 0xff, 0xff, 0xff, 0xff, 0xff, 0xff, 0xff, 0xee, 0xfb, 0x7f, 0xff, },
{0x00, 0x00, 0xff, 0xff, 0xff, 0xff, 0xff, 0xff, 0xff, 0xfe, 0xfb, 0x7f, 0xff, },
{0x00, 0x00, 0xff, 0xff, 0xff, 0xff, 0xff, 0xff, 0xff, 0xff, 0xff, 0x7f, 0xff, },
{0x00, 0x00, 0xff, 0xff, 0xff, 0xff, 0xff, 0xff, 0xff, 0xff, 0xff, 0x7f, 0xff, },
{0x00, 0x00, 0xff, 0xff, 0xff, 0xff, 0xff, 0xff, 0xff, 0xf0, 0x03, 0x7f, 0xff, },
{0x00, 0x00, 0xff, 0xff, 0xff, 0xff, 0xff, 0xff, 0xff, 0xf7, 0x77, 0x7f, 0xff, },
{0x00, 0x00, 0xff, 0xff, 0xff, 0xff, 0xff, 0xff, 0xff, 0xf7, 0x77, 0x7f, 0xff, },
{0x10, 0x1c, 0xff, 0xff, 0xff, 0xff, 0xff, 0xff, 0xff, 0xf7, 0x77, 0x7f, 0xff, },
{0x14, 0x08, 0xff, 0xff, 0xff, 0xff, 0xff, 0xff, 0xff, 0xf7, 0x77, 0x7f, 0xff, },
{0x15, 0xf0, 0xff, 0xff, 0xff, 0xff, 0xff, 0xff, 0xff, 0xd7, 0x77, 0x7f, 0xff, },
{0x15, 0x00, 0xff, 0xff, 0xff, 0xff, 0xff, 0xff, 0xff, 0xe7, 0x77, 0x7f, 0xff, },
{0x15, 0x00, 0xff, 0xff, 0xff, 0xff, 0xff, 0xff, 0xff, 0xf7, 0x77, 0x7f, 0xff, },
{0x15, 0x00, 0xff, 0xff, 0xff, 0xff, 0xff, 0xff, 0xff, 0xf0, 0x03, 0x7f, 0xff, },
{0x15, 0x00, 0xff, 0xff, 0xff, 0xff, 0xff, 0xff, 0xff, 0xff, 0xff, 0x7f, 0xff, },
{0x15, 0x00, 0xff, 0xff, 0xff, 0xff, 0xff, 0xff, 0xff, 0xff, 0xff, 0x7f, 0xff, },
{0x35, 0x00, 0xff, 0xff, 0xff, 0xff, 0xff, 0xff, 0xff, 0x00, 0x00, 0x7f, 0xff, },
{0x09, 0x00, 0xff, 0xff, 0xff, 0xff, 0xff, 0xff, 0xff, 0x7f, 0xff, 0x7f, 0xff, },
{0x04, 0x00, 0xff, 0xff, 0xff, 0xff, 0xff, 0xff, 0xff, 0x7e, 0xf7, 0x7f, 0xff, },
{0x00, 0x00, 0xff, 0xff, 0xff, 0xff, 0xff, 0xff, 0xff, 0x7d, 0xfb, 0x7f, 0xff, },
{0x01, 0x04, 0xff, 0xff, 0xff, 0xff, 0xff, 0xff, 0xff, 0x7d, 0xfb, 0x7f, 0xff, },
{0x11, 0x04, 0xff, 0xff, 0xff, 0xff, 0xff, 0xff, 0xff, 0x76, 0xf7, 0x7f, 0xff, },
{0x11, 0x08, 0xff, 0xff, 0xff, 0xff, 0xff, 0xff, 0xff, 0x6b, 0x0f, 0x7f, 0xff, },
{0x11, 0x10, 0xff, 0xff, 0xff, 0xff, 0xff, 0xff, 0xff, 0x77, 0xff, 0x7f, 0xff, },
{0x11, 0x60, 0xff, 0xff, 0xff, 0xff, 0xff, 0xff, 0xff, 0x7f, 0xff, 0x7f, 0xff, },
{0x1f, 0x80, 0xff, 0xff, 0xff, 0xff, 0xff, 0xff, 0xff, 0x7f, 0xff, 0x7f, 0xff, },
{0x11, 0x60, 0xff, 0xff, 0xff, 0xff, 0xff, 0xff, 0xff, 0x7f, 0xff, 0x7f, 0xff, },
{0x11, 0x10, 0xff, 0xff, 0xff, 0xff, 0xff, 0xff, 0xff, 0x7f, 0xff, 0x7f, 0xff, },
{0x11, 0x08, 0xff, 0xff, 0xff, 0xff, 0xff, 0xff, 0xff, 0x7f, 0xff, 0x7f, 0xff, },
{0x11, 0x04, 0xff, 0xff, 0xff, 0xff, 0xff, 0xff, 0xff, 0x7f, 0xff, 0x7f, 0xff, },
{0x01, 0x04, 0xff, 0xff, 0xff, 0xff, 0xff, 0xff, 0xff, 0x7f, 0xff, 0x7f, 0xff, },
{0x00, 0x00, 0xff, 0xff, 0xff, 0xff, 0xff, 0xff, 0xff, 0x7f, 0xff, 0x7f, 0xff, },
{0x00, 0x00, 0xff, 0xff, 0xff, 0xff, 0xff, 0xff, 0xff, 0x7f, 0xff, 0x7f, 0xff, },
{0x1f, 0xfc, 0xff, 0xff, 0xff, 0xff, 0xff, 0xff, 0xff, 0x7f, 0xff, 0x7f, 0xff, },
{0x11, 0x08, 0xff, 0xff, 0xff, 0xff, 0xff, 0xff, 0xff, 0x7f, 0xff, 0x7f, 0xff, },
{0x11, 0x08, 0xff, 0xff, 0xff, 0xff, 0xff, 0xff, 0xff, 0x7f, 0xff, 0x7f, 0xff, },
{0x11, 0x08, 0xff, 0xff, 0xff, 0xff, 0xff, 0xff, 0xff, 0x7f, 0xff, 0x7f, 0xff, },
{0x11, 0x08, 0xff, 0xff, 0xff, 0xff, 0xff, 0xff, 0xff, 0x7f, 0xff, 0x7f, 0xff, },
{0x11, 0x08, 0xff, 0xff, 0xff, 0xff, 0xff, 0xff, 0xff, 0x7f, 0xff, 0x7f, 0xff, },
{0x11, 0x08, 0xff, 0xff, 0xff, 0xff, 0xff, 0xff, 0xff, 0x7f, 0xff, 0x7f, 0xff, },
{0x11, 0x08, 0xff, 0xff, 0xff, 0xff, 0xff, 0xff, 0xff, 0x7f, 0xff, 0x7f, 0xff, },
{0x1f, 0xfc, 0xff, 0xff, 0xff, 0xff, 0xff, 0xff, 0xff, 0x7f, 0xff, 0x7f, 0xff, },
{0x00, 0x00, 0xff, 0xff, 0xff, 0xff, 0xff, 0xff, 0xff, 0x7f, 0xff, 0x7f, 0xff, },
{0x00, 0x00, 0xff, 0xff, 0xff, 0xff, 0xff, 0xff, 0xff, 0x7f, 0xff, 0x7f, 0xff, },
{0x02, 0x00, 0xff, 0xff, 0xff, 0xff, 0xff, 0xff, 0xff, 0x7f, 0xff, 0x7f, 0xff, },
{0x02, 0x00, 0xff, 0xff, 0xff, 0xff, 0xff, 0xff, 0xff, 0x7f, 0xff, 0x7f, 0xff, },
{0x04, 0x60, 0xff, 0xff, 0xff, 0xff, 0xff, 0xff, 0xff, 0x7f, 0xff, 0x7f, 0xff, },
{0x08, 0x50, 0xff, 0xff, 0xff, 0xff, 0xff, 0xff, 0xff, 0x7f, 0xff, 0x7f, 0xff, },
{0x10, 0x48, 0xff, 0xff, 0xff, 0xff, 0xff, 0xff, 0xff, 0x7f, 0xff, 0x7f, 0xff, },
{0x21, 0x44, 0xff, 0xff, 0xff, 0xff, 0xff, 0xff, 0xff, 0x7f, 0xbf, 0x7f, 0xff, },
{0x12, 0x40, 0xff, 0xff, 0xff, 0xff, 0xff, 0xff, 0xff, 0x7f, 0xdf, 0x7f, 0xff, },
{0x08, 0x40, 0xff, 0xff, 0xff, 0xff, 0xff, 0xff, 0xff, 0x7f, 0xdf, 0x7f, 0xff, },
{0x04, 0x40, 0x00, 0x00, 0x00, 0x00, 0x00, 0x00, 0x00, 0x7f, 0xbf, 0x7f, 0xff, },
{0x02, 0x40, 0xff, 0xff, 0xff, 0xff, 0xff, 0xff, 0xff, 0x7f, 0x7f, 0x7f, 0xff, },
{0x02, 0x00, 0xff, 0xff, 0xff, 0xff, 0xff, 0xff, 0xff, 0x7f, 0x7f, 0x7f, 0xff, },
{0x00, 0x00, 0xff, 0xff, 0xff, 0xff, 0xff, 0xff, 0xff, 0x7f, 0xbf, 0x7f, 0xff, },
{0x00, 0x00, 0xff, 0xff, 0xff, 0xff, 0xff, 0xff, 0xff, 0x7f, 0xff, 0x7f, 0xff, },
{0x00, 0x00, 0xff, 0xff, 0xff, 0xff, 0xff, 0xff, 0xff, 0x7e, 0xf7, 0x7f, 0xff, },
{0x00, 0x00, 0xff, 0xff, 0xff, 0xff, 0xff, 0xff, 0xff, 0x7d, 0xfb, 0x7f, 0xff, },
{0x00, 0x00, 0xff, 0xff, 0xff, 0xff, 0xff, 0xff, 0xff, 0x7d, 0xfb, 0x7f, 0xff, },
{0x00, 0x00, 0xff, 0xff, 0xff, 0xff, 0xff, 0xff, 0xff, 0x76, 0xf7, 0x7f, 0xff, },
{0x00, 0x00, 0xff, 0xff, 0xff, 0xff, 0xff, 0xff, 0xff, 0x6b, 0x0f, 0x7f, 0xff, },
{0x00, 0x00, 0xff, 0xff, 0xff, 0xff, 0xff, 0xff, 0xff, 0x77, 0xff, 0x7f, 0xff, },
{0x00, 0x00, 0xff, 0xff, 0xff, 0xff, 0xff, 0xff, 0xff, 0x7f, 0xff, 0x7f, 0xff, },
{0x00, 0x00, 0xff, 0xff, 0xff, 0xff, 0xff, 0xff, 0xff, 0x7f, 0xff, 0x7f, 0xff, },
{0x00, 0x00, 0xff, 0xff, 0xff, 0xff, 0xff, 0xff, 0xff, 0x7f, 0xff, 0x7f, 0xff, },
{0x00, 0x00, 0xff, 0xff, 0xff, 0xff, 0xff, 0xff, 0xff, 0x7f, 0xff, 0x7f, 0xff, },
{0x00, 0x00, 0xff, 0xff, 0xff, 0xff, 0xff, 0xff, 0xff, 0x7f, 0xff, 0x7f, 0xff, },
{0x00, 0x00, 0xff, 0xff, 0xff, 0xff, 0xff, 0xff, 0xff, 0x7f, 0xff, 0x7f, 0xff, },
{0x00, 0x00, 0xff, 0xff, 0xff, 0xff, 0xff, 0xff, 0xff, 0x7f, 0xff, 0x7f, 0xff, },
{0x00, 0x00, 0xff, 0xff, 0xff, 0xff, 0xff, 0xff, 0xff, 0x7f, 0xff, 0x7f, 0xff, },
{0x00, 0x00, 0xff, 0xff, 0xff, 0xff, 0xff, 0xff, 0xff, 0x7f, 0xff, 0x7f, 0xff, },
{0x00, 0x00, 0xff, 0xff, 0xff, 0xff, 0xff, 0xff, 0xff, 0x7f, 0xff, 0x7f, 0xff, },
{0x00, 0x00, 0xff, 0xff, 0xff, 0xff, 0xff, 0xff, 0xff, 0x7f, 0xff, 0x7f, 0xff, },
{0x00, 0x00, 0xff, 0xff, 0xff, 0xff, 0xff, 0xff, 0xff, 0x7f, 0xff, 0x7f, 0xff, },
{0x00, 0x00, 0xff, 0xff, 0xff, 0xff, 0xff, 0xff, 0xff, 0x7f, 0xff, 0x7f, 0xff, },
{0x1f, 0xfc, 0xff, 0xff, 0xff, 0xff, 0xff, 0xff, 0xff, 0x7f, 0xff, 0x7f, 0xff, },
{0x12, 0x44, 0xff, 0xff, 0xff, 0xff, 0xff, 0xff, 0xff, 0x7f, 0xff, 0x7f, 0xff, },
{0x12, 0x40, 0xff, 0xff, 0xff, 0xff, 0xff, 0xff, 0xff, 0x7f, 0xff, 0x7f, 0xff, },
{0x1f, 0xf8, 0xff, 0xff, 0xff, 0xff, 0xff, 0xff, 0xff, 0x7f, 0xff, 0x7f, 0xff, },
{0x00, 0x04, 0xff, 0xff, 0xff, 0xff, 0xff, 0xff, 0xff, 0x7f, 0xff, 0x7f, 0xff, },
{0x08, 0x24, 0xff, 0xff, 0xff, 0xff, 0xff, 0xff, 0xff, 0x7f, 0xff, 0x7f, 0xff, },
{0x3f, 0xe8, 0xff, 0xff, 0xff, 0xff, 0xff, 0xff, 0xff, 0x7f, 0xff, 0x7f, 0xff, },
{0x0a, 0xa0, 0xff, 0xff, 0xff, 0xff, 0xff, 0xff, 0xff, 0x7f, 0xff, 0x7f, 0xff, },
{0x0a, 0xa0, 0xff, 0xff, 0xff, 0xff, 0xff, 0xff, 0xff, 0x7f, 0xff, 0x7f, 0xff, },
{0x3f, 0xe8, 0xff, 0xff, 0xff, 0xff, 0xff, 0xff, 0xff, 0x7f, 0xff, 0x7f, 0xff, },
{0x08, 0x24, 0xff, 0xff, 0xff, 0xff, 0xff, 0xff, 0xff, 0x7f, 0xff, 0x7f, 0xff, },
{0x00, 0x00, 0xff, 0xff, 0xff, 0xff, 0xff, 0xff, 0xff, 0x00, 0x00, 0x7f, 0xff, },
{0x00, 0x04, 0xff, 0xff, 0xff, 0xff, 0xff, 0xff, 0xff, 0xff, 0xff, 0x7f, 0xff, },
{0x3e, 0x44, 0xff, 0xff, 0xff, 0xff, 0xff, 0xff, 0xff, 0xc0, 0x03, 0x7f, 0xff, },
{0x2a, 0x54, 0xff, 0xff, 0xff, 0xff, 0xff, 0xff, 0xff, 0xdf, 0xfb, 0x7f, 0xff, },
{0x2a, 0x54, 0xff, 0xff, 0xff, 0xff, 0xff, 0xff, 0xff, 0xd8, 0x0b, 0x7f, 0xff, },
{0x2a, 0x54, 0xff, 0xff, 0xff, 0xff, 0xff, 0xff, 0xff, 0xdb, 0x6f, 0x7f, 0xff, },
{0x2b, 0xfc, 0xff, 0xff, 0xff, 0xff, 0xff, 0xff, 0xff, 0xdb, 0x6f, 0x7f, 0xff, },
{0x2a, 0x54, 0xff, 0xff, 0xff, 0xff, 0xff, 0xff, 0xff, 0xdb, 0x6f, 0x7f, 0xff, },
{0x2a, 0x54, 0xff, 0xff, 0xff, 0xff, 0xff, 0xff, 0xff, 0xdb, 0x6f, 0x7f, 0xff, },
{0x2a, 0x54, 0xff, 0xff, 0xff, 0xff, 0xff, 0xff, 0xff, 0xf8, 0x0f, 0x7f, 0xff, },
{0x3e, 0xc4, 0xff, 0xff, 0xff, 0xff, 0xff, 0xff, 0xff, 0xef, 0xff, 0x7f, 0xff, },
{0x00, 0x24, 0xff, 0xff, 0xff, 0xff, 0xff, 0xff, 0xff, 0xd8, 0x03, 0x7f, 0xff, },
{0x00, 0x00, 0xff, 0xff, 0xff, 0xff, 0xff, 0xff, 0xff, 0xff, 0xff, 0x7f, 0xff, },
{0x00, 0x00, 0xff, 0xff, 0xff, 0xff, 0xff, 0xff, 0xff, 0xff, 0xff, 0x7f, 0xff, },
{0x00, 0x00, 0xff, 0xff, 0xff, 0xff, 0xff, 0xff, 0xff, 0xf7, 0xfb, 0x7f, 0xff, },
{0x00, 0x00, 0xff, 0xff, 0xff, 0xff, 0xff, 0xff, 0xff, 0xf4, 0x7b, 0x7f, 0xff, },
{0x00, 0x00, 0xff, 0xff, 0xff, 0xff, 0xff, 0xff, 0xff, 0xf5, 0x97, 0x7f, 0xff, },
{0x00, 0x00, 0xff, 0xff, 0xff, 0xff, 0xff, 0xff, 0xff, 0xf5, 0x6f, 0x7f, 0xff, },
{0x00, 0x00, 0xff, 0xff, 0xff, 0xff, 0xff, 0xff, 0xff, 0xf1, 0xd7, 0x7f, 0xff, },
{0x00, 0x00, 0xff, 0xff, 0xff, 0xff, 0xff, 0xff, 0xff, 0xe6, 0xbb, 0x7f, 0xff, },
{0x00, 0x00, 0xff, 0xff, 0xff, 0xff, 0xff, 0xff, 0xff, 0xd7, 0x7b, 0x7f, 0xff, },
{0x80, 0x00, 0xff, 0xff, 0xff, 0xff, 0xff, 0xff, 0xff, 0xf1, 0xbf, 0x7f, 0xff, },
{0x80, 0x00, 0xff, 0xff, 0xff, 0xff, 0xff, 0xff, 0xff, 0xf6, 0x03, 0x7f, 0xff, },
{0xc0, 0x00, 0xff, 0xff, 0xff, 0xff, 0xff, 0xff, 0xff, 0xf7, 0x7f, 0x7f, 0xff, },
{0xe0, 0x00, 0xff, 0xff, 0xff, 0xff, 0xff, 0xff, 0xff, 0xf7, 0xbf, 0x7f, 0xff, },
{0xf8, 0x00, 0x00, 0x00, 0x00, 0x00, 0x00, 0x00, 0x00, 0x00, 0x00, 0x7f, 0xff, },
{0xff, 0xff, 0xff, 0xff, 0xff, 0xff, 0xff, 0xff, 0xff, 0xff, 0xff, 0xff, 0xff, },
{0xff, 0xff, 0xff, 0xff, 0xff, 0xff, 0xff, 0xff, 0xff, 0xff, 0xff, 0xff, 0xff, },
{0xff, 0xff, 0xff, 0xff, 0xff, 0xff, 0xff, 0xff, 0xff, 0xff, 0xff, 0xff, 0xff, },
{0xff, 0xff, 0xff, 0xff, 0xff, 0xff, 0xff, 0xff, 0xff, 0xff, 0xff, 0xff, 0xff, },
{0xf8, 0x00, 0x00, 0x00, 0x00, 0x00, 0x00, 0x00, 0x00, 0x00, 0x00, 0x7f, 0xff, },
{0xe0, 0x00, 0xff, 0xff, 0xff, 0xff, 0xff, 0xff, 0xff, 0xff, 0xff, 0x7f, 0xff, },
{0xc0, 0x00, 0xff, 0xff, 0xff, 0xff, 0xff, 0xff, 0xff, 0xff, 0xff, 0x7f, 0xff, },
{0x80, 0x00, 0xff, 0xff, 0xff, 0xff, 0xff, 0xff, 0xff, 0xff, 0xff, 0x7f, 0xff, },
{0x80, 0x00, 0xff, 0xff, 0xff, 0xff, 0xff, 0xff, 0xff, 0xff, 0xff, 0x7f, 0xff, },
{0x00, 0x00, 0xff, 0xff, 0xff, 0xff, 0xff, 0xff, 0xff, 0xff, 0xff, 0x7f, 0xff, },
{0x00, 0x00, 0xff, 0xff, 0xff, 0xff, 0xff, 0xff, 0xff, 0xff, 0xff, 0x7f, 0xff, },
{0x00, 0x00, 0xff, 0xff, 0xff, 0xff, 0xff, 0xff, 0xff, 0xff, 0xff, 0x7f, 0xff, },
{0x00, 0x00, 0xff, 0xff, 0xff, 0xff, 0xff, 0xff, 0xff, 0xff, 0xff, 0x7f, 0xff, },
{0x1f, 0xfc, 0xff, 0xff, 0xff, 0xff, 0xff, 0xff, 0xff, 0xff, 0xff, 0x7f, 0xff, },
{0x12, 0x44, 0xff, 0xff, 0xff, 0xff, 0xff, 0xff, 0xff, 0xff, 0xff, 0x7f, 0xff, },
{0x12, 0x44, 0xff, 0xff, 0xff, 0xff, 0xff, 0xff, 0xff, 0xff, 0xff, 0x7f, 0xff, },
{0x12, 0x40, 0xff, 0xff, 0xff, 0xff, 0xff, 0xff, 0xff, 0xff, 0xff, 0x7f, 0xff, },
{0x12, 0x40, 0xff, 0xff, 0xff, 0xff, 0xff, 0xff, 0xff, 0xff, 0xff, 0x7f, 0xff, },
{0x12, 0x40, 0xff, 0xff, 0xff, 0xff, 0xff, 0xff, 0xff, 0xff, 0xff, 0x7f, 0xff, },
{0x12, 0x40, 0xff, 0xff, 0xff, 0xff, 0xff, 0xff, 0xff, 0xff, 0xff, 0x7f, 0xff, },
{0x1f, 0xe0, 0xff, 0xff, 0xff, 0xff, 0xff, 0xff, 0xff, 0xff, 0xff, 0x7f, 0xff, },
{0x00, 0x18, 0xff, 0xff, 0xff, 0xff, 0xff, 0xff, 0xff, 0xff, 0xff, 0x7f, 0xff, },
{0x00, 0x04, 0xff, 0xff, 0xff, 0xff, 0xff, 0xff, 0xff, 0xff, 0xff, 0x7f, 0xff, },
{0x00, 0x00, 0xff, 0xff, 0xff, 0xff, 0xff, 0xff, 0xff, 0xff, 0xff, 0x7f, 0xff, },
{0x00, 0x00, 0xff, 0xff, 0xff, 0xff, 0xff, 0xff, 0xff, 0xff, 0xff, 0x7f, 0xff, },
{0x00, 0x00, 0xff, 0xff, 0xff, 0xff, 0xff, 0xff, 0xff, 0xff, 0xff, 0x7f, 0xff, },
{0x00, 0x00, 0xff, 0xff, 0xff, 0xff, 0xff, 0xff, 0xff, 0xff, 0xff, 0x7f, 0xff, },
{0x00, 0x00, 0xff, 0xff, 0xff, 0xff, 0xff, 0xff, 0xff, 0xff, 0xff, 0x7f, 0xff, },
{0x00, 0x00, 0xff, 0xff, 0xff, 0xff, 0xff, 0xff, 0xff, 0xff, 0xff, 0x7f, 0xff, },
{0x00, 0x00, 0xff, 0xff, 0xff, 0xff, 0xff, 0xff, 0xff, 0xff, 0xff, 0x7f, 0xff, },
{0x00, 0x00, 0xff, 0xff, 0xff, 0xff, 0xff, 0xff, 0xff, 0xff, 0xff, 0x7f, 0xff, },
{0x00, 0x00, 0xff, 0xff, 0xff, 0xff, 0xff, 0xff, 0xff, 0xff, 0xff, 0x7f, 0xff, },
{0x00, 0x00, 0xff, 0xff, 0xff, 0xff, 0xff, 0xff, 0xff, 0xff, 0xff, 0x7f, 0xff, },
{0x00, 0x00, 0xff, 0xff, 0xff, 0xff, 0xff, 0xff, 0xff, 0xff, 0xff, 0x7f, 0xff, },
{0x00, 0x00, 0xff, 0xff, 0xff, 0xff, 0xff, 0xff, 0xff, 0xff, 0xff, 0x7f, 0xff, },
{0x00, 0x00, 0xff, 0xff, 0xff, 0xff, 0xff, 0xff, 0xff, 0xff, 0xff, 0x7f, 0xff, },
{0x00, 0x00, 0xff, 0xff, 0xff, 0xff, 0xff, 0xff, 0xff, 0xff, 0xff, 0x7f, 0xff, },
{0x00, 0x00, 0xff, 0xff, 0xff, 0xff, 0xff, 0xff, 0xff, 0xff, 0xff, 0x7f, 0xff, },
{0x00, 0x00, 0xff, 0xff, 0xff, 0xff, 0xff, 0xff, 0xff, 0xff, 0xff, 0x7f, 0xff, },
{0x00, 0x00, 0xff, 0xff, 0xff, 0xff, 0xff, 0xff, 0xff, 0xff, 0xff, 0x7f, 0xff, },
{0x08, 0x20, 0xff, 0xff, 0xff, 0xff, 0xff, 0xff, 0xff, 0xff, 0xff, 0x7f, 0xff, },
{0x09, 0x20, 0xff, 0xff, 0xff, 0xff, 0xff, 0xff, 0xff, 0xff, 0xff, 0x7f, 0xff, },
{0x09, 0x20, 0xff, 0xff, 0xff, 0xff, 0xff, 0xff, 0xff, 0xff, 0xff, 0x7f, 0xff, },
{0x09, 0x20, 0xff, 0xff, 0xff, 0xff, 0xff, 0xff, 0xff, 0xff, 0xff, 0x7f, 0xff, },
{0x0f, 0xfc, 0xff, 0xff, 0xff, 0xff, 0xff, 0xff, 0xff, 0xff, 0xff, 0x7f, 0xff, },
{0x09, 0x20, 0xff, 0xff, 0xff, 0xff, 0xff, 0xff, 0xff, 0xff, 0xff, 0x7f, 0xff, },
{0x09, 0x20, 0xff, 0xff, 0xff, 0xff, 0xff, 0xff, 0xff, 0xff, 0xff, 0x7f, 0xff, },
{0x09, 0x20, 0xff, 0xff, 0xff, 0xff, 0xff, 0xff, 0xff, 0xff, 0xff, 0x7f, 0xff, },
{0x39, 0xe0, 0xff, 0xff, 0xff, 0xff, 0xff, 0xff, 0xff, 0xff, 0xff, 0x7f, 0xff, },
{0x04, 0x20, 0xff, 0xff, 0xff, 0xff, 0xff, 0xff, 0xff, 0xff, 0xff, 0x7f, 0xff, },
{0x02, 0x20, 0xff, 0xff, 0xff, 0xff, 0xff, 0xff, 0xff, 0xff, 0xff, 0x7f, 0xff, },
{0x00, 0x00, 0xff, 0xff, 0xff, 0xff, 0xff, 0xff, 0xff, 0xff, 0xff, 0x7f, 0xff, },
{0x00, 0x00, 0xff, 0xff, 0xff, 0xff, 0xff, 0xff, 0xff, 0xff, 0xff, 0x7f, 0xff, },
{0x00, 0x00, 0xff, 0xff, 0xff, 0xff, 0xff, 0xff, 0xff, 0xff, 0xff, 0x7f, 0xff, },
{0x00, 0x00, 0xff, 0xff, 0xff, 0xff, 0xff, 0xff, 0xff, 0xff, 0xff, 0x7f, 0xff, },
{0x00, 0x00, 0xff, 0xff, 0xff, 0xff, 0xff, 0xff, 0xff, 0xff, 0xff, 0x7f, 0xff, },
{0x00, 0x00, 0xff, 0xff, 0xff, 0xff, 0xff, 0xff, 0xff, 0xff, 0xff, 0x7f, 0xff, },
{0x00, 0x00, 0xff, 0xff, 0xff, 0xff, 0xff, 0xff, 0xff, 0xff, 0xff, 0x7f, 0xff, },
{0x00, 0x00, 0xff, 0xff, 0xff, 0xff, 0xff, 0xff, 0xff, 0xff, 0xff, 0x7f, 0xff, },
{0x00, 0x00, 0xff, 0xff, 0xff, 0xff, 0xff, 0xff, 0xff, 0xff, 0xff, 0x7f, 0xff, },
{0x00, 0x00, 0xff, 0xff, 0xff, 0xff, 0xff, 0xff, 0xff, 0xff, 0xff, 0x7f, 0xff, },
{0x00, 0x00, 0xff, 0xff, 0xff, 0xff, 0xff, 0xff, 0xff, 0xff, 0xff, 0x7f, 0xff, },
{0x00, 0x00, 0xff, 0xff, 0xff, 0xff, 0xff, 0xff, 0xff, 0xff, 0xff, 0x7f, 0xff, },
{0x00, 0x00, 0xff, 0xff, 0xff, 0xff, 0xff, 0xff, 0xff, 0xff, 0xff, 0x7f, 0xff, },
{0x00, 0x00, 0xff, 0xff, 0xff, 0xff, 0xff, 0xff, 0xff, 0xff, 0xff, 0x7f, 0xff, },
{0x00, 0x00, 0xff, 0xff, 0xff, 0xff, 0xff, 0xff, 0xff, 0xff, 0xff, 0x7f, 0xff, },
{0x00, 0x00, 0xff, 0xff, 0xff, 0xff, 0xff, 0xff, 0xff, 0xff, 0xff, 0x7f, 0xff, },
{0x00, 0x00, 0xff, 0xff, 0xff, 0xff, 0xff, 0xff, 0xff, 0xff, 0xff, 0x7f, 0xff, },
{0x00, 0x00, 0xff, 0xff, 0xff, 0xff, 0xff, 0xff, 0xff, 0xff, 0xff, 0x7f, 0xff, },
{0x00, 0x00, 0xff, 0xff, 0xff, 0xff, 0xff, 0xff, 0xff, 0xff, 0xff, 0x7f, 0xff, },
{0x00, 0x00, 0xff, 0xff, 0xff, 0xff, 0xff, 0xff, 0xff, 0xff, 0xff, 0x7f, 0xff, },
{0x00, 0x00, 0xff, 0xff, 0xff, 0xff, 0xff, 0xff, 0xff, 0xff, 0xff, 0x7f, 0xff, },
{0x00, 0x00, 0xff, 0xff, 0xff, 0xff, 0xff, 0xff, 0xff, 0xff, 0xff, 0x7f, 0xff, },
{0x00, 0x00, 0xff, 0xff, 0xff, 0xff, 0xff, 0xff, 0xff, 0xff, 0xff, 0x7f, 0xff, },
{0x00, 0x00, 0xff, 0xff, 0xff, 0xff, 0xff, 0xff, 0xff, 0xff, 0xff, 0x7f, 0xff, },
{0x00, 0x00, 0xff, 0xff, 0xff, 0xff, 0xff, 0xff, 0xff, 0xff, 0xff, 0x7f, 0xff, },
{0x00, 0x00, 0xff, 0xff, 0xff, 0xff, 0xff, 0xff, 0xff, 0xff, 0xff, 0x7f, 0xff, },
{0x00, 0x00, 0xff, 0xff, 0xff, 0xff, 0xff, 0xff, 0xff, 0xff, 0xff, 0x7f, 0xff, },
{0x00, 0x00, 0xff, 0xff, 0xff, 0xff, 0xff, 0xff, 0xff, 0xff, 0xff, 0x7f, 0xff, },
{0x00, 0x00, 0xff, 0xff, 0xff, 0xff, 0xff, 0xff, 0xff, 0xff, 0xff, 0x7f, 0xff, },
{0x00, 0x00, 0xff, 0xff, 0xff, 0xff, 0xff, 0xff, 0xff, 0xff, 0xff, 0x7f, 0xff, },
{0x00, 0x00, 0xff, 0xff, 0xff, 0xff, 0xff, 0xff, 0xff, 0xff, 0xff, 0x7f, 0xff, },
{0x00, 0x00, 0xff, 0xff, 0xff, 0xff, 0xff, 0xff, 0xff, 0xff, 0xff, 0x7f, 0xff, },
{0x00, 0x00, 0xff, 0xff, 0xff, 0xff, 0xff, 0xff, 0xff, 0xff, 0xff, 0x7f, 0xff, },
{0x00, 0x00, 0xff, 0xff, 0xff, 0xff, 0xff, 0xff, 0xff, 0xff, 0xff, 0x7f, 0xff, },
{0x80, 0x00, 0xff, 0xff, 0xff, 0xff, 0xff, 0xff, 0xff, 0xff, 0xff, 0x7f, 0xff, },
{0x80, 0x00, 0xff, 0xff, 0xff, 0xff, 0xff, 0xff, 0xff, 0xff, 0xff, 0x7f, 0xff, },
{0xc0, 0x00, 0xff, 0xff, 0xff, 0xff, 0xff, 0xff, 0xff, 0xff, 0xff, 0x7f, 0xff, },
{0xe0, 0x00, 0xff, 0xff, 0xff, 0xff, 0xff, 0xff, 0xff, 0xff, 0xff, 0x7f, 0xff, },
{0xf8, 0x00, 0x00, 0x00, 0x00, 0x00, 0x00, 0x00, 0x00, 0x00, 0x00, 0x7f, 0xff, },
};  /*black layer inscription*/


const unsigned char img_lowpwr[212][13] ICACHE_RODATA_ATTR = { /*Black layer inscription low battery reminder*/
{0xff, 0xff, 0xff, 0xff, 0xff, 0xff, 0xff, 0xff, 0xff, 0xff, 0xff, 0xff, 0xff, },
{0xff, 0xff, 0xff, 0xff, 0xff, 0xff, 0xff, 0xff, 0xff, 0xff, 0xff, 0xff, 0xff, },
{0xff, 0xff, 0xff, 0xff, 0xff, 0xff, 0xff, 0xff, 0xff, 0xff, 0xff, 0xff, 0xff, },
{0xff, 0xff, 0xff, 0xff, 0xff, 0xff, 0xff, 0xff, 0xff, 0xff, 0xff, 0xff, 0xff, },
{0xff, 0xff, 0xff, 0xff, 0xff, 0xff, 0xff, 0xff, 0xff, 0xff, 0xff, 0xff, 0xff, },
{0xff, 0xff, 0xff, 0xff, 0xff, 0xff, 0xff, 0xff, 0xff, 0xff, 0xff, 0xff, 0xff, },
{0xff, 0xff, 0xff, 0xff, 0xff, 0xff, 0xff, 0xff, 0xff, 0xff, 0xff, 0xff, 0xff, },
{0xff, 0xff, 0xff, 0xff, 0xff, 0xff, 0xff, 0xff, 0xff, 0xff, 0xff, 0xff, 0xff, },
{0xff, 0xff, 0xff, 0xff, 0xff, 0xff, 0xff, 0xff, 0xff, 0xff, 0xff, 0xff, 0xff, },
{0xff, 0xff, 0xff, 0xff, 0xff, 0xff, 0xff, 0xff, 0xff, 0xff, 0xff, 0xff, 0xff, },
{0xff, 0xff, 0xff, 0xff, 0xff, 0xff, 0xff, 0xff, 0xff, 0xff, 0xff, 0xff, 0xff, },
{0xff, 0xff, 0xff, 0xff, 0xff, 0xff, 0xff, 0xff, 0xff, 0xff, 0xff, 0xff, 0xff, },
{0xff, 0xff, 0xff, 0xff, 0xff, 0xff, 0xff, 0xff, 0xff, 0xff, 0xff, 0xff, 0xff, },
{0xff, 0xff, 0xff, 0xff, 0xff, 0xff, 0xff, 0xff, 0xff, 0xff, 0xff, 0xff, 0xff, },
{0xff, 0xff, 0xff, 0xff, 0xff, 0xff, 0xff, 0xff, 0xff, 0xff, 0xff, 0xff, 0xff, },
{0xff, 0xff, 0xff, 0xff, 0xff, 0xff, 0xff, 0xff, 0xff, 0xff, 0xff, 0xff, 0xff, },
{0xff, 0xff, 0xff, 0xff, 0xff, 0xff, 0xff, 0xff, 0xff, 0xff, 0xff, 0xff, 0xff, },
{0xff, 0xff, 0xff, 0xff, 0xff, 0xff, 0xff, 0xff, 0xff, 0xff, 0xff, 0xff, 0xff, },
{0xff, 0xff, 0xff, 0xff, 0xff, 0xff, 0xff, 0xff, 0xff, 0xff, 0xff, 0xff, 0xff, },
{0xff, 0xff, 0xff, 0xff, 0xff, 0xff, 0xff, 0xff, 0xff, 0xff, 0xff, 0xff, 0xff, },
{0xff, 0xff, 0xff, 0xff, 0xff, 0xff, 0xff, 0xff, 0xff, 0xff, 0xff, 0xff, 0xff, },
{0xff, 0xff, 0xff, 0xff, 0xff, 0xff, 0xff, 0xff, 0xff, 0xff, 0xff, 0xff, 0xff, },
{0xff, 0xf0, 0x00, 0x00, 0x00, 0x00, 0x00, 0x00, 0x00, 0x00, 0x0f, 0xff, 0xff, },
{0xff, 0xf0, 0x00, 0x00, 0x00, 0x00, 0x00, 0x00, 0x00, 0x00, 0x0f, 0xff, 0xff, },
{0xff, 0xf3, 0xff, 0xff, 0xff, 0xff, 0xff, 0xff, 0xff, 0xff, 0xcf, 0xff, 0xff, },
{0xff, 0xf3, 0xff, 0xff, 0xff, 0xff, 0xff, 0xff, 0xff, 0xff, 0xcf, 0xff, 0xff, },
{0xff, 0xf3, 0xff, 0xff, 0xff, 0xff, 0xff, 0xff, 0xff, 0xff, 0xcf, 0xff, 0xff, },
{0xff, 0xf3, 0xff, 0xff, 0xff, 0xff, 0xff, 0xff, 0xff, 0xff, 0xcf, 0xff, 0xff, },
{0xff, 0xf3, 0xff, 0xff, 0xff, 0xff, 0xff, 0xff, 0xff, 0xff, 0xcf, 0xff, 0xff, },
{0xff, 0xf3, 0xff, 0xff, 0xff, 0xff, 0xff, 0xff, 0xff, 0xff, 0xcf, 0xff, 0xff, },
{0xff, 0xf3, 0xff, 0xff, 0xff, 0xff, 0xff, 0xff, 0xff, 0xff, 0xcf, 0xff, 0xff, },
{0xff, 0xf3, 0xff, 0xff, 0xff, 0xff, 0xff, 0xff, 0xff, 0xff, 0xcf, 0xff, 0xff, },
{0xff, 0xf3, 0xff, 0xff, 0xff, 0xff, 0xff, 0xff, 0xff, 0xff, 0xcf, 0xff, 0xff, },
{0xff, 0xf3, 0xff, 0xff, 0xff, 0xff, 0xff, 0xff, 0xff, 0xff, 0xcf, 0xff, 0xff, },
{0xff, 0xf3, 0xff, 0xff, 0xff, 0xff, 0xff, 0xff, 0xff, 0xff, 0xcf, 0xff, 0xff, },
{0xff, 0xf3, 0xff, 0xff, 0xff, 0xff, 0xff, 0xff, 0xff, 0xff, 0xcf, 0xff, 0xff, },
{0xff, 0xf3, 0xff, 0xff, 0xff, 0xff, 0xff, 0xff, 0xff, 0xff, 0xcf, 0xff, 0xff, },
{0xff, 0xf3, 0xff, 0xff, 0xff, 0xff, 0xff, 0xff, 0xff, 0xff, 0xcf, 0xff, 0xff, },
{0xff, 0xf3, 0xff, 0xff, 0xff, 0xff, 0xff, 0xff, 0xff, 0xff, 0xcf, 0xff, 0xff, },
{0xff, 0xf3, 0xff, 0xff, 0xff, 0xff, 0xff, 0xff, 0xff, 0xff, 0xcf, 0xff, 0xff, },
{0xff, 0xf3, 0xff, 0xff, 0xff, 0xff, 0xff, 0xff, 0xff, 0xff, 0xcf, 0xff, 0xff, },
{0xff, 0xf3, 0xff, 0xff, 0xff, 0xff, 0xff, 0xff, 0xff, 0xff, 0xcf, 0xff, 0xff, },
{0xff, 0xf3, 0xff, 0xff, 0xff, 0xff, 0xff, 0xff, 0xff, 0xff, 0xcf, 0xff, 0xff, },
{0xff, 0xf3, 0xff, 0xff, 0xff, 0xff, 0xff, 0xff, 0xff, 0xff, 0xcf, 0xff, 0xff, },
{0xff, 0xf3, 0xff, 0xff, 0xff, 0xff, 0xff, 0xff, 0xff, 0xff, 0xcf, 0xff, 0xff, },
{0xff, 0xf3, 0xff, 0xff, 0xff, 0xff, 0xff, 0xff, 0xff, 0xff, 0xcf, 0xff, 0xff, },
{0xff, 0xf3, 0xff, 0xff, 0xff, 0xff, 0xff, 0xff, 0xff, 0xff, 0xcf, 0xff, 0xc3, },
{0xff, 0xf3, 0xff, 0xff, 0xff, 0xff, 0xff, 0xff, 0xff, 0xff, 0xcf, 0xff, 0xfb, },
{0xff, 0xf3, 0xff, 0xff, 0xff, 0xff, 0xff, 0xff, 0xff, 0xff, 0xcf, 0x80, 0x1b, },
{0xff, 0xf3, 0xff, 0xff, 0xff, 0xff, 0xff, 0xff, 0xff, 0xff, 0xcf, 0xbb, 0xbb, },
{0xff, 0xf3, 0xff, 0xff, 0xff, 0xff, 0xff, 0xff, 0xff, 0xff, 0xcf, 0xbb, 0xbb, },
{0xff, 0xf3, 0xff, 0xff, 0xff, 0xff, 0xff, 0xff, 0xff, 0xff, 0xcf, 0xbb, 0xbb, },
{0xff, 0xf3, 0xff, 0xff, 0xff, 0xff, 0xff, 0xff, 0xff, 0xff, 0xcf, 0xbb, 0xbb, },
{0xff, 0xf3, 0xff, 0xff, 0xff, 0xff, 0xff, 0xff, 0xff, 0xff, 0xcc, 0x00, 0x07, },
{0xff, 0xf3, 0xff, 0xff, 0xff, 0xff, 0xff, 0xff, 0xff, 0xff, 0xcf, 0xbb, 0xbf, },
{0xff, 0xf3, 0xff, 0xff, 0xff, 0xff, 0xff, 0xff, 0xff, 0xff, 0xcf, 0xbb, 0xbf, },
{0xff, 0xf3, 0xff, 0xff, 0xff, 0xff, 0xff, 0xff, 0xff, 0xff, 0xcf, 0xbb, 0xbf, },
{0xff, 0xf3, 0xff, 0xff, 0xff, 0xff, 0xff, 0xff, 0xff, 0xff, 0xcf, 0xbb, 0xbf, },
{0xff, 0xf3, 0xff, 0xff, 0xff, 0xff, 0xff, 0xff, 0xff, 0xff, 0xcf, 0x80, 0x1f, },
{0xff, 0xf3, 0xff, 0xff, 0xff, 0xff, 0xff, 0xff, 0xff, 0xff, 0xcf, 0xff, 0xff, },
{0xff, 0xf3, 0xff, 0xff, 0xff, 0xff, 0xff, 0xff, 0xff, 0xff, 0xcf, 0xff, 0xff, },
{0xff, 0xf3, 0xff, 0xff, 0xff, 0xff, 0xff, 0xff, 0xff, 0xff, 0xcf, 0xff, 0xff, },
{0xff, 0xf3, 0xff, 0xff, 0xff, 0xff, 0xff, 0xff, 0xff, 0xff, 0xcf, 0x7f, 0xff, },
{0xff, 0xf3, 0xff, 0xff, 0xff, 0xff, 0xff, 0xff, 0xff, 0xff, 0xcf, 0x7f, 0xc3, },
{0xff, 0xf3, 0xff, 0xff, 0xff, 0xff, 0xff, 0xff, 0xff, 0xff, 0xcf, 0x79, 0xfb, },
{0xff, 0xf3, 0xff, 0xff, 0xff, 0xff, 0xff, 0xff, 0xff, 0xff, 0xcf, 0x73, 0xfb, },
{0xff, 0xf3, 0xff, 0xff, 0xff, 0xff, 0xff, 0xff, 0xff, 0xff, 0xcf, 0x6b, 0xfb, },
{0xff, 0xf3, 0xff, 0xff, 0xff, 0xff, 0xff, 0xff, 0xff, 0xff, 0xcf, 0x78, 0x07, },
{0xff, 0xf3, 0xff, 0xff, 0xff, 0xff, 0xff, 0xff, 0xff, 0xff, 0xcf, 0x7b, 0xff, },
{0xff, 0xf3, 0xff, 0xff, 0xff, 0xff, 0xff, 0xff, 0xff, 0xff, 0xce, 0x7b, 0xff, },
{0xff, 0xf3, 0xff, 0xff, 0xff, 0xff, 0xff, 0xff, 0xff, 0xff, 0xcd, 0x7b, 0xff, },
{0xff, 0xf3, 0xff, 0xff, 0xff, 0xff, 0xff, 0xff, 0xff, 0xff, 0xcf, 0x18, 0x3f, },
{0xff, 0xf3, 0xff, 0xff, 0xff, 0xff, 0xff, 0xff, 0xff, 0xff, 0xcf, 0x6b, 0xcf, },
{0xff, 0xf3, 0xff, 0xff, 0xff, 0xff, 0xff, 0xff, 0xff, 0xff, 0xcf, 0x73, 0xf7, },
{0xff, 0xf3, 0xff, 0xff, 0xff, 0xff, 0xff, 0xff, 0xff, 0xff, 0xcf, 0x7b, 0xfb, },
{0xff, 0xf3, 0xff, 0xff, 0xff, 0xff, 0xff, 0xff, 0xff, 0xff, 0xcf, 0x7f, 0xfb, },
{0xff, 0xf3, 0xff, 0xff, 0xff, 0xff, 0xff, 0xff, 0xff, 0xff, 0xcf, 0x7f, 0xff, },
{0xff, 0xf3, 0xff, 0xff, 0xff, 0xff, 0xff, 0xff, 0xff, 0xff, 0xcf, 0xff, 0xff, },
{0xff, 0xf3, 0xff, 0xff, 0xff, 0xff, 0xff, 0xff, 0xff, 0xff, 0xcf, 0xf7, 0xff, },
{0xff, 0xf3, 0xff, 0xff, 0xff, 0xff, 0xff, 0xff, 0xff, 0xff, 0xcf, 0x77, 0xff, },
{0xff, 0xf3, 0xff, 0xff, 0xff, 0xff, 0xff, 0xff, 0xff, 0xff, 0xcf, 0x54, 0x07, },
{0xff, 0xf3, 0xff, 0xff, 0xff, 0xff, 0xff, 0xff, 0xff, 0xff, 0xcf, 0x55, 0x5b, },
{0xff, 0xf3, 0xff, 0xff, 0xff, 0xff, 0xff, 0xff, 0xff, 0xff, 0xcf, 0x55, 0x57, },
{0xff, 0xf3, 0xff, 0xff, 0xff, 0xff, 0xff, 0xff, 0xff, 0xff, 0xcc, 0x05, 0x5f, },
{0xff, 0xf3, 0xff, 0xff, 0xff, 0xff, 0xff, 0xff, 0xff, 0xff, 0xcf, 0x55, 0x5f, },
{0xff, 0xf3, 0xff, 0xff, 0xff, 0xff, 0xff, 0xff, 0xff, 0xff, 0xcf, 0x55, 0x5f, },
{0xff, 0xf3, 0xff, 0xff, 0xff, 0xff, 0xff, 0xff, 0xff, 0xff, 0xcf, 0x54, 0x03, },
{0xff, 0xf3, 0xff, 0xff, 0xff, 0xff, 0xff, 0xff, 0xff, 0xff, 0xcf, 0x77, 0xff, },
{0xff, 0xf3, 0xff, 0xff, 0xff, 0xff, 0xff, 0xff, 0xff, 0xff, 0xcf, 0xff, 0xdf, },
{0xff, 0xf3, 0xff, 0xff, 0xff, 0xff, 0xff, 0xff, 0xff, 0xff, 0xcf, 0xff, 0xef, },
{0xff, 0xf3, 0xff, 0xff, 0xff, 0xff, 0xff, 0xff, 0xff, 0xff, 0xcf, 0x30, 0x07, },
{0xff, 0xf3, 0xff, 0xff, 0xff, 0xff, 0xff, 0xff, 0xff, 0xff, 0xce, 0xf7, 0xff, },
{0xff, 0xf3, 0xff, 0xff, 0xff, 0xff, 0xff, 0xff, 0xff, 0xff, 0xcf, 0xf7, 0xff, },
{0xff, 0xf3, 0xff, 0xff, 0xff, 0xff, 0xff, 0xff, 0xff, 0xff, 0xcf, 0xff, 0xff, },
{0xff, 0xf3, 0xff, 0xff, 0xff, 0xff, 0xff, 0xff, 0xff, 0xff, 0xcf, 0xff, 0xff, },
{0xff, 0xf3, 0xff, 0xff, 0xff, 0xff, 0xff, 0xff, 0xff, 0xff, 0xcf, 0xff, 0xff, },
{0xff, 0xf3, 0xff, 0xff, 0xff, 0xff, 0xff, 0xff, 0xff, 0xff, 0xcf, 0xff, 0xff, },
{0xff, 0xf3, 0xff, 0xff, 0xff, 0xff, 0xff, 0xff, 0xff, 0xff, 0xcf, 0xff, 0xff, },
{0xff, 0xf3, 0xff, 0xff, 0xff, 0xff, 0xff, 0xff, 0xff, 0xff, 0xcf, 0xff, 0xff, },
{0xff, 0xf3, 0xff, 0xff, 0xff, 0x87, 0xff, 0xff, 0xff, 0xff, 0xcf, 0xff, 0xff, },
{0xff, 0xf3, 0xff, 0xff, 0xff, 0x03, 0xff, 0xff, 0xff, 0xff, 0xcf, 0xff, 0xff, },
{0xff, 0xf3, 0xff, 0xff, 0xff, 0x10, 0xff, 0xff, 0xff, 0xff, 0xcf, 0xff, 0xff, },
{0xff, 0xf3, 0xff, 0xff, 0xff, 0x18, 0x7f, 0xff, 0xff, 0xff, 0xcf, 0xfb, 0x83, },
{0xff, 0xf3, 0xff, 0xff, 0xff, 0x1c, 0x1f, 0xff, 0xff, 0xff, 0xce, 0xfb, 0xf7, },
{0xff, 0xf3, 0xff, 0xff, 0xff, 0x1f, 0x0f, 0xff, 0xff, 0xff, 0xcc, 0xfb, 0xcf, },
{0xff, 0xf3, 0xff, 0xff, 0xff, 0x1f, 0x87, 0xff, 0xff, 0xff, 0xce, 0xfa, 0x3b, },
{0xff, 0xf3, 0xff, 0xff, 0xff, 0x1f, 0xe1, 0xff, 0xff, 0xff, 0xce, 0x01, 0xf7, },
{0xff, 0xf3, 0xff, 0xff, 0xff, 0x1f, 0xf0, 0xff, 0xff, 0xff, 0xcf, 0x7b, 0xff, },
{0xff, 0xf3, 0xff, 0xff, 0xff, 0x1f, 0xf8, 0x7f, 0xff, 0xff, 0xcf, 0x7b, 0xef, },
{0xff, 0xf3, 0xff, 0xff, 0xff, 0x1f, 0xfe, 0x1f, 0xff, 0xff, 0xcf, 0x7b, 0xf7, },
{0xff, 0xf3, 0xc0, 0x00, 0x00, 0x1f, 0xff, 0x0f, 0xff, 0xff, 0xcf, 0x00, 0x03, },
{0xff, 0xf3, 0xc0, 0x00, 0x00, 0x1f, 0xff, 0xc3, 0xff, 0xff, 0xcf, 0xff, 0xff, },
{0xff, 0xf3, 0xe0, 0x00, 0x00, 0x3f, 0xff, 0xe1, 0xff, 0xff, 0xcc, 0x7f, 0xff, },
{0xff, 0xf3, 0xf8, 0x7f, 0xff, 0xff, 0xff, 0xf8, 0xff, 0xff, 0xcf, 0x80, 0x03, },
{0xff, 0xf3, 0xfc, 0x3f, 0xff, 0xff, 0xff, 0xfc, 0x3f, 0xff, 0xcf, 0xe7, 0xff, },
{0xff, 0xf3, 0xff, 0x0f, 0xff, 0xff, 0xff, 0xfe, 0x1f, 0xff, 0xcf, 0xfb, 0xff, },
{0xff, 0xf3, 0xff, 0x83, 0xff, 0xff, 0xff, 0xff, 0x87, 0xff, 0xcf, 0xfd, 0xff, },
{0xff, 0xf3, 0xff, 0xe1, 0xff, 0xff, 0xff, 0xff, 0xc3, 0xff, 0xcf, 0xff, 0xff, },
{0xff, 0xf3, 0xff, 0xf8, 0x7f, 0xff, 0xf8, 0x1f, 0xe1, 0xff, 0xcf, 0xef, 0xff, },
{0xff, 0xf3, 0xff, 0xfc, 0x3f, 0xff, 0xf0, 0x01, 0xf8, 0x7f, 0xcf, 0xef, 0xfb, },
{0xff, 0xf3, 0xff, 0xff, 0x0f, 0xff, 0xf1, 0x80, 0x1c, 0x3f, 0xcf, 0xef, 0xfb, },
{0xff, 0xf3, 0xff, 0xff, 0x87, 0xff, 0xf1, 0xf8, 0x02, 0x1f, 0xce, 0x08, 0x2b, },
{0xff, 0xf3, 0xff, 0xff, 0xe1, 0xff, 0xf1, 0xff, 0x80, 0x07, 0xce, 0xaa, 0xab, },
{0xff, 0xf3, 0xff, 0xff, 0xf0, 0x7f, 0xf1, 0xff, 0xf8, 0x03, 0xce, 0xaa, 0xab, },
{0xff, 0xf3, 0xff, 0xff, 0xfc, 0x3f, 0xf1, 0xff, 0xff, 0x83, 0xce, 0xaa, 0xab, },
{0xff, 0xf3, 0xff, 0xff, 0xfe, 0x0f, 0xf1, 0xff, 0xff, 0xf3, 0xce, 0xa8, 0x03, },
{0xff, 0xf3, 0xff, 0xff, 0xff, 0x87, 0xf1, 0xff, 0xff, 0xff, 0xce, 0xaa, 0xab, },
{0xff, 0xf3, 0xff, 0xff, 0xff, 0xe1, 0xf1, 0xff, 0xff, 0xff, 0xce, 0xaa, 0xab, },
{0xff, 0xf3, 0xff, 0xff, 0xff, 0xf0, 0x71, 0xff, 0xff, 0xff, 0xce, 0xaa, 0xab, },
{0xff, 0xf3, 0xff, 0xff, 0xff, 0xfc, 0x31, 0xff, 0xff, 0xff, 0xce, 0x08, 0x2b, },
{0xff, 0xf3, 0xff, 0xff, 0xff, 0xfe, 0x01, 0xff, 0xff, 0xff, 0xcf, 0xef, 0xfb, },
{0xff, 0xf3, 0xff, 0xff, 0xff, 0xff, 0x81, 0xff, 0xff, 0xff, 0xcf, 0xef, 0xfb, },
{0xff, 0xf3, 0xff, 0xff, 0xff, 0xff, 0xc1, 0xff, 0xff, 0xff, 0xcf, 0xef, 0xff, },
{0xff, 0xf3, 0xff, 0xff, 0xff, 0xff, 0xf3, 0xff, 0xff, 0xff, 0xcf, 0xff, 0xff, },
{0xff, 0xf3, 0xff, 0xff, 0xff, 0xff, 0xff, 0xff, 0xff, 0xff, 0xcf, 0xff, 0xc3, },
{0xff, 0xf3, 0xff, 0xff, 0xff, 0xff, 0xff, 0xff, 0xff, 0xff, 0xcf, 0xff, 0xfb, },
{0xff, 0xf3, 0xff, 0xff, 0xff, 0xff, 0xff, 0xff, 0xff, 0xff, 0xcf, 0x80, 0x1b, },
{0xff, 0xf3, 0xff, 0xff, 0xff, 0xff, 0xff, 0xff, 0xff, 0xff, 0xcf, 0xbb, 0xbb, },
{0xff, 0xf3, 0xff, 0xff, 0xff, 0xff, 0xff, 0xff, 0xff, 0xff, 0xcf, 0xbb, 0xbb, },
{0xff, 0xf3, 0xff, 0xff, 0xff, 0xff, 0xff, 0xff, 0xff, 0xff, 0xcf, 0xbb, 0xbb, },
{0xff, 0xf3, 0xff, 0xff, 0xff, 0xff, 0xff, 0xff, 0xff, 0xff, 0xcf, 0xbb, 0xbb, },
{0xff, 0xf3, 0xff, 0xff, 0xff, 0xff, 0xff, 0xff, 0xff, 0xff, 0xcc, 0x00, 0x07, },
{0xff, 0xf3, 0xff, 0xff, 0xff, 0xff, 0xff, 0xff, 0xff, 0xff, 0xcf, 0xbb, 0xbf, },
{0xff, 0xf3, 0xff, 0xff, 0xff, 0xff, 0xff, 0xff, 0xff, 0xff, 0xcf, 0xbb, 0xbf, },
{0xff, 0xf3, 0xff, 0xff, 0xff, 0xff, 0xff, 0xff, 0xff, 0xff, 0xcf, 0xbb, 0xbf, },
{0xff, 0xf3, 0xff, 0xff, 0xff, 0xff, 0xff, 0xff, 0xff, 0xff, 0xcf, 0xbb, 0xbf, },
{0xff, 0xf3, 0xff, 0xff, 0xff, 0xff, 0xff, 0xff, 0xff, 0xff, 0xcf, 0x80, 0x1f, },
{0xff, 0xf3, 0xff, 0xff, 0xff, 0xff, 0xff, 0xff, 0xff, 0xff, 0xcf, 0xff, 0xff, },
{0xff, 0xf3, 0xff, 0xff, 0xff, 0xff, 0xff, 0xff, 0xff, 0xff, 0xcf, 0xff, 0xff, },
{0xff, 0xf3, 0xff, 0xff, 0xff, 0xff, 0xff, 0xff, 0xff, 0xff, 0xcf, 0xff, 0xff, },
{0xff, 0xf3, 0xff, 0xff, 0xff, 0xff, 0xff, 0xff, 0xff, 0xff, 0xcf, 0xff, 0xff, },
{0xff, 0xf3, 0xff, 0xff, 0xff, 0xff, 0xff, 0xff, 0xff, 0xff, 0xcf, 0xff, 0xff, },
{0xff, 0xf3, 0xff, 0xff, 0xff, 0xff, 0xff, 0xff, 0xff, 0xff, 0xcf, 0xff, 0xff, },
{0xff, 0xf3, 0xff, 0xff, 0xff, 0xff, 0xff, 0xff, 0xff, 0xff, 0xcf, 0xff, 0xff, },
{0xff, 0xf3, 0xff, 0xff, 0xff, 0xff, 0xff, 0xff, 0xff, 0xff, 0xcf, 0xff, 0xff, },
{0xff, 0xf3, 0xff, 0xff, 0xff, 0xff, 0xff, 0xff, 0xff, 0xff, 0xcf, 0xff, 0xff, },
{0xff, 0xf3, 0xff, 0xff, 0xff, 0xff, 0xff, 0xff, 0xff, 0xff, 0xcf, 0xff, 0xff, },
{0xff, 0xf3, 0xff, 0xff, 0xff, 0xff, 0xff, 0xff, 0xff, 0xff, 0xcf, 0xff, 0xff, },
{0xff, 0xf3, 0xff, 0xff, 0xff, 0xff, 0xff, 0xff, 0xff, 0xff, 0xcf, 0xff, 0xff, },
{0xff, 0xf3, 0xff, 0xff, 0xff, 0xff, 0xff, 0xff, 0xff, 0xff, 0xcf, 0xff, 0xff, },
{0xff, 0xf3, 0xff, 0xff, 0xff, 0xff, 0xff, 0xff, 0xff, 0xff, 0xcf, 0xff, 0xff, },
{0xff, 0xf3, 0xff, 0xff, 0xff, 0xff, 0xff, 0xff, 0xff, 0xff, 0xcf, 0xff, 0xff, },
{0xff, 0xf3, 0xff, 0xff, 0xff, 0xff, 0xff, 0xff, 0xff, 0xff, 0xcf, 0xff, 0xff, },
{0xff, 0xf3, 0xff, 0xff, 0xff, 0xff, 0xff, 0xff, 0xff, 0xff, 0xcf, 0xff, 0xff, },
{0xff, 0xf3, 0xff, 0xff, 0xff, 0xff, 0xff, 0xff, 0xff, 0xff, 0xcf, 0xff, 0xff, },
{0xff, 0xf3, 0xff, 0xff, 0xff, 0xff, 0xff, 0xff, 0xff, 0xff, 0xcf, 0xff, 0xff, },
{0xff, 0xf3, 0xff, 0xff, 0xff, 0xff, 0xff, 0xff, 0xff, 0xff, 0xcf, 0xff, 0xff, },
{0xff, 0xf3, 0xff, 0xff, 0xff, 0xff, 0xff, 0xff, 0xff, 0xff, 0xcf, 0xff, 0xff, },
{0xff, 0xf3, 0xff, 0xff, 0xff, 0xff, 0xff, 0xff, 0xff, 0xff, 0xcf, 0xff, 0xff, },
{0xff, 0xf3, 0xff, 0xff, 0xff, 0xff, 0xff, 0xff, 0xff, 0xff, 0xcf, 0xff, 0xff, },
{0xff, 0xf3, 0xff, 0xff, 0xff, 0xff, 0xff, 0xff, 0xff, 0xff, 0xcf, 0xff, 0xff, },
{0xff, 0xf3, 0xff, 0xff, 0xff, 0xff, 0xff, 0xff, 0xff, 0xff, 0xcf, 0xff, 0xff, },
{0xff, 0xf3, 0xff, 0xff, 0xff, 0xff, 0xff, 0xff, 0xff, 0xff, 0xcf, 0xff, 0xff, },
{0xff, 0xf3, 0xff, 0xff, 0xff, 0xff, 0xff, 0xff, 0xff, 0xff, 0xcf, 0xff, 0xff, },
{0xff, 0xf3, 0xff, 0xff, 0xff, 0xff, 0xff, 0xff, 0xff, 0xff, 0xcf, 0xff, 0xff, },
{0xff, 0xf3, 0xff, 0xff, 0xff, 0xff, 0xff, 0xff, 0xff, 0xff, 0xcf, 0xff, 0xff, },
{0xff, 0xf3, 0xff, 0xff, 0xff, 0xff, 0xff, 0xff, 0xff, 0xff, 0xcf, 0xff, 0xff, },
{0xff, 0xf3, 0xff, 0xff, 0xff, 0xff, 0xff, 0xff, 0xff, 0xff, 0xcf, 0xff, 0xff, },
{0xff, 0xf0, 0x00, 0x00, 0x00, 0x00, 0x00, 0x00, 0x00, 0x00, 0x0f, 0xff, 0xff, },
{0xff, 0xf0, 0x00, 0x00, 0x00, 0x00, 0x00, 0x00, 0x00, 0x00, 0x0f, 0xff, 0xff, },
{0xff, 0xff, 0xff, 0xf9, 0xff, 0xff, 0xfe, 0x3f, 0xff, 0xff, 0xff, 0xff, 0xff, },
{0xff, 0xff, 0xff, 0xf9, 0xff, 0xff, 0xfe, 0x3f, 0xff, 0xff, 0xff, 0xff, 0xff, },
{0xff, 0xff, 0xff, 0xf9, 0xff, 0xff, 0xfe, 0x3f, 0xff, 0xff, 0xff, 0xff, 0xff, },
{0xff, 0xff, 0xff, 0xf9, 0xff, 0xff, 0xfe, 0x3f, 0xff, 0xff, 0xff, 0xff, 0xff, },
{0xff, 0xff, 0xff, 0xf9, 0xff, 0xff, 0xfe, 0x3f, 0xff, 0xff, 0xff, 0xff, 0xff, },
{0xff, 0xff, 0xff, 0xf9, 0xff, 0xff, 0xfe, 0x3f, 0xff, 0xff, 0xff, 0xff, 0xff, },
{0xff, 0xff, 0xff, 0xf9, 0xff, 0xff, 0xfe, 0x3f, 0xff, 0xff, 0xff, 0xff, 0xff, },
{0xff, 0xff, 0xff, 0xf8, 0x00, 0x00, 0x00, 0x3f, 0xff, 0xff, 0xff, 0xff, 0xff, },
{0xff, 0xff, 0xff, 0xf8, 0x00, 0x00, 0x00, 0x3f, 0xff, 0xff, 0xff, 0xff, 0xff, },
{0xff, 0xff, 0xff, 0xff, 0xff, 0xff, 0xff, 0xff, 0xff, 0xff, 0xff, 0xff, 0xff, },
{0xff, 0xff, 0xff, 0xff, 0xff, 0xff, 0xff, 0xff, 0xff, 0xff, 0xff, 0xff, 0xff, },
{0xff, 0xff, 0xff, 0xff, 0xff, 0xff, 0xff, 0xff, 0xff, 0xff, 0xff, 0xff, 0xff, },
{0xff, 0xff, 0xff, 0xff, 0xff, 0xff, 0xff, 0xff, 0xff, 0xff, 0xff, 0xff, 0xff, },
{0xff, 0xff, 0xff, 0xff, 0xff, 0xff, 0xff, 0xff, 0xff, 0xff, 0xff, 0xff, 0xff, },
{0xff, 0xff, 0xff, 0xff, 0xff, 0xff, 0xff, 0xff, 0xff, 0xff, 0xff, 0xff, 0xff, },
{0xff, 0xff, 0xff, 0xff, 0xff, 0xff, 0xff, 0xff, 0xff, 0xff, 0xff, 0xff, 0xff, },
{0xff, 0xff, 0xff, 0xff, 0xff, 0xff, 0xff, 0xff, 0xff, 0xff, 0xff, 0xff, 0xff, },
{0xff, 0xff, 0xff, 0xff, 0xff, 0xff, 0xff, 0xff, 0xff, 0xff, 0xff, 0xff, 0xff, },
{0xff, 0xff, 0xff, 0xff, 0xff, 0xff, 0xff, 0xff, 0xff, 0xff, 0xff, 0xff, 0xff, },
{0xff, 0xff, 0xff, 0xff, 0xff, 0xff, 0xff, 0xff, 0xff, 0xff, 0xff, 0xff, 0xff, },
{0xff, 0xff, 0xff, 0xff, 0xff, 0xff, 0xff, 0xff, 0xff, 0xff, 0xff, 0xff, 0xff, },
{0xff, 0xff, 0xff, 0xff, 0xff, 0xff, 0xff, 0xff, 0xff, 0xff, 0xff, 0xff, 0xff, },
{0xff, 0xff, 0xff, 0xff, 0xff, 0xff, 0xff, 0xff, 0xff, 0xff, 0xff, 0xff, 0xff, },
{0xff, 0xff, 0xff, 0xff, 0xff, 0xff, 0xff, 0xff, 0xff, 0xff, 0xff, 0xff, 0xff, },
{0xff, 0xff, 0xff, 0xff, 0xff, 0xff, 0xff, 0xff, 0xff, 0xff, 0xff, 0xff, 0xff, },
{0xff, 0xff, 0xff, 0xff, 0xff, 0xff, 0xff, 0xff, 0xff, 0xff, 0xff, 0xff, 0xff, },
{0xff, 0xff, 0xff, 0xff, 0xff, 0xff, 0xff, 0xff, 0xff, 0xff, 0xff, 0xff, 0xff, },
{0xff, 0xff, 0xff, 0xff, 0xff, 0xff, 0xff, 0xff, 0xff, 0xff, 0xff, 0xff, 0xff, },
{0xff, 0xff, 0xff, 0xff, 0xff, 0xff, 0xff, 0xff, 0xff, 0xff, 0xff, 0xff, 0xff, },
{0xff, 0xff, 0xff, 0xff, 0xff, 0xff, 0xff, 0xff, 0xff, 0xff, 0xff, 0xff, 0xff, },
{0xff, 0xff, 0xff, 0xff, 0xff, 0xff, 0xff, 0xff, 0xff, 0xff, 0xff, 0xff, 0xff, },
{0xff, 0xff, 0xff, 0xff, 0xff, 0xff, 0xff, 0xff, 0xff, 0xff, 0xff, 0xff, 0xff, },
}; /*black layer inscription*/
#endif

/*************************** 250x122 resolution material *****************************************************/
#if (EINK_MODEL== EINK_MODEL_SSD1680_250X122)||(EINK_MODEL== EINK_MODEL_UD8251_250X122)
const unsigned char part_wifi[] = { /*Black layer inscription height 24 width 22*/
0xff, 0x03, 0xff, 
0xfe, 0x01, 0xff, 
0xfe, 0xe1, 0xff, 
0xfc, 0x18, 0xff, 
0xfc, 0xf0, 0xff, 
0xfc, 0x18, 0xff, 
0xf8, 0xe0, 0xff, 
0xf0, 0x00, 0x7f, 
0xe0, 0xb8, 0x3f, 
0xe0, 0x00, 0x3f, 
0xe0, 0x06, 0x3f, 
0xe0, 0x1e, 0x3f, 
0xe0, 0x7e, 0x3f, 
0xe1, 0xfe, 0x3f, 
0xf1, 0x06, 0x7f, 
0xf9, 0x5e, 0xff, 
0xfd, 0x5e, 0xff, 
0xfd, 0xfe, 0xff, 
0xfd, 0x46, 0xff, 
0xfd, 0xfd, 0xff, 
0xfe, 0xfb, 0xff, 
0xff, 0x07, 0xff, 
}; /*black layer inscription*/

const unsigned char part_clock[] = { /*black layer inscription*/
0xff, 0xff, 0xff, 
0xff, 0xff, 0xff, 
0xff, 0xff, 0xff, 
0xff, 0x07, 0xff, 
0xfc, 0x01, 0xff, 
0xf8, 0xf8, 0xff, 
0xf1, 0xfc, 0x7f, 
0xf3, 0xfe, 0x7f, 
0xe7, 0xdf, 0x3f, 
0xe7, 0xcf, 0x3f, 
0xe7, 0xcf, 0x3f, 
0xec, 0x0f, 0x3f, 
0xe8, 0x0f, 0x3f, 
0xe7, 0xff, 0x3f, 
0xe7, 0xff, 0x3f, 
0xf3, 0xfe, 0x7f, 
0xf1, 0xfc, 0x7f, 
0xf8, 0xf0, 0xff, 
0xfc, 0x03, 0xff, 
0xff, 0x07, 0xff, 
0xff, 0xff, 0xff, 
0xff, 0xff, 0xff, 
}; /*black layer inscription*/

const unsigned char part_today[] = { /*Black layer inscription height 24 width 48*/
0xf9, 0xff, 0xff, 
0xfb, 0xff, 0xff, 
0xfb, 0xfe, 0xff, 
0xf8, 0x00, 0xff, 
0xfb, 0xfe, 0xff, 
0xfb, 0xff, 0xff, 
0xf9, 0xff, 0xff, 
0xff, 0xff, 0xff, 
0xff, 0xff, 0xff, 
0xff, 0xc1, 0xff, 
0xff, 0xbe, 0xff, 
0xff, 0xbe, 0xff, 
0xff, 0xbe, 0xff, 
0xff, 0xbe, 0xff, 
0xff, 0xc1, 0xff, 
0xff, 0xff, 0xff, 
0xff, 0xff, 0xff, 
0xff, 0xc1, 0xff, 
0xff, 0xbe, 0xff, 
0xff, 0xbe, 0xff, 
0xff, 0xbe, 0xff, 
0xfd, 0xbd, 0xff, 
0xfc, 0x00, 0xff, 
0xff, 0xfe, 0xff, 
0xff, 0xff, 0xff, 
0xff, 0xd9, 0xff, 
0xff, 0xb6, 0xff, 
0xff, 0xb6, 0xff, 
0xff, 0xad, 0xff, 
0xff, 0xc0, 0xff, 
0xff, 0xfe, 0xff, 
0xff, 0xff, 0xff, 
0xff, 0xbf, 0xff, 
0xff, 0x9f, 0xbf, 
0xff, 0xa7, 0xbf, 
0xff, 0xf8, 0x7f, 
0xff, 0xf9, 0xff, 
0xff, 0xa7, 0xff, 
0xff, 0x9f, 0xff, 
0xff, 0xbf, 0xff, 
0xff, 0xff, 0xff, 
0xff, 0xff, 0xff, 
0xff, 0xff, 0xff, 
0xff, 0x3c, 0xff, 
0xff, 0x3c, 0xff, 
0xff, 0xff, 0xff, 
0xff, 0xff, 0xff, 
0xff, 0xff, 0xff, 
}; /*black layer inscription*/

const unsigned char part_work[] = { /*Black layer inscription height 24 width 32*/
0xfb, 0xff, 0xff, 
0xf8, 0x0f, 0xff, 
0xff, 0xe0, 0xff, 
0xf8, 0x1f, 0xff, 
0xff, 0xe0, 0xff, 
0xf8, 0x0f, 0xff, 
0xfb, 0xff, 0xff, 
0xff, 0xff, 0xff, 
0xff, 0xff, 0xff, 
0xff, 0xc1, 0xff, 
0xff, 0xbe, 0xff, 
0xff, 0xbe, 0xff, 
0xff, 0xbe, 0xff, 
0xff, 0xbe, 0xff, 
0xff, 0xc1, 0xff, 
0xff, 0xff, 0xff, 
0xff, 0xbe, 0xff, 
0xff, 0xbe, 0xff, 
0xff, 0x80, 0xff, 
0xff, 0xde, 0xff, 
0xff, 0xbe, 0xff, 
0xff, 0xbf, 0xff, 
0xff, 0x9f, 0xff, 
0xff, 0xff, 0xff, 
0xfd, 0xfe, 0xff, 
0xfc, 0x00, 0xff, 
0xff, 0xf6, 0xff, 
0xff, 0xe7, 0xff, 
0xff, 0x9a, 0xff, 
0xff, 0xbc, 0xff, 
0xff, 0xbe, 0xff, 
0xff, 0xff, 0xff, 
}; /*black layer inscription*/

const unsigned char part_sleep[] = { /*Black layer inscription, height 24, width 40*/
0xff, 0xff, 0xff, 
0xfc, 0x78, 0xff, 
0xfb, 0xbe, 0xff, 
0xfb, 0xde, 0xff, 
0xfb, 0xde, 0xff, 
0xfb, 0xee, 0xff, 
0xf8, 0xf1, 0xff, 
0xff, 0xff, 0xff, 
0xff, 0xff, 0xff, 
0xfd, 0xfe, 0xff, 
0xfd, 0xfe, 0xff, 
0xf8, 0x00, 0xff, 
0xff, 0xfe, 0xff, 
0xff, 0xfe, 0xff, 
0xff, 0xff, 0xff, 
0xff, 0xff, 0xff, 
0xff, 0xff, 0xff, 
0xff, 0xc1, 0xff, 
0xff, 0xb6, 0xff, 
0xff, 0xb6, 0xff, 
0xff, 0xb6, 0xff, 
0xff, 0xb6, 0xff, 
0xff, 0xc5, 0xff, 
0xff, 0xff, 0xff, 
0xff, 0xff, 0xff, 
0xff, 0xc1, 0xff, 
0xff, 0xb6, 0xff, 
0xff, 0xb6, 0xff, 
0xff, 0xb6, 0xff, 
0xff, 0xb6, 0xff, 
0xff, 0xc5, 0xff, 
0xff, 0xff, 0xff, 
0xff, 0xbf, 0xbf, 
0xff, 0x80, 0x3f, 
0xff, 0xdd, 0xbf, 
0xff, 0xbe, 0xff, 
0xff, 0xbe, 0xff, 
0xff, 0xdd, 0xff, 
0xff, 0xe3, 0xff, 
0xff, 0xff, 0xff, 
}; /*black layer inscription*/
#endif

/*************************** 212x104 resolution material *****************************************************/
#if (EINK_MODEL== EINK_MODEL_SSD1680_212X104)||(EINK_MODEL== EINK_MODEL_PERVASIVE_212X104)
const unsigned char part_wifi[] = { /*Black layer inscription, height 16, width 22*/
0xfc, 0x0f, 
0xf8, 0x07, 
0xfb, 0x87, 
0xf0, 0x63, 
0xf3, 0xc3, 
0xf0, 0x63, 
0xe3, 0x83, 
0xc0, 0x01, 
0x82, 0xe0, 
0x80, 0x00, 
0x80, 0x18, 
0x80, 0x78, 
0x81, 0xf8, 
0x87, 0xf8, 
0xc4, 0x19, 
0xe5, 0x7b, 
0xf5, 0x7b, 
0xf7, 0xfb, 
0xf5, 0x1b, 
0xf7, 0xf7, 
0xfb, 0xef, 
0xfc, 0x1f, 
}; /*black layer inscription*/


const unsigned char part_clock[] = { /*black layer inscription*/
0xff, 0xff,
0xff, 0xff,
0xff, 0xff,
0xfc, 0x1f,
0xf0, 0x07,
0xe3, 0xe3,
0xc7, 0xf1,
0xcf, 0xf9,
0x9f, 0x7c,
0x9f, 0x3c,
0x9f, 0x3c,
0xb0, 0x3c,
0xa0, 0x3c,
0x9f, 0xfc,
0x9f, 0xfc,
0xcf, 0xf9,
0xc7, 0xf1,
0xe3, 0xc3,
0xf0, 0x0f,
0xfc, 0x1f,
0xff, 0xff,
0xff, 0xff,
}; /*black layer inscription*/

const unsigned char part_today[] = { /*Black layer inscription, height 16, width 48*/
0xcf, 0xff, 
0xdf, 0xff, 
0xdf, 0xf7, 
0xc0, 0x07, 
0xdf, 0xf7, 
0xdf, 0xff, 
0xcf, 0xff, 
0xff, 0xff, 
0xff, 0xff, 
0xfe, 0x0f, 
0xfd, 0xf7, 
0xfd, 0xf7, 
0xfd, 0xf7, 
0xfd, 0xf7, 
0xfe, 0x0f, 
0xff, 0xff, 
0xff, 0xff, 
0xfe, 0x0f, 
0xfd, 0xf7, 
0xfd, 0xf7, 
0xfd, 0xf7, 
0xed, 0xef, 
0xe0, 0x07, 
0xff, 0xf7, 
0xff, 0xff, 
0xfe, 0xcf, 
0xfd, 0xb7, 
0xfd, 0xb7, 
0xfd, 0x6f, 
0xfe, 0x07, 
0xff, 0xf7, 
0xff, 0xff, 
0xfd, 0xff, 
0xfc, 0xfd, 
0xfd, 0x3d, 
0xff, 0xc3, 
0xff, 0xcf, 
0xfd, 0x3f, 
0xfc, 0xff, 
0xfd, 0xff, 
0xff, 0xff, 
0xff, 0xff, 
0xff, 0xff, 
0xf9, 0xe7, 
0xf9, 0xe7, 
0xff, 0xff, 
0xff, 0xff, 
0xff, 0xff, 
}; /*black layer inscription*/

const unsigned char part_work[] = { /*Black layer inscription, height 16, width 32*/
0xef, 0xff, 
0xe0, 0x3f, 
0xff, 0x83, 
0xe0, 0x7f, 
0xff, 0x83, 
0xe0, 0x3f, 
0xef, 0xff, 
0xff, 0xff, 
0xff, 0xff, 
0xff, 0x07, 
0xfe, 0xfb, 
0xfe, 0xfb, 
0xfe, 0xfb, 
0xfe, 0xfb, 
0xff, 0x07, 
0xff, 0xff, 
0xfe, 0xfb, 
0xfe, 0xfb, 
0xfe, 0x03, 
0xff, 0x7b, 
0xfe, 0xfb, 
0xfe, 0xff, 
0xfe, 0x7f, 
0xff, 0xff, 
0xf7, 0xfb, 
0xf0, 0x03, 
0xff, 0xdb, 
0xff, 0x9f, 
0xfe, 0x6b, 
0xfe, 0xf3, 
0xfe, 0xfb, 
0xff, 0xff, 
}; /*black layer inscription*/

const unsigned char part_sleep[] = { /*Black layer inscription, height 16, width 40*/
0xff, 0xff, 
0xe3, 0xc7, 
0xdd, 0xf7, 
0xde, 0xf7, 
0xde, 0xf7, 
0xdf, 0x77, 
0xc7, 0x8f, 
0xff, 0xff, 
0xff, 0xff, 
0xef, 0xf7, 
0xef, 0xf7, 
0xc0, 0x07, 
0xff, 0xf7, 
0xff, 0xf7, 
0xff, 0xff, 
0xff, 0xff, 
0xff, 0xff, 
0xfe, 0x0f, 
0xfd, 0xb7, 
0xfd, 0xb7, 
0xfd, 0xb7, 
0xfd, 0xb7, 
0xfe, 0x2f, 
0xff, 0xff, 
0xff, 0xff, 
0xfe, 0x0f, 
0xfd, 0xb7, 
0xfd, 0xb7, 
0xfd, 0xb7, 
0xfd, 0xb7, 
0xfe, 0x2f, 
0xff, 0xff, 
0xfd, 0xfd, 
0xfc, 0x01, 
0xfe, 0xed, 
0xfd, 0xf7, 
0xfd, 0xf7, 
0xfe, 0xef, 
0xff, 0x1f, 
0xff, 0xff, 
}; /*black layer inscription*/
#endif


const unsigned char part_litNum[16][16] = { /*Black layer inscription, height 16, width 128*/
{ /*Character 0*/
0xff, 0xff, 
0xf8, 0x0f, 
0xf7, 0xf7, 
0xef, 0xfb, 
0xef, 0xfb, 
0xf7, 0xf7, 
0xf8, 0x0f, 
0xff, 0xff, 
}, /*Character 0*/
{ /*Character 1*/
0xff, 0xff, 
0xff, 0xff, 
0xf7, 0xfb, 
0xf7, 0xfb, 
0xe0, 0x03, 
0xff, 0xfb, 
0xff, 0xfb, 
0xff, 0xff, 
}, /*Character 1*/
{ /*Character 2*/
0xff, 0xff, 
0xf1, 0xf3, 
0xef, 0xeb, 
0xef, 0xdb, 
0xef, 0xbb, 
0xef, 0x7b, 
0xf0, 0xf3, 
0xff, 0xff, 
}, /*Character 2*/
{ /*Character 3*/
0xff, 0xff, 
0xf3, 0xe7, 
0xef, 0xfb, 
0xef, 0x7b, 
0xef, 0x7b, 
0xee, 0xbb, 
0xf1, 0xc7, 
0xff, 0xff, 
}, /*Character 3*/
{ /*Character 4*/
0xff, 0xff, 
0xff, 0x9f, 
0xfe, 0x5f, 
0xfd, 0xdb, 
0xf3, 0xdb, 
0xe0, 0x03, 
0xff, 0xdb, 
0xff, 0xdb, 
}, /*Character 4*/
{ /*Character 5*/
0xff, 0xff, 
0xe0, 0x67, 
0xee, 0xfb, 
0xee, 0xfb, 
0xee, 0xfb, 
0xef, 0x77, 
0xef, 0x8f, 
0xff, 0xff, 
}, /*Character 5*/
{ /*Character 6*/
0xff, 0xff, 
0xf8, 0x0f, 
0xf7, 0x77, 
0xee, 0xfb, 
0xee, 0xfb, 
0xf6, 0xfb, 
0xff, 0x07, 
0xff, 0xff, 
}, /*Character 6*/
{ /*Character 7*/
0xff, 0xff, 
0xe7, 0xff, 
0xef, 0xff, 
0xef, 0x83, 
0xee, 0x7f, 
0xe9, 0xff, 
0xe7, 0xff, 
0xff, 0xff, 
}, /*Character 7*/
{ /*Character 8*/
0xff, 0xff, 
0xf1, 0xc7, 
0xee, 0xbb, 
0xef, 0x7b, 
0xef, 0x7b, 
0xee, 0xbb, 
0xf1, 0xc7, 
0xff, 0xff, 
}, /*Character 8*/
{ /*Character 9*/
0xff, 0xff, 
0xf0, 0x7f, 
0xef, 0xb7, 
0xef, 0xbb, 
0xef, 0xbb, 
0xf7, 0x77, 
0xf8, 0x0f, 
0xff, 0xff, 
}, /*Character 9*/
{ /*character.*/
0xff, 0xff, 
0xff, 0xf3, 
0xff, 0xf3, 
0xff, 0xff, 
0xff, 0xff, 
0xff, 0xff, 
0xff, 0xff, 
0xff, 0xff, 
}, /*character.*/
{ /*Characters:*/
0xff, 0xff, 
0xff, 0xff, 
0xff, 0xff, 
0xfc, 0xf3, 
0xfc, 0xf3, 
0xff, 0xff, 
0xff, 0xff, 
0xff, 0xff, 
}, /*Characters:*/
{ /*character+*/
0xff, 0xff, 
0xff, 0x7f, 
0xff, 0x7f, 
0xff, 0x7f, 
0xf8, 0x0f, 
0xff, 0x7f, 
0xff, 0x7f, 
0xff, 0x7f, 
}, /*character+*/
{ /*Character-*/
0xff, 0xff, 
0xff, 0x7f, 
0xff, 0x7f, 
0xff, 0x7f, 
0xff, 0x7f, 
0xff, 0x7f, 
0xff, 0x7f, 
0xff, 0xff, 
}, /* Character- */
{  /* Character* */
0xfd, 0xbf, 
0xfd, 0xbf, 
0xfe, 0x7f, 
0xf0, 0x0f, 
0xfe, 0x7f, 
0xfd, 0xbf, 
0xfd, 0xbf, 
0xff, 0xff, 
}, /* Character* */
{  /* character/ */
0xff, 0xff, 
0xff, 0xf9, 
0xff, 0xe7, 
0xff, 0x1f, 
0xfc, 0xff, 
0xe3, 0xff, 
0xdf, 0xff, 
0xff, 0xff, 
}, /*character/  */
}; /*black layer inscription*/


#if (EINK_UI_LANGUAGE ==  EINK_LANGUAGE_CHINESE)
const unsigned char part_weekday[7][24] = { /*Black layer inscription, height 16, width 84*/
{ /*character day*/
0xff, 0xff, 
0xe0, 0x03, 
0xee, 0xf7, 
0xee, 0xf7, 
0xee, 0xf7, 
0xee, 0xf7, 
0xee, 0xf7, 
0xee, 0xf7, 
0xee, 0xf7, 
0xe0, 0x03, 
0xff, 0xff, 
0xff, 0xff, 
}, /*character day*/
{ /*character one*/
0xff, 0x7f, 
0xff, 0x7f, 
0xff, 0x7f, 
0xff, 0x7f, 
0xff, 0x7f, 
0xff, 0x7f, 
0xff, 0x7f, 
0xff, 0x7f, 
0xff, 0x7f, 
0xff, 0x7f, 
0xff, 0x7f, 
0xff, 0xff, 
}, /*character one*/
{ /*character two*/
0xff, 0xf7, 
0xf7, 0xf7, 
0xf7, 0xf7, 
0xf7, 0xf7, 
0xf7, 0xf7, 
0xf7, 0xf7, 
0xf7, 0xf7, 
0xf7, 0xf7, 
0xf7, 0xf7, 
0xf7, 0xf7, 
0xff, 0xf7, 
0xff, 0xff, 
}, /*character two*/
{ /*character three*/
0xff, 0xfb, 
0xef, 0xfb, 
0xef, 0x7b, 
0xef, 0x7b, 
0xef, 0x7b, 
0xef, 0x7b, 
0xef, 0x7b, 
0xef, 0x7b, 
0xef, 0x7b, 
0xef, 0xfb, 
0xff, 0xfb, 
0xff, 0xff, 
}, /*character three*/
{ /*character four*/
0xff, 0xff, 
0xe0, 0x03, 
0xef, 0xd7, 
0xef, 0xb7, 
0xe0, 0x77, 
0xef, 0xf7, 
0xef, 0xf7, 
0xe0, 0x77, 
0xef, 0xb7, 
0xef, 0xb7, 
0xe0, 0x03, 
0xff, 0xff, 
}, /*character four*/
{ /*Character five*/
0xef, 0xfb, 
0xee, 0xfb, 
0xee, 0xe3, 
0xee, 0x1b, 
0xe0, 0xfb, 
0xee, 0xfb, 
0xee, 0xfb, 
0xee, 0xfb, 
0xee, 0x03, 
0xef, 0xfb, 
0xff, 0xfb, 
0xff, 0xff, 
}, /*Character five*/
{ /*character six*/
0xfd, 0xfb, 
0xfd, 0xf7, 
0xfd, 0xcf, 
0xfd, 0x3f, 
0xdd, 0xff, 
0xe5, 0xff, 
0xfd, 0xff, 
0xfd, 0x7f, 
0xfd, 0xbf, 
0xfd, 0xcf, 
0xfd, 0xf3, 
0xff, 0xff, 
}, /*character six*/
}; /*black layer inscription*/
#endif

#if (EINK_UI_LANGUAGE ==  EINK_LANGUAGE_ENGLISH)
const unsigned char part_weekday[7][54] = { /*Black layer inscription, height 16, width 189*/
{ /*Character Sun*/
0xff, 0xff, 
0xff, 0xff, 
0xe3, 0xcf, 
0xc9, 0xf7, 
0xdc, 0xf7, 
0xde, 0xf7, 
0xcf, 0x77, 
0xe7, 0x8f, 
0xff, 0xff, 
0xff, 0xff, 
0xfc, 0x0f, 
0xff, 0xe7, 
0xff, 0xf7, 
0xff, 0xf7, 
0xff, 0xef, 
0xfc, 0x07, 
0xff, 0xff, 
0xff, 0xff, 
0xff, 0xff, 
0xfe, 0x07, 
0xfc, 0xff, 
0xfd, 0xff, 
0xfd, 0xff, 
0xfd, 0xff, 
0xfe, 0x07, 
0xff, 0xff, 
0xff, 0xff, 
}, /*Character Sun*/
{ /*CharacterMon*/
0xff, 0xff, 
0xc0, 0x07, 
0xe7, 0xff, 
0xf3, 0xff, 
0xfc, 0xff, 
0xff, 0x3f, 
0xfc, 0xff, 
0xf3, 0xff, 
0xe7, 0xff, 
0xc0, 0x07, 
0xff, 0xff, 
0xff, 0xff, 
0xfe, 0x0f, 
0xfd, 0xef, 
0xfd, 0xf7, 
0xfd, 0xf7, 
0xfc, 0xef, 
0xfe, 0x0f, 
0xff, 0xff, 
0xff, 0xff, 
0xfe, 0x07, 
0xfc, 0xff, 
0xfd, 0xff, 
0xfd, 0xff, 
0xfd, 0xff, 
0xfe, 0x07, 
0xff, 0xff, 
}, /*CharacterMon*/
{ /*Character Tue*/
0xff, 0xff, 
0xe7, 0xff, 
0xef, 0xff, 
0xef, 0xff, 
0xef, 0xff, 
0xe0, 0x07, 
0xef, 0xff, 
0xef, 0xff, 
0xef, 0xff, 
0xe7, 0xff, 
0xff, 0xff, 
0xfc, 0x0f, 
0xff, 0xe7, 
0xff, 0xf7, 
0xff, 0xf7, 
0xff, 0xef, 
0xfc, 0x07, 
0xff, 0xff, 
0xff, 0xff, 
0xff, 0xff, 
0xfe, 0x0f, 
0xfd, 0xb7, 
0xfd, 0xb7, 
0xfd, 0xb7, 
0xfd, 0xb7, 
0xfe, 0x2f, 
0xff, 0xff, 
}, /*Character Tue*/
{ /*Character Wed*/
0xff, 0xff, 
0xff, 0xff, 
0xc7, 0xff, 
0xf8, 0x7f, 
0xff, 0x07, 
0xf8, 0x3f, 
0xc3, 0xff, 
0xf8, 0x7f, 
0xff, 0x07, 
0xf8, 0x7f, 
0xc7, 0xff, 
0xff, 0xff, 
0xfe, 0x0f, 
0xfd, 0xb7, 
0xfd, 0xb7, 
0xfd, 0xb7, 
0xfd, 0xb7, 
0xfe, 0x2f, 
0xff, 0xff, 
0xff, 0xff, 
0xff, 0x1f, 
0xfe, 0xef, 
0xfd, 0xf7, 
0xfd, 0xf7, 
0xfd, 0xef, 
0xc0, 0x07, 
0xff, 0xff, 
}, /*Character Wed*/
{ /*Character Thu*/
0xff, 0xff, 
0xe7, 0xff, 
0xef, 0xff, 
0xef, 0xff, 
0xef, 0xff, 
0xe0, 0x07, 
0xef, 0xff, 
0xef, 0xff, 
0xef, 0xff, 
0xe7, 0xff, 
0xff, 0xff, 
0xff, 0xff, 
0xe0, 0x07, 
0xfd, 0xff, 
0xfd, 0xff, 
0xfd, 0xff, 
0xfe, 0x07, 
0xff, 0xff, 
0xff, 0xff, 
0xfc, 0x0f, 
0xff, 0xe7, 
0xff, 0xf7, 
0xff, 0xf7, 
0xff, 0xef, 
0xfc, 0x07, 
0xff, 0xff, 
0xff, 0xff, 
}, /*Character Thu*/
{ /*Character Fri*/
0xff, 0xff, 
0xff, 0xff, 
0xff, 0xff, 
0xff, 0xff, 
0xff, 0xff, 
0xff, 0xff, 
0xc0, 0x07, 
0xde, 0xff, 
0xde, 0xff, 
0xde, 0xff, 
0xde, 0xff, 
0xdf, 0xff, 
0xff, 0xff, 
0xff, 0xff, 
0xfc, 0x07, 
0xfe, 0xff, 
0xfd, 0xff, 
0xfd, 0xff, 
0xfe, 0xff, 
0xff, 0xff, 
0xff, 0xff, 
0xff, 0xff, 
0xfd, 0x07, 
0xff, 0xff, 
0xff, 0xff, 
0xff, 0xff, 
0xff, 0xff, 
}, /*Character Fri*/
{ /*Character Sat*/
0xff, 0xff, 
0xff, 0xff, 
0xff, 0xff, 
0xe3, 0xcf, 
0xc9, 0xf7, 
0xdc, 0xf7, 
0xde, 0xf7, 
0xcf, 0x77, 
0xe7, 0x8f, 
0xff, 0xff, 
0xff, 0xff, 
0xff, 0x8f, 
0xfd, 0x77, 
0xfd, 0x77, 
0xfd, 0x77, 
0xfd, 0x77, 
0xfe, 0x0f, 
0xff, 0xff, 
0xff, 0xff, 
0xfd, 0xff, 
0xfd, 0xff, 
0xe0, 0x0f, 
0xfd, 0xf7, 
0xfd, 0xf7, 
0xff, 0xff, 
0xff, 0xff, 
0xff, 0xff, 
}, /*Character Sat*/
}; /*black layer inscription*/

const unsigned char part_month[12][54] = { /*Black layer inscription, height 16, width 324*/
{ /*CharacterJan*/
0xff, 0xff, 
0xff, 0xff, 
0xff, 0x8f, 
0xff, 0xf7, 
0xff, 0xf7, 
0xff, 0xf7, 
0xff, 0xef, 
0xc0, 0x1f, 
0xff, 0xff, 
0xff, 0xff, 
0xff, 0xff, 
0xff, 0x8f, 
0xfd, 0x77, 
0xfd, 0x77, 
0xfd, 0x77, 
0xfd, 0x77, 
0xfe, 0x0f, 
0xff, 0xff, 
0xff, 0xff, 
0xfe, 0x07, 
0xfc, 0xff, 
0xfd, 0xff, 
0xfd, 0xff, 
0xfd, 0xff, 
0xfe, 0x07, 
0xff, 0xff, 
0xff, 0xff, 
}, /*CharacterJan*/
{ /*CharacterFeb*/
0xff, 0xff, 
0xff, 0xff, 
0xc0, 0x07, 
0xde, 0xff, 
0xde, 0xff, 
0xde, 0xff, 
0xde, 0xff, 
0xdf, 0xff, 
0xff, 0xff, 
0xff, 0xff, 
0xfe, 0x0f, 
0xfd, 0xb7, 
0xfd, 0xb7, 
0xfd, 0xb7, 
0xfd, 0xb7, 
0xfe, 0x2f, 
0xff, 0xff, 
0xff, 0xff, 
0xff, 0xff, 
0xc0, 0x07, 
0xfd, 0xef, 
0xfd, 0xf7, 
0xfd, 0xf7, 
0xfe, 0xef, 
0xff, 0x1f, 
0xff, 0xff, 
0xff, 0xff, 
}, /*CharacterFeb*/
{ /*Character Mar*/
0xff, 0xff, 
0xff, 0xff, 
0xc0, 0x07, 
0xe7, 0xff, 
0xf3, 0xff, 
0xfc, 0xff, 
0xff, 0x3f, 
0xfc, 0xff, 
0xf3, 0xff, 
0xe7, 0xff, 
0xc0, 0x07, 
0xff, 0xff, 
0xff, 0xff, 
0xff, 0x8f, 
0xfd, 0x77, 
0xfd, 0x77, 
0xfd, 0x77, 
0xfd, 0x77, 
0xfe, 0x0f, 
0xff, 0xff, 
0xff, 0xff, 
0xfc, 0x07, 
0xfe, 0xff, 
0xfd, 0xff, 
0xfd, 0xff, 
0xfe, 0xff, 
0xff, 0xff, 
}, /*Character Mar*/
{ /*CharacterApr*/
0xff, 0xff, 
0xff, 0xf7, 
0xff, 0x87, 
0xfc, 0x3f, 
0xf3, 0x7f, 
0xcf, 0x7f, 
0xf3, 0x7f, 
0xfc, 0x3f, 
0xff, 0x87, 
0xff, 0xf7, 
0xff, 0xff, 
0xff, 0xff, 
0xfc, 0x03, 
0xfd, 0xef, 
0xfd, 0xef, 
0xfd, 0xef, 
0xfd, 0xef, 
0xfe, 0x1f, 
0xff, 0xff, 
0xff, 0xff, 
0xfc, 0x07, 
0xfe, 0xff, 
0xfd, 0xff, 
0xfd, 0xff, 
0xfe, 0xff, 
0xff, 0xff, 
0xff, 0xff, 
}, /*CharacterApr*/
{ /*CharacterMay*/
0xff, 0xff, 
0xc0, 0x07, 
0xe7, 0xff, 
0xf3, 0xff, 
0xfc, 0xff, 
0xff, 0x3f, 
0xfc, 0xff, 
0xf3, 0xff, 
0xe7, 0xff, 
0xc0, 0x07, 
0xff, 0xff, 
0xff, 0xff, 
0xff, 0x8f, 
0xfd, 0x77, 
0xfd, 0x77, 
0xfd, 0x77, 
0xfd, 0x77, 
0xfe, 0x0f, 
0xff, 0xff, 
0xff, 0xff, 
0xfc, 0xff, 
0xff, 0x1b, 
0xff, 0xdb, 
0xff, 0xc7, 
0xff, 0x1f, 
0xfc, 0xff, 
0xff, 0xff, 
}, /*CharacterMay*/
{ /*Character Jun*/
0xff, 0xff, 
0xff, 0x8f, 
0xff, 0xf7, 
0xff, 0xf7, 
0xff, 0xf7, 
0xff, 0xef, 
0xc0, 0x1f, 
0xff, 0xff, 
0xff, 0xff, 
0xff, 0xff, 
0xfc, 0x0f, 
0xff, 0xe7, 
0xff, 0xf7, 
0xff, 0xf7, 
0xff, 0xef, 
0xfc, 0x07, 
0xff, 0xff, 
0xff, 0xff, 
0xff, 0xff, 
0xfe, 0x07, 
0xfc, 0xff, 
0xfd, 0xff, 
0xfd, 0xff, 
0xfd, 0xff, 
0xfe, 0x07, 
0xff, 0xff, 
0xff, 0xff, 
}, /*Character Jun*/
{ /*Character Jul*/
0xff, 0xff, 
0xff, 0xff, 
0xff, 0xff, 
0xff, 0x8f, 
0xff, 0xf7, 
0xff, 0xf7, 
0xff, 0xf7, 
0xff, 0xef, 
0xc0, 0x1f, 
0xff, 0xff, 
0xff, 0xff, 
0xff, 0xff, 
0xfc, 0x0f, 
0xff, 0xe7, 
0xff, 0xf7, 
0xff, 0xf7, 
0xff, 0xef, 
0xfc, 0x07, 
0xff, 0xff, 
0xff, 0xff, 
0xff, 0xff, 
0xff, 0xff, 
0xc0, 0x07, 
0xff, 0xff, 
0xff, 0xff, 
0xff, 0xff, 
0xff, 0xff, 
}, /*Character Jul*/
{ /*CharacterAug*/
0xff, 0xff, 
0xff, 0xf7, 
0xff, 0x87, 
0xfc, 0x3f, 
0xf3, 0x7f, 
0xcf, 0x7f, 
0xf3, 0x7f, 
0xfc, 0x3f, 
0xff, 0x87, 
0xff, 0xf7, 
0xff, 0xff, 
0xfc, 0x0f, 
0xff, 0xe7, 
0xff, 0xf7, 
0xff, 0xf7, 
0xff, 0xef, 
0xfc, 0x07, 
0xff, 0xff, 
0xff, 0xff, 
0xfe, 0x77, 
0xfd, 0xab, 
0xfd, 0xab, 
0xfd, 0xab, 
0xfa, 0x17, 
0xff, 0xff, 
0xff, 0xff, 
0xff, 0xff, 
}, /*CharacterAug*/
{ /*CharacterSep*/
0xff, 0xff, 
0xff, 0xff, 
0xe3, 0xcf, 
0xc9, 0xf7, 
0xdc, 0xf7, 
0xde, 0xf7, 
0xcf, 0x77, 
0xe7, 0x8f, 
0xff, 0xff, 
0xff, 0xff, 
0xfe, 0x0f, 
0xfd, 0xb7, 
0xfd, 0xb7, 
0xfd, 0xb7, 
0xfd, 0xb7, 
0xfe, 0x2f, 
0xff, 0xff, 
0xff, 0xff, 
0xfc, 0x03, 
0xfd, 0xef, 
0xfd, 0xef, 
0xfd, 0xef, 
0xfd, 0xef, 
0xfe, 0x1f, 
0xff, 0xff, 
0xff, 0xff, 
0xff, 0xff, 
}, /*CharacterSep*/
{ /*CharacterOct*/
0xff, 0xff, 
0xff, 0xff, 
0xe0, 0x0f, 
0xcf, 0xef, 
0xdf, 0xf7, 
0xdf, 0xf7, 
0xcf, 0xef, 
0xe0, 0x0f, 
0xff, 0xff, 
0xff, 0xff, 
0xff, 0xff, 
0xfe, 0x0f, 
0xfd, 0xf7, 
0xfd, 0xf7, 
0xfd, 0xf7, 
0xfc, 0xe7, 
0xfe, 0xef, 
0xff, 0xff, 
0xff, 0xff, 
0xfd, 0xff, 
0xfd, 0xff, 
0xe0, 0x0f, 
0xfd, 0xf7, 
0xfd, 0xf7, 
0xff, 0xff, 
0xff, 0xff, 
0xff, 0xff, 
}, /*CharacterOct*/
{ /*CharacterNov*/
0xff, 0xff, 
0xff, 0xff, 
0xff, 0xff, 
0xc0, 0x07, 
0xe7, 0xff, 
0xf8, 0xff, 
0xfe, 0x3f, 
0xff, 0xcf, 
0xc0, 0x07, 
0xff, 0xff, 
0xff, 0xff, 
0xfe, 0x0f, 
0xfd, 0xef, 
0xfd, 0xf7, 
0xfd, 0xf7, 
0xfc, 0xef, 
0xfe, 0x0f, 
0xff, 0xff, 
0xff, 0xff, 
0xfc, 0xff, 
0xfe, 0x3f, 
0xff, 0xdf, 
0xff, 0xe7, 
0xff, 0xdf, 
0xfe, 0x3f, 
0xfc, 0xff, 
0xff, 0xff, 
}, /*CharacterNov*/
{ /*CharacterDec*/
0xff, 0xff, 
0xff, 0xff, 
0xc0, 0x07, 
0xdf, 0xf7, 
0xdf, 0xf7, 
0xcf, 0xf7, 
0xe7, 0xef, 
0xf0, 0x1f, 
0xff, 0xff, 
0xff, 0xff, 
0xff, 0xff, 
0xfe, 0x0f, 
0xfd, 0xb7, 
0xfd, 0xb7, 
0xfd, 0xb7, 
0xfd, 0xb7, 
0xfe, 0x2f, 
0xff, 0xff, 
0xff, 0xff, 
0xfe, 0x0f, 
0xfd, 0xf7, 
0xfd, 0xf7, 
0xfd, 0xf7, 
0xfc, 0xe7, 
0xfe, 0xef, 
0xff, 0xff, 
0xff, 0xff, 
}, /*CharacterDec*/
}; /*black layer inscription*/
#endif

#if (EINK_MODEL== EINK_MODEL_SSD1680_250X122)||(EINK_MODEL== EINK_MODEL_UD8251_250X122)
const unsigned char part_bigNum[10][572] = { /*Black layer inscription, height 88, width 520*/
{ /*Character 0*/
0xff, 0xff, 0xff, 0xff, 0xff, 0xff, 0xff, 0xff, 0xff, 0xff, 0xff, 
0xff, 0xff, 0xff, 0xff, 0xff, 0xff, 0xff, 0xff, 0xff, 0xff, 0xff, 
0xff, 0xff, 0xf8, 0x00, 0x00, 0x00, 0x00, 0x00, 0x7f, 0xff, 0xff, 
0xff, 0xff, 0x80, 0x00, 0x00, 0x00, 0x00, 0x00, 0x03, 0xff, 0xff, 
0xff, 0xfe, 0x00, 0x00, 0x00, 0x00, 0x00, 0x00, 0x00, 0x7f, 0xff, 
0xff, 0xf8, 0x00, 0x00, 0x00, 0x00, 0x00, 0x00, 0x00, 0x1f, 0xff, 
0xff, 0xe0, 0x00, 0x00, 0x00, 0x00, 0x00, 0x00, 0x00, 0x0f, 0xff, 
0xff, 0xc0, 0x00, 0x00, 0x00, 0x00, 0x00, 0x00, 0x00, 0x07, 0xff, 
0xff, 0x80, 0x00, 0x00, 0x00, 0x00, 0x00, 0x00, 0x00, 0x03, 0xff, 
0xff, 0x00, 0x00, 0x00, 0x00, 0x00, 0x00, 0x00, 0x00, 0x01, 0xff, 
0xfe, 0x00, 0x00, 0x00, 0x00, 0x00, 0x00, 0x00, 0x00, 0x00, 0xff, 
0xfc, 0x00, 0x00, 0x00, 0x00, 0x00, 0x00, 0x00, 0x00, 0x00, 0xff, 
0xfc, 0x00, 0x00, 0x00, 0x00, 0x00, 0x00, 0x00, 0x00, 0x00, 0x7f, 
0xfc, 0x00, 0x00, 0x00, 0x00, 0x00, 0x00, 0x00, 0x00, 0x00, 0x7f, 
0xf8, 0x00, 0x00, 0x00, 0x00, 0x00, 0x00, 0x00, 0x00, 0x00, 0x3f, 
0xf8, 0x00, 0x00, 0x3f, 0xff, 0xff, 0xff, 0xf0, 0x00, 0x00, 0x3f, 
0xf8, 0x00, 0x01, 0xff, 0xff, 0xff, 0xff, 0xfe, 0x00, 0x00, 0x3f, 
0xf8, 0x00, 0x03, 0xff, 0xff, 0xff, 0xff, 0xff, 0x00, 0x00, 0x3f, 
0xf8, 0x00, 0x07, 0xff, 0xff, 0xff, 0xff, 0xff, 0x80, 0x00, 0x3f, 
0xf8, 0x00, 0x0f, 0xff, 0xff, 0xff, 0xff, 0xff, 0x80, 0x00, 0x3f, 
0xf8, 0x00, 0x0f, 0xff, 0xff, 0xff, 0xff, 0xff, 0xc0, 0x00, 0x3f, 
0xf8, 0x00, 0x0f, 0xff, 0xff, 0xff, 0xff, 0xff, 0xc0, 0x00, 0x3f, 
0xf8, 0x00, 0x0f, 0xff, 0xff, 0xff, 0xff, 0xff, 0xe0, 0x00, 0x3f, 
0xf8, 0x00, 0x0f, 0xff, 0xff, 0xff, 0xff, 0xff, 0xe0, 0x00, 0x3f, 
0xf8, 0x00, 0x0f, 0xff, 0xff, 0xff, 0xff, 0xff, 0xe0, 0x00, 0x3f, 
0xf8, 0x00, 0x0f, 0xff, 0xff, 0xff, 0xff, 0xff, 0xe0, 0x00, 0x3f, 
0xf8, 0x00, 0x0f, 0xff, 0xff, 0xff, 0xff, 0xff, 0xe0, 0x00, 0x3f, 
0xf8, 0x00, 0x0f, 0xff, 0xff, 0xff, 0xff, 0xff, 0xe0, 0x00, 0x3f, 
0xf8, 0x00, 0x0f, 0xff, 0xff, 0xff, 0xff, 0xff, 0xe0, 0x00, 0x3f, 
0xf8, 0x00, 0x0f, 0xff, 0xff, 0xff, 0xff, 0xff, 0xe0, 0x00, 0x3f, 
0xf8, 0x00, 0x0f, 0xff, 0xff, 0xff, 0xff, 0xff, 0xe0, 0x00, 0x3f, 
0xf8, 0x00, 0x0f, 0xff, 0xff, 0xff, 0xff, 0xff, 0xe0, 0x00, 0x3f, 
0xf8, 0x00, 0x07, 0xff, 0xff, 0xff, 0xff, 0xff, 0xc0, 0x00, 0x3f, 
0xf8, 0x00, 0x07, 0xff, 0xff, 0xff, 0xff, 0xff, 0xc0, 0x00, 0x3f, 
0xf8, 0x00, 0x03, 0xff, 0xff, 0xff, 0xff, 0xff, 0x80, 0x00, 0x3f, 
0xf8, 0x00, 0x01, 0xff, 0xff, 0xff, 0xff, 0xff, 0x00, 0x00, 0x3f, 
0xf8, 0x00, 0x00, 0x1f, 0xff, 0xff, 0xff, 0xf0, 0x00, 0x00, 0x3f, 
0xf8, 0x00, 0x00, 0x00, 0x00, 0x00, 0x00, 0x00, 0x00, 0x00, 0x7f, 
0xfc, 0x00, 0x00, 0x00, 0x00, 0x00, 0x00, 0x00, 0x00, 0x00, 0x7f, 
0xfc, 0x00, 0x00, 0x00, 0x00, 0x00, 0x00, 0x00, 0x00, 0x00, 0x7f, 
0xfe, 0x00, 0x00, 0x00, 0x00, 0x00, 0x00, 0x00, 0x00, 0x00, 0xff, 
0xfe, 0x00, 0x00, 0x00, 0x00, 0x00, 0x00, 0x00, 0x00, 0x00, 0xff, 
0xff, 0x00, 0x00, 0x00, 0x00, 0x00, 0x00, 0x00, 0x00, 0x01, 0xff, 
0xff, 0x80, 0x00, 0x00, 0x00, 0x00, 0x00, 0x00, 0x00, 0x03, 0xff, 
0xff, 0xe0, 0x00, 0x00, 0x00, 0x00, 0x00, 0x00, 0x00, 0x07, 0xff, 
0xff, 0xf0, 0x00, 0x00, 0x00, 0x00, 0x00, 0x00, 0x00, 0x0f, 0xff, 
0xff, 0xfc, 0x00, 0x00, 0x00, 0x00, 0x00, 0x00, 0x00, 0x3f, 0xff, 
0xff, 0xff, 0x00, 0x00, 0x00, 0x00, 0x00, 0x00, 0x01, 0xff, 0xff, 
0xff, 0xff, 0xf8, 0x00, 0x00, 0x00, 0x00, 0x00, 0x1f, 0xff, 0xff, 
0xff, 0xff, 0xff, 0xff, 0xff, 0xff, 0xff, 0xff, 0xff, 0xff, 0xff, 
0xff, 0xff, 0xff, 0xff, 0xff, 0xff, 0xff, 0xff, 0xff, 0xff, 0xff, 
0xff, 0xff, 0xff, 0xff, 0xff, 0xff, 0xff, 0xff, 0xff, 0xff, 0xff, 
}, /*Character 0*/
{ /*Character 1*/
0xff, 0xff, 0xff, 0xff, 0xff, 0xff, 0xff, 0xff, 0xff, 0xff, 0xff, 
0xff, 0xff, 0xff, 0xff, 0xff, 0xff, 0xff, 0xff, 0xff, 0xff, 0xff, 
0xff, 0xff, 0xff, 0xff, 0xff, 0xff, 0xff, 0xff, 0xff, 0xff, 0xff, 
0xff, 0xff, 0xff, 0xff, 0xff, 0xff, 0xff, 0xff, 0xff, 0xff, 0xff, 
0xff, 0xff, 0xff, 0xff, 0xff, 0xff, 0xff, 0xff, 0xff, 0xff, 0xff, 
0xff, 0xff, 0xff, 0xff, 0xff, 0xff, 0xff, 0xff, 0xff, 0xff, 0xff, 
0xff, 0xff, 0xff, 0xff, 0xff, 0xff, 0xff, 0xff, 0xff, 0xff, 0xff, 
0xff, 0xff, 0xff, 0xff, 0xff, 0xff, 0xff, 0xff, 0xff, 0xff, 0xff, 
0xff, 0xff, 0xff, 0xff, 0xff, 0xff, 0xff, 0xff, 0xff, 0xff, 0xff, 
0xff, 0xff, 0xff, 0xff, 0xff, 0xff, 0xff, 0xff, 0xff, 0xff, 0xff, 
0xff, 0xff, 0xff, 0xff, 0xff, 0xff, 0xff, 0xff, 0xff, 0xff, 0xff, 
0xff, 0xff, 0xff, 0xff, 0xff, 0xff, 0xff, 0xff, 0xff, 0xff, 0xff, 
0xff, 0xff, 0xff, 0xff, 0xff, 0xff, 0xff, 0xff, 0xff, 0xff, 0xff, 
0xfe, 0x00, 0x03, 0xff, 0xff, 0xff, 0xff, 0xff, 0xff, 0xff, 0xff, 
0xfe, 0x00, 0x03, 0xff, 0xff, 0xff, 0xff, 0xff, 0xff, 0xff, 0xff, 
0xfe, 0x00, 0x03, 0xff, 0xff, 0xff, 0xff, 0xff, 0xff, 0xff, 0xff, 
0xfe, 0x00, 0x03, 0xff, 0xff, 0xff, 0xff, 0xff, 0xff, 0xff, 0xff, 
0xfe, 0x00, 0x03, 0xff, 0xff, 0xff, 0xff, 0xff, 0xff, 0xff, 0xff, 
0xfe, 0x00, 0x03, 0xff, 0xff, 0xff, 0xff, 0xff, 0xff, 0xff, 0xff, 
0xfe, 0x00, 0x03, 0xff, 0xff, 0xff, 0xff, 0xff, 0xff, 0xff, 0xff, 
0xfe, 0x00, 0x03, 0xff, 0xff, 0xff, 0xff, 0xff, 0xff, 0xff, 0xff, 
0xfe, 0x00, 0x03, 0xff, 0xff, 0xff, 0xff, 0xff, 0xff, 0xff, 0xff, 
0xfe, 0x00, 0x03, 0xff, 0xff, 0xff, 0xff, 0xff, 0xff, 0xff, 0xff, 
0xfe, 0x00, 0x00, 0x00, 0x00, 0x00, 0x00, 0x00, 0x00, 0x00, 0x3f, 
0xfe, 0x00, 0x00, 0x00, 0x00, 0x00, 0x00, 0x00, 0x00, 0x00, 0x3f, 
0xfe, 0x00, 0x00, 0x00, 0x00, 0x00, 0x00, 0x00, 0x00, 0x00, 0x3f, 
0xfe, 0x00, 0x00, 0x00, 0x00, 0x00, 0x00, 0x00, 0x00, 0x00, 0x3f, 
0xfe, 0x00, 0x00, 0x00, 0x00, 0x00, 0x00, 0x00, 0x00, 0x00, 0x3f, 
0xfe, 0x00, 0x00, 0x00, 0x00, 0x00, 0x00, 0x00, 0x00, 0x00, 0x3f, 
0xfe, 0x00, 0x00, 0x00, 0x00, 0x00, 0x00, 0x00, 0x00, 0x00, 0x3f, 
0xfe, 0x00, 0x00, 0x00, 0x00, 0x00, 0x00, 0x00, 0x00, 0x00, 0x3f, 
0xfe, 0x00, 0x00, 0x00, 0x00, 0x00, 0x00, 0x00, 0x00, 0x00, 0x3f, 
0xfe, 0x00, 0x00, 0x00, 0x00, 0x00, 0x00, 0x00, 0x00, 0x00, 0x3f, 
0xfe, 0x00, 0x00, 0x00, 0x00, 0x00, 0x00, 0x00, 0x00, 0x00, 0x3f, 
0xfe, 0x00, 0x00, 0x00, 0x00, 0x00, 0x00, 0x00, 0x00, 0x00, 0x3f, 
0xff, 0xff, 0xff, 0xff, 0xff, 0xff, 0xff, 0xff, 0xff, 0xff, 0xff, 
0xff, 0xff, 0xff, 0xff, 0xff, 0xff, 0xff, 0xff, 0xff, 0xff, 0xff, 
0xff, 0xff, 0xff, 0xff, 0xff, 0xff, 0xff, 0xff, 0xff, 0xff, 0xff, 
0xff, 0xff, 0xff, 0xff, 0xff, 0xff, 0xff, 0xff, 0xff, 0xff, 0xff, 
0xff, 0xff, 0xff, 0xff, 0xff, 0xff, 0xff, 0xff, 0xff, 0xff, 0xff, 
0xff, 0xff, 0xff, 0xff, 0xff, 0xff, 0xff, 0xff, 0xff, 0xff, 0xff, 
0xff, 0xff, 0xff, 0xff, 0xff, 0xff, 0xff, 0xff, 0xff, 0xff, 0xff, 
0xff, 0xff, 0xff, 0xff, 0xff, 0xff, 0xff, 0xff, 0xff, 0xff, 0xff, 
0xff, 0xff, 0xff, 0xff, 0xff, 0xff, 0xff, 0xff, 0xff, 0xff, 0xff, 
0xff, 0xff, 0xff, 0xff, 0xff, 0xff, 0xff, 0xff, 0xff, 0xff, 0xff, 
0xff, 0xff, 0xff, 0xff, 0xff, 0xff, 0xff, 0xff, 0xff, 0xff, 0xff, 
0xff, 0xff, 0xff, 0xff, 0xff, 0xff, 0xff, 0xff, 0xff, 0xff, 0xff, 
0xff, 0xff, 0xff, 0xff, 0xff, 0xff, 0xff, 0xff, 0xff, 0xff, 0xff, 
0xff, 0xff, 0xff, 0xff, 0xff, 0xff, 0xff, 0xff, 0xff, 0xff, 0xff, 
0xff, 0xff, 0xff, 0xff, 0xff, 0xff, 0xff, 0xff, 0xff, 0xff, 0xff, 
0xff, 0xff, 0xff, 0xff, 0xff, 0xff, 0xff, 0xff, 0xff, 0xff, 0xff, 
0xff, 0xff, 0xff, 0xff, 0xff, 0xff, 0xff, 0xff, 0xff, 0xff, 0xff, 
}, /*Character 1*/
{ /*Character 2*/
0xff, 0xff, 0xff, 0xff, 0xff, 0xff, 0xff, 0xff, 0xff, 0xff, 0xff, 
0xff, 0xff, 0xff, 0xff, 0xff, 0xff, 0xff, 0xff, 0xff, 0xff, 0xff, 
0xff, 0xff, 0xe0, 0x00, 0x1f, 0xff, 0xff, 0x80, 0x00, 0x00, 0x3f, 
0xff, 0xfe, 0x00, 0x00, 0x1f, 0xff, 0xf0, 0x00, 0x00, 0x00, 0x3f, 
0xff, 0xf8, 0x00, 0x00, 0x1f, 0xff, 0x80, 0x00, 0x00, 0x00, 0x3f, 
0xff, 0xe0, 0x00, 0x00, 0x1f, 0xfe, 0x00, 0x00, 0x00, 0x00, 0x3f, 
0xff, 0xc0, 0x00, 0x00, 0x1f, 0xfc, 0x00, 0x00, 0x00, 0x00, 0x3f, 
0xff, 0x80, 0x00, 0x00, 0x1f, 0xf8, 0x00, 0x00, 0x00, 0x00, 0x3f, 
0xff, 0x00, 0x00, 0x00, 0x1f, 0xf0, 0x00, 0x00, 0x00, 0x00, 0x3f, 
0xff, 0x00, 0x00, 0x00, 0x1f, 0xe0, 0x00, 0x00, 0x00, 0x00, 0x3f, 
0xfe, 0x00, 0x00, 0x00, 0x1f, 0xe0, 0x00, 0x00, 0x00, 0x00, 0x3f, 
0xfe, 0x00, 0x00, 0x00, 0x1f, 0xc0, 0x00, 0x00, 0x00, 0x00, 0x3f, 
0xfe, 0x00, 0x00, 0x00, 0x1f, 0xc0, 0x00, 0x00, 0x00, 0x00, 0x3f, 
0xfe, 0x00, 0x00, 0x00, 0x1f, 0x80, 0x00, 0x00, 0x00, 0x00, 0x3f, 
0xfc, 0x00, 0x00, 0x7f, 0xff, 0x80, 0x00, 0x0f, 0x80, 0x00, 0x3f, 
0xfc, 0x00, 0x01, 0xff, 0xff, 0x80, 0x00, 0x3f, 0xc0, 0x00, 0x3f, 
0xfc, 0x00, 0x01, 0xff, 0xff, 0x80, 0x00, 0x7f, 0xc0, 0x00, 0x3f, 
0xfc, 0x00, 0x03, 0xff, 0xff, 0x00, 0x00, 0xff, 0xc0, 0x00, 0x3f, 
0xfc, 0x00, 0x03, 0xff, 0xff, 0x00, 0x00, 0xff, 0xc0, 0x00, 0x3f, 
0xfc, 0x00, 0x03, 0xff, 0xff, 0x00, 0x00, 0xff, 0xc0, 0x00, 0x3f, 
0xfc, 0x00, 0x03, 0xff, 0xff, 0x00, 0x00, 0xff, 0xc0, 0x00, 0x3f, 
0xfc, 0x00, 0x03, 0xff, 0xff, 0x00, 0x00, 0xff, 0xc0, 0x00, 0x3f, 
0xfc, 0x00, 0x03, 0xff, 0xff, 0x00, 0x01, 0xff, 0xc0, 0x00, 0x3f, 
0xfc, 0x00, 0x03, 0xff, 0xff, 0x00, 0x01, 0xff, 0xc0, 0x00, 0x3f, 
0xfc, 0x00, 0x03, 0xff, 0xff, 0x00, 0x01, 0xff, 0xc0, 0x00, 0x3f, 
0xfc, 0x00, 0x03, 0xff, 0xff, 0x00, 0x01, 0xff, 0xc0, 0x00, 0x3f, 
0xfc, 0x00, 0x03, 0xff, 0xfe, 0x00, 0x01, 0xff, 0xc0, 0x00, 0x3f, 
0xfc, 0x00, 0x03, 0xff, 0xfe, 0x00, 0x01, 0xff, 0xc0, 0x00, 0x3f, 
0xfc, 0x00, 0x03, 0xff, 0xfe, 0x00, 0x01, 0xff, 0xc0, 0x00, 0x3f, 
0xfc, 0x00, 0x03, 0xff, 0xfe, 0x00, 0x01, 0xff, 0xc0, 0x00, 0x3f, 
0xfc, 0x00, 0x03, 0xff, 0xfe, 0x00, 0x03, 0xff, 0xc0, 0x00, 0x3f, 
0xfc, 0x00, 0x03, 0xff, 0xfe, 0x00, 0x03, 0xff, 0xc0, 0x00, 0x3f, 
0xfc, 0x00, 0x03, 0xff, 0xfe, 0x00, 0x03, 0xff, 0xc0, 0x00, 0x3f, 
0xfc, 0x00, 0x03, 0xff, 0xfc, 0x00, 0x03, 0xff, 0xc0, 0x00, 0x3f, 
0xfc, 0x00, 0x03, 0xff, 0xfc, 0x00, 0x03, 0xff, 0xc0, 0x00, 0x3f, 
0xfc, 0x00, 0x01, 0xff, 0xf8, 0x00, 0x03, 0xff, 0xc0, 0x00, 0x3f, 
0xfe, 0x00, 0x00, 0x7f, 0xc0, 0x00, 0x03, 0xff, 0xc0, 0x00, 0x3f, 
0xfe, 0x00, 0x00, 0x00, 0x00, 0x00, 0x03, 0xff, 0xc0, 0x00, 0x3f, 
0xfe, 0x00, 0x00, 0x00, 0x00, 0x00, 0x07, 0xff, 0xc0, 0x00, 0x3f, 
0xff, 0x00, 0x00, 0x00, 0x00, 0x00, 0x07, 0xff, 0xc0, 0x00, 0x3f, 
0xff, 0x00, 0x00, 0x00, 0x00, 0x00, 0x07, 0xff, 0xc0, 0x00, 0x3f, 
0xff, 0x80, 0x00, 0x00, 0x00, 0x00, 0x0f, 0xff, 0xc0, 0x00, 0x3f, 
0xff, 0x80, 0x00, 0x00, 0x00, 0x00, 0x1f, 0xff, 0xc0, 0x00, 0x3f, 
0xff, 0xc0, 0x00, 0x00, 0x00, 0x00, 0x1f, 0xff, 0xc0, 0x00, 0x3f, 
0xff, 0xf0, 0x00, 0x00, 0x00, 0x00, 0x7f, 0xff, 0xc0, 0x00, 0x3f, 
0xff, 0xf8, 0x00, 0x00, 0x00, 0x00, 0xff, 0xff, 0xc0, 0x00, 0x3f, 
0xff, 0xfe, 0x00, 0x00, 0x00, 0x03, 0xff, 0xff, 0xc0, 0x00, 0x3f, 
0xff, 0xff, 0x80, 0x00, 0x00, 0x1f, 0xff, 0xff, 0xc0, 0x00, 0x3f, 
0xff, 0xff, 0xff, 0x00, 0x03, 0xff, 0xff, 0xff, 0xc0, 0x00, 0x3f, 
0xff, 0xff, 0xff, 0xff, 0xff, 0xff, 0xff, 0xff, 0xff, 0xff, 0xff, 
0xff, 0xff, 0xff, 0xff, 0xff, 0xff, 0xff, 0xff, 0xff, 0xff, 0xff, 
0xff, 0xff, 0xff, 0xff, 0xff, 0xff, 0xff, 0xff, 0xff, 0xff, 0xff, 
}, /*Character 2*/
{ /*Character 3*/
0xff, 0xff, 0xff, 0xff, 0xff, 0xff, 0xff, 0xff, 0xff, 0xff, 0xff, 
0xff, 0xff, 0xff, 0xff, 0xff, 0xff, 0xff, 0xff, 0xff, 0xff, 0xff, 
0xff, 0xff, 0xff, 0xff, 0xff, 0xff, 0xff, 0x80, 0x0f, 0xff, 0xff, 
0xff, 0xff, 0xc0, 0x01, 0xff, 0xff, 0xff, 0x80, 0x00, 0xff, 0xff, 
0xff, 0xfc, 0x00, 0x01, 0xff, 0xff, 0xff, 0x80, 0x00, 0x1f, 0xff, 
0xff, 0xf0, 0x00, 0x01, 0xff, 0xff, 0xff, 0x80, 0x00, 0x0f, 0xff, 
0xff, 0xe0, 0x00, 0x01, 0xff, 0xff, 0xff, 0x80, 0x00, 0x03, 0xff, 
0xff, 0x80, 0x00, 0x01, 0xff, 0xff, 0xff, 0x80, 0x00, 0x01, 0xff, 
0xff, 0x80, 0x00, 0x01, 0xff, 0xff, 0xff, 0x80, 0x00, 0x00, 0xff, 
0xff, 0x00, 0x00, 0x01, 0xff, 0xff, 0xff, 0x80, 0x00, 0x00, 0x7f, 
0xfe, 0x00, 0x00, 0x01, 0xff, 0xff, 0xff, 0x80, 0x00, 0x00, 0x7f, 
0xfe, 0x00, 0x00, 0x01, 0xff, 0xff, 0xff, 0x80, 0x00, 0x00, 0x7f, 
0xfe, 0x00, 0x00, 0x01, 0xff, 0xff, 0xff, 0x80, 0x00, 0x00, 0x3f, 
0xfc, 0x00, 0x00, 0x01, 0xff, 0xff, 0xff, 0x80, 0x00, 0x00, 0x3f, 
0xfc, 0x00, 0x00, 0x01, 0xff, 0xff, 0xff, 0xf8, 0x00, 0x00, 0x3f, 
0xfc, 0x00, 0x00, 0xff, 0xf0, 0x00, 0x1f, 0xff, 0x00, 0x00, 0x3f, 
0xfc, 0x00, 0x01, 0xff, 0xf0, 0x00, 0x1f, 0xff, 0x80, 0x00, 0x3f, 
0xfc, 0x00, 0x03, 0xff, 0xf0, 0x00, 0x1f, 0xff, 0x80, 0x00, 0x3f, 
0xfc, 0x00, 0x07, 0xff, 0xf0, 0x00, 0x1f, 0xff, 0x80, 0x00, 0x3f, 
0xfc, 0x00, 0x07, 0xff, 0xf0, 0x00, 0x1f, 0xff, 0x80, 0x00, 0x3f, 
0xfc, 0x00, 0x07, 0xff, 0xf0, 0x00, 0x1f, 0xff, 0x80, 0x00, 0x3f, 
0xfc, 0x00, 0x07, 0xff, 0xf0, 0x00, 0x1f, 0xff, 0x80, 0x00, 0x3f, 
0xfc, 0x00, 0x07, 0xff, 0xf0, 0x00, 0x1f, 0xff, 0x80, 0x00, 0x3f, 
0xfc, 0x00, 0x07, 0xff, 0xf0, 0x00, 0x1f, 0xff, 0x80, 0x00, 0x3f, 
0xfc, 0x00, 0x07, 0xff, 0xf0, 0x00, 0x1f, 0xff, 0x80, 0x00, 0x3f, 
0xfc, 0x00, 0x07, 0xff, 0xf0, 0x00, 0x1f, 0xff, 0x80, 0x00, 0x3f, 
0xfc, 0x00, 0x07, 0xff, 0xf0, 0x00, 0x1f, 0xff, 0x80, 0x00, 0x3f, 
0xfc, 0x00, 0x07, 0xff, 0xf0, 0x00, 0x1f, 0xff, 0x80, 0x00, 0x3f, 
0xfc, 0x00, 0x07, 0xff, 0xf0, 0x00, 0x1f, 0xff, 0x80, 0x00, 0x3f, 
0xfc, 0x00, 0x07, 0xff, 0xf0, 0x00, 0x1f, 0xff, 0x80, 0x00, 0x3f, 
0xfc, 0x00, 0x07, 0xff, 0xf0, 0x00, 0x1f, 0xff, 0x80, 0x00, 0x3f, 
0xfc, 0x00, 0x07, 0xff, 0xf0, 0x00, 0x1f, 0xff, 0x80, 0x00, 0x3f, 
0xfc, 0x00, 0x07, 0xff, 0xf0, 0x00, 0x1f, 0xff, 0x80, 0x00, 0x3f, 
0xfc, 0x00, 0x07, 0xff, 0xf0, 0x00, 0x1f, 0xff, 0x80, 0x00, 0x3f, 
0xfc, 0x00, 0x07, 0xff, 0xe0, 0x00, 0x1f, 0xff, 0x80, 0x00, 0x3f, 
0xfc, 0x00, 0x03, 0xff, 0xe0, 0x00, 0x1f, 0xff, 0x00, 0x00, 0x3f, 
0xfc, 0x00, 0x01, 0xff, 0xc0, 0x00, 0x0f, 0xff, 0x00, 0x00, 0x3f, 
0xfc, 0x00, 0x00, 0x00, 0x00, 0x00, 0x00, 0xf8, 0x00, 0x00, 0x3f, 
0xfc, 0x00, 0x00, 0x00, 0x00, 0x00, 0x00, 0x00, 0x00, 0x00, 0x7f, 
0xfe, 0x00, 0x00, 0x00, 0x00, 0x00, 0x00, 0x00, 0x00, 0x00, 0x7f, 
0xfe, 0x00, 0x00, 0x00, 0x00, 0x00, 0x00, 0x00, 0x00, 0x00, 0x7f, 
0xfe, 0x00, 0x00, 0x00, 0x00, 0x00, 0x00, 0x00, 0x00, 0x00, 0xff, 
0xff, 0x00, 0x00, 0x00, 0x00, 0x00, 0x00, 0x00, 0x00, 0x00, 0xff, 
0xff, 0x00, 0x00, 0x00, 0x00, 0x00, 0x00, 0x00, 0x00, 0x01, 0xff, 
0xff, 0x80, 0x00, 0x00, 0x00, 0x00, 0x00, 0x00, 0x00, 0x03, 0xff, 
0xff, 0xc0, 0x00, 0x00, 0x00, 0x20, 0x00, 0x00, 0x00, 0x07, 0xff, 
0xff, 0xf0, 0x00, 0x00, 0x00, 0xf0, 0x00, 0x00, 0x00, 0x0f, 0xff, 
0xff, 0xfc, 0x00, 0x00, 0x01, 0xfc, 0x00, 0x00, 0x00, 0x3f, 0xff, 
0xff, 0xff, 0x80, 0x00, 0x0f, 0xff, 0x00, 0x00, 0x01, 0xff, 0xff, 
0xff, 0xff, 0xfe, 0x07, 0xff, 0xff, 0xe0, 0x00, 0x1f, 0xff, 0xff, 
0xff, 0xff, 0xff, 0xff, 0xff, 0xff, 0xff, 0xff, 0xff, 0xff, 0xff, 
0xff, 0xff, 0xff, 0xff, 0xff, 0xff, 0xff, 0xff, 0xff, 0xff, 0xff, 
}, /*Character 3*/
{ /*Character 4*/
0xff, 0xff, 0xff, 0xff, 0xff, 0xff, 0xff, 0xff, 0xff, 0xff, 0xff, 
0xff, 0xff, 0xff, 0xff, 0xff, 0xff, 0xff, 0xff, 0xff, 0xff, 0xff, 
0xff, 0xff, 0xff, 0xff, 0xff, 0xff, 0x80, 0x00, 0x01, 0xff, 0xff, 
0xff, 0xff, 0xff, 0xff, 0xff, 0xfe, 0x00, 0x00, 0x01, 0xff, 0xff, 
0xff, 0xff, 0xff, 0xff, 0xff, 0xfc, 0x00, 0x00, 0x01, 0xff, 0xff, 
0xff, 0xff, 0xff, 0xff, 0xff, 0xf0, 0x00, 0x00, 0x01, 0xff, 0xff, 
0xff, 0xff, 0xff, 0xff, 0xff, 0xe0, 0x00, 0x00, 0x01, 0xff, 0xff, 
0xff, 0xff, 0xff, 0xff, 0xff, 0x80, 0x00, 0x00, 0x01, 0xff, 0xff, 
0xff, 0xff, 0xff, 0xff, 0xff, 0x00, 0x00, 0x00, 0x01, 0xff, 0xff, 
0xff, 0xff, 0xff, 0xff, 0xfc, 0x00, 0x00, 0x00, 0x01, 0xff, 0xff, 
0xff, 0xff, 0xff, 0xff, 0xf8, 0x00, 0x00, 0x00, 0x01, 0xff, 0xff, 
0xff, 0xff, 0xff, 0xff, 0xe0, 0x00, 0x00, 0x00, 0x01, 0xff, 0xff, 
0xff, 0xff, 0xff, 0xff, 0xc0, 0x00, 0x00, 0x00, 0x01, 0xff, 0xff, 
0xff, 0xff, 0xff, 0xff, 0x00, 0x00, 0x00, 0x00, 0x01, 0xff, 0xff, 
0xff, 0xff, 0xff, 0xfe, 0x00, 0x00, 0x00, 0x00, 0x01, 0xff, 0xff, 
0xff, 0xff, 0xff, 0xf8, 0x00, 0x00, 0x04, 0x00, 0x01, 0xff, 0xff, 
0xff, 0xff, 0xff, 0xf0, 0x00, 0x00, 0x0c, 0x00, 0x01, 0xff, 0xff, 
0xff, 0xff, 0xff, 0xc0, 0x00, 0x00, 0x3c, 0x00, 0x01, 0xff, 0xff, 
0xff, 0xff, 0xff, 0x80, 0x00, 0x00, 0xfc, 0x00, 0x01, 0xff, 0xff, 
0xff, 0xff, 0xfe, 0x00, 0x00, 0x01, 0xfc, 0x00, 0x01, 0xff, 0xff, 
0xff, 0xff, 0xfc, 0x00, 0x00, 0x07, 0xfc, 0x00, 0x01, 0xff, 0xff, 
0xff, 0xff, 0xf0, 0x00, 0x00, 0x0f, 0xfc, 0x00, 0x01, 0xff, 0xff, 
0xff, 0xff, 0xe0, 0x00, 0x00, 0x3f, 0xfc, 0x00, 0x01, 0xff, 0xff, 
0xff, 0xff, 0x80, 0x00, 0x00, 0xff, 0xfc, 0x00, 0x01, 0xff, 0xff, 
0xff, 0xff, 0x00, 0x00, 0x01, 0xff, 0xfc, 0x00, 0x01, 0xff, 0xff, 
0xff, 0xfc, 0x00, 0x00, 0x07, 0xff, 0xfc, 0x00, 0x01, 0xff, 0xff, 
0xff, 0xf8, 0x00, 0x00, 0x1f, 0xff, 0xfc, 0x00, 0x01, 0xff, 0xff, 
0xff, 0xe0, 0x00, 0x00, 0x3f, 0xff, 0xfc, 0x00, 0x01, 0xff, 0xff, 
0xff, 0xc0, 0x00, 0x00, 0xff, 0xff, 0xfc, 0x00, 0x01, 0xff, 0xff, 
0xff, 0x00, 0x00, 0x03, 0xff, 0xff, 0xfc, 0x00, 0x01, 0xff, 0xff, 
0xfe, 0x00, 0x00, 0x07, 0xff, 0xff, 0xfc, 0x00, 0x01, 0xff, 0xff, 
0xf8, 0x00, 0x00, 0x1f, 0xff, 0xff, 0xfc, 0x00, 0x01, 0xff, 0xff, 
0xf8, 0x00, 0x00, 0x7f, 0xff, 0xff, 0xfc, 0x00, 0x01, 0xff, 0xff, 
0xf8, 0x00, 0x00, 0x00, 0x00, 0x00, 0x00, 0x00, 0x00, 0x00, 0x3f, 
0xf8, 0x00, 0x00, 0x00, 0x00, 0x00, 0x00, 0x00, 0x00, 0x00, 0x3f, 
0xf8, 0x00, 0x00, 0x00, 0x00, 0x00, 0x00, 0x00, 0x00, 0x00, 0x3f, 
0xf8, 0x00, 0x00, 0x00, 0x00, 0x00, 0x00, 0x00, 0x00, 0x00, 0x3f, 
0xf8, 0x00, 0x00, 0x00, 0x00, 0x00, 0x00, 0x00, 0x00, 0x00, 0x3f, 
0xf8, 0x00, 0x00, 0x00, 0x00, 0x00, 0x00, 0x00, 0x00, 0x00, 0x3f, 
0xf8, 0x00, 0x00, 0x00, 0x00, 0x00, 0x00, 0x00, 0x00, 0x00, 0x3f, 
0xf8, 0x00, 0x00, 0x00, 0x00, 0x00, 0x00, 0x00, 0x00, 0x00, 0x3f, 
0xf8, 0x00, 0x00, 0x00, 0x00, 0x00, 0x00, 0x00, 0x00, 0x00, 0x3f, 
0xf8, 0x00, 0x00, 0x00, 0x00, 0x00, 0x00, 0x00, 0x00, 0x00, 0x3f, 
0xff, 0xff, 0xff, 0xff, 0xff, 0xff, 0xfc, 0x00, 0x01, 0xff, 0xff, 
0xff, 0xff, 0xff, 0xff, 0xff, 0xff, 0xfc, 0x00, 0x01, 0xff, 0xff, 
0xff, 0xff, 0xff, 0xff, 0xff, 0xff, 0xfc, 0x00, 0x01, 0xff, 0xff, 
0xff, 0xff, 0xff, 0xff, 0xff, 0xff, 0xfc, 0x00, 0x01, 0xff, 0xff, 
0xff, 0xff, 0xff, 0xff, 0xff, 0xff, 0xfc, 0x00, 0x01, 0xff, 0xff, 
0xff, 0xff, 0xff, 0xff, 0xff, 0xff, 0xfc, 0x00, 0x01, 0xff, 0xff, 
0xff, 0xff, 0xff, 0xff, 0xff, 0xff, 0xfc, 0x00, 0x01, 0xff, 0xff, 
0xff, 0xff, 0xff, 0xff, 0xff, 0xff, 0xff, 0xff, 0xff, 0xff, 0xff, 
0xff, 0xff, 0xff, 0xff, 0xff, 0xff, 0xff, 0xff, 0xff, 0xff, 0xff, 
}, /*Character 4*/
{ /*Character 5*/
0xff, 0xff, 0xff, 0xff, 0xff, 0xff, 0xff, 0xff, 0xff, 0xff, 0xff, 
0xff, 0xff, 0xff, 0xff, 0xff, 0xff, 0xff, 0xff, 0xff, 0xff, 0xff, 
0xff, 0xff, 0xff, 0xff, 0xff, 0xff, 0xff, 0x00, 0x1f, 0xff, 0xff, 
0xf0, 0x00, 0x00, 0x00, 0x00, 0x00, 0x0f, 0x00, 0x01, 0xff, 0xff, 
0xf0, 0x00, 0x00, 0x00, 0x00, 0x00, 0x0f, 0x00, 0x00, 0x3f, 0xff, 
0xf0, 0x00, 0x00, 0x00, 0x00, 0x00, 0x0f, 0x00, 0x00, 0x0f, 0xff, 
0xf0, 0x00, 0x00, 0x00, 0x00, 0x00, 0x0f, 0x00, 0x00, 0x07, 0xff, 
0xf0, 0x00, 0x00, 0x00, 0x00, 0x00, 0x0f, 0x00, 0x00, 0x03, 0xff, 
0xf0, 0x00, 0x00, 0x00, 0x00, 0x00, 0x0f, 0x00, 0x00, 0x01, 0xff, 
0xf0, 0x00, 0x00, 0x00, 0x00, 0x00, 0x0f, 0x00, 0x00, 0x00, 0xff, 
0xf0, 0x00, 0x00, 0x00, 0x00, 0x00, 0x0f, 0x00, 0x00, 0x00, 0xff, 
0xf0, 0x00, 0x00, 0x00, 0x00, 0x00, 0x0f, 0x00, 0x00, 0x00, 0x7f, 
0xf0, 0x00, 0x00, 0x00, 0x00, 0x00, 0x0f, 0x00, 0x00, 0x00, 0x7f, 
0xf0, 0x00, 0x0f, 0xff, 0x80, 0x00, 0x1f, 0xfc, 0x00, 0x00, 0x7f, 
0xf0, 0x00, 0x0f, 0xff, 0x80, 0x00, 0x7f, 0xff, 0x00, 0x00, 0x7f, 
0xf0, 0x00, 0x0f, 0xff, 0x80, 0x00, 0xff, 0xff, 0x80, 0x00, 0x3f, 
0xf0, 0x00, 0x0f, 0xff, 0x00, 0x00, 0xff, 0xff, 0x80, 0x00, 0x3f, 
0xf0, 0x00, 0x0f, 0xff, 0x00, 0x00, 0xff, 0xff, 0x80, 0x00, 0x3f, 
0xf0, 0x00, 0x0f, 0xff, 0x00, 0x00, 0xff, 0xff, 0xc0, 0x00, 0x3f, 
0xf0, 0x00, 0x0f, 0xff, 0x00, 0x00, 0xff, 0xff, 0xc0, 0x00, 0x3f, 
0xf0, 0x00, 0x0f, 0xff, 0x00, 0x00, 0xff, 0xff, 0xc0, 0x00, 0x3f, 
0xf0, 0x00, 0x0f, 0xff, 0x00, 0x00, 0xff, 0xff, 0xc0, 0x00, 0x3f, 
0xf0, 0x00, 0x0f, 0xff, 0x00, 0x00, 0xff, 0xff, 0xc0, 0x00, 0x3f, 
0xf0, 0x00, 0x0f, 0xff, 0x00, 0x00, 0xff, 0xff, 0xc0, 0x00, 0x3f, 
0xf0, 0x00, 0x0f, 0xff, 0x00, 0x00, 0xff, 0xff, 0xc0, 0x00, 0x3f, 
0xf0, 0x00, 0x0f, 0xff, 0x00, 0x00, 0xff, 0xff, 0xc0, 0x00, 0x3f, 
0xf0, 0x00, 0x0f, 0xff, 0x00, 0x00, 0xff, 0xff, 0xc0, 0x00, 0x3f, 
0xf0, 0x00, 0x0f, 0xff, 0x00, 0x00, 0xff, 0xff, 0xc0, 0x00, 0x3f, 
0xf0, 0x00, 0x0f, 0xff, 0x00, 0x00, 0xff, 0xff, 0xc0, 0x00, 0x3f, 
0xf0, 0x00, 0x0f, 0xff, 0x00, 0x00, 0xff, 0xff, 0xc0, 0x00, 0x3f, 
0xf0, 0x00, 0x0f, 0xff, 0x00, 0x00, 0xff, 0xff, 0x80, 0x00, 0x3f, 
0xf0, 0x00, 0x0f, 0xff, 0x00, 0x00, 0xff, 0xff, 0x80, 0x00, 0x3f, 
0xf0, 0x00, 0x0f, 0xff, 0x00, 0x00, 0xff, 0xff, 0x80, 0x00, 0x3f, 
0xf0, 0x00, 0x0f, 0xff, 0x00, 0x00, 0x7f, 0xff, 0x00, 0x00, 0x7f, 
0xf0, 0x00, 0x0f, 0xff, 0x00, 0x00, 0x3f, 0xfe, 0x00, 0x00, 0x7f, 
0xf0, 0x00, 0x0f, 0xff, 0x00, 0x00, 0x00, 0x00, 0x00, 0x00, 0x7f, 
0xf0, 0x00, 0x0f, 0xff, 0x00, 0x00, 0x00, 0x00, 0x00, 0x00, 0x7f, 
0xf0, 0x00, 0x0f, 0xff, 0x00, 0x00, 0x00, 0x00, 0x00, 0x00, 0x7f, 
0xf0, 0x00, 0x0f, 0xff, 0x00, 0x00, 0x00, 0x00, 0x00, 0x00, 0xff, 
0xf0, 0x00, 0x0f, 0xff, 0x80, 0x00, 0x00, 0x00, 0x00, 0x00, 0xff, 
0xf0, 0x00, 0x0f, 0xff, 0x80, 0x00, 0x00, 0x00, 0x00, 0x01, 0xff, 
0xf0, 0x00, 0x0f, 0xff, 0xc0, 0x00, 0x00, 0x00, 0x00, 0x03, 0xff, 
0xf0, 0x00, 0x0f, 0xff, 0xe0, 0x00, 0x00, 0x00, 0x00, 0x07, 0xff, 
0xf0, 0x00, 0x0f, 0xff, 0xf0, 0x00, 0x00, 0x00, 0x00, 0x0f, 0xff, 
0xf0, 0x00, 0x0f, 0xff, 0xfc, 0x00, 0x00, 0x00, 0x00, 0x1f, 0xff, 
0xf0, 0x00, 0x0f, 0xff, 0xff, 0x00, 0x00, 0x00, 0x00, 0x7f, 0xff, 
0xf0, 0x00, 0x0f, 0xff, 0xff, 0xc0, 0x00, 0x00, 0x07, 0xff, 0xff, 
0xf0, 0x00, 0x0f, 0xff, 0xff, 0xff, 0x80, 0x01, 0xff, 0xff, 0xff, 
0xff, 0xff, 0xff, 0xff, 0xff, 0xff, 0xff, 0xff, 0xff, 0xff, 0xff, 
0xff, 0xff, 0xff, 0xff, 0xff, 0xff, 0xff, 0xff, 0xff, 0xff, 0xff, 
0xff, 0xff, 0xff, 0xff, 0xff, 0xff, 0xff, 0xff, 0xff, 0xff, 0xff, 
0xff, 0xff, 0xff, 0xff, 0xff, 0xff, 0xff, 0xff, 0xff, 0xff, 0xff, 
}, /*Character 5*/
{ /*Character 6*/
0xff, 0xff, 0xff, 0xff, 0xff, 0xff, 0xff, 0xff, 0xff, 0xff, 0xff, 
0xff, 0xff, 0xff, 0xff, 0xff, 0xff, 0xff, 0xff, 0xff, 0xff, 0xff, 
0xff, 0xff, 0xf0, 0x00, 0x00, 0x00, 0x00, 0x00, 0x1f, 0xff, 0xff, 
0xff, 0xfe, 0x00, 0x00, 0x00, 0x00, 0x00, 0x00, 0x01, 0xff, 0xff, 
0xff, 0xf8, 0x00, 0x00, 0x00, 0x00, 0x00, 0x00, 0x00, 0x3f, 0xff, 
0xff, 0xe0, 0x00, 0x00, 0x00, 0x00, 0x00, 0x00, 0x00, 0x0f, 0xff, 
0xff, 0xc0, 0x00, 0x00, 0x00, 0x00, 0x00, 0x00, 0x00, 0x07, 0xff, 
0xff, 0x80, 0x00, 0x00, 0x00, 0x00, 0x00, 0x00, 0x00, 0x03, 0xff, 
0xff, 0x00, 0x00, 0x00, 0x00, 0x00, 0x00, 0x00, 0x00, 0x01, 0xff, 
0xfe, 0x00, 0x00, 0x00, 0x00, 0x00, 0x00, 0x00, 0x00, 0x00, 0xff, 
0xfe, 0x00, 0x00, 0x00, 0x00, 0x00, 0x00, 0x00, 0x00, 0x00, 0xff, 
0xfc, 0x00, 0x00, 0x00, 0x00, 0x00, 0x00, 0x00, 0x00, 0x00, 0x7f, 
0xfc, 0x00, 0x00, 0x00, 0x00, 0x00, 0x00, 0x00, 0x00, 0x00, 0x7f, 
0xfc, 0x00, 0x00, 0x00, 0x00, 0x00, 0x00, 0x00, 0x00, 0x00, 0x7f, 
0xf8, 0x00, 0x00, 0x1f, 0xe0, 0x00, 0x07, 0xf8, 0x00, 0x00, 0x7f, 
0xf8, 0x00, 0x00, 0xff, 0xf0, 0x00, 0x0f, 0xff, 0x00, 0x00, 0x3f, 
0xf8, 0x00, 0x03, 0xff, 0xe0, 0x00, 0x1f, 0xff, 0x80, 0x00, 0x3f, 
0xf8, 0x00, 0x03, 0xff, 0xe0, 0x00, 0x1f, 0xff, 0x80, 0x00, 0x3f, 
0xf8, 0x00, 0x07, 0xff, 0xc0, 0x00, 0x3f, 0xff, 0xc0, 0x00, 0x3f, 
0xf8, 0x00, 0x07, 0xff, 0xc0, 0x00, 0x3f, 0xff, 0xc0, 0x00, 0x3f, 
0xf8, 0x00, 0x07, 0xff, 0xc0, 0x00, 0x3f, 0xff, 0xc0, 0x00, 0x3f, 
0xf8, 0x00, 0x07, 0xff, 0xc0, 0x00, 0x3f, 0xff, 0xc0, 0x00, 0x3f, 
0xf8, 0x00, 0x07, 0xff, 0xc0, 0x00, 0x3f, 0xff, 0xc0, 0x00, 0x3f, 
0xf8, 0x00, 0x07, 0xff, 0xc0, 0x00, 0x3f, 0xff, 0xc0, 0x00, 0x3f, 
0xf8, 0x00, 0x07, 0xff, 0xc0, 0x00, 0x3f, 0xff, 0xc0, 0x00, 0x3f, 
0xf8, 0x00, 0x07, 0xff, 0xc0, 0x00, 0x3f, 0xff, 0xc0, 0x00, 0x3f, 
0xf8, 0x00, 0x07, 0xff, 0xc0, 0x00, 0x3f, 0xff, 0xc0, 0x00, 0x3f, 
0xf8, 0x00, 0x07, 0xff, 0xc0, 0x00, 0x3f, 0xff, 0xc0, 0x00, 0x3f, 
0xf8, 0x00, 0x07, 0xff, 0xc0, 0x00, 0x3f, 0xff, 0xc0, 0x00, 0x3f, 
0xf8, 0x00, 0x07, 0xff, 0xc0, 0x00, 0x3f, 0xff, 0xc0, 0x00, 0x3f, 
0xf8, 0x00, 0x07, 0xff, 0xc0, 0x00, 0x3f, 0xff, 0xc0, 0x00, 0x3f, 
0xf8, 0x00, 0x07, 0xff, 0xc0, 0x00, 0x3f, 0xff, 0xc0, 0x00, 0x3f, 
0xf8, 0x00, 0x07, 0xff, 0xc0, 0x00, 0x3f, 0xff, 0x80, 0x00, 0x3f, 
0xf8, 0x00, 0x07, 0xff, 0xc0, 0x00, 0x1f, 0xff, 0x80, 0x00, 0x3f, 
0xf8, 0x00, 0x03, 0xff, 0xc0, 0x00, 0x1f, 0xff, 0x80, 0x00, 0x3f, 
0xf8, 0x00, 0x01, 0xff, 0xc0, 0x00, 0x1f, 0xff, 0x00, 0x00, 0x3f, 
0xf8, 0x00, 0x00, 0x7f, 0xc0, 0x00, 0x0f, 0xfe, 0x00, 0x00, 0x3f, 
0xf8, 0x00, 0x00, 0x01, 0xc0, 0x00, 0x00, 0x00, 0x00, 0x00, 0x3f, 
0xf8, 0x00, 0x00, 0x01, 0xc0, 0x00, 0x00, 0x00, 0x00, 0x00, 0x7f, 
0xfc, 0x00, 0x00, 0x01, 0xe0, 0x00, 0x00, 0x00, 0x00, 0x00, 0x7f, 
0xfc, 0x00, 0x00, 0x01, 0xe0, 0x00, 0x00, 0x00, 0x00, 0x00, 0x7f, 
0xfe, 0x00, 0x00, 0x01, 0xf0, 0x00, 0x00, 0x00, 0x00, 0x00, 0xff, 
0xfe, 0x00, 0x00, 0x01, 0xf0, 0x00, 0x00, 0x00, 0x00, 0x00, 0xff, 
0xff, 0x00, 0x00, 0x01, 0xf8, 0x00, 0x00, 0x00, 0x00, 0x01, 0xff, 
0xff, 0x80, 0x00, 0x01, 0xf8, 0x00, 0x00, 0x00, 0x00, 0x03, 0xff, 
0xff, 0xc0, 0x00, 0x01, 0xfc, 0x00, 0x00, 0x00, 0x00, 0x07, 0xff, 
0xff, 0xe0, 0x00, 0x01, 0xff, 0x00, 0x00, 0x00, 0x00, 0x0f, 0xff, 
0xff, 0xf8, 0x00, 0x01, 0xff, 0xc0, 0x00, 0x00, 0x00, 0x3f, 0xff, 
0xff, 0xff, 0x00, 0x01, 0xff, 0xf0, 0x00, 0x00, 0x01, 0xff, 0xff, 
0xff, 0xff, 0xf8, 0x01, 0xff, 0xff, 0x80, 0x00, 0x3f, 0xff, 0xff, 
0xff, 0xff, 0xff, 0xff, 0xff, 0xff, 0xff, 0xff, 0xff, 0xff, 0xff, 
0xff, 0xff, 0xff, 0xff, 0xff, 0xff, 0xff, 0xff, 0xff, 0xff, 0xff, 
}, /*Character 6*/
{ /*Character 7*/
0xff, 0xff, 0xff, 0xff, 0xff, 0xff, 0xff, 0xff, 0xff, 0xff, 0xff, 
0xff, 0xff, 0xff, 0xff, 0xff, 0xff, 0xff, 0xff, 0xff, 0xff, 0xff, 
0xfc, 0x00, 0x03, 0xff, 0xff, 0xff, 0xff, 0xff, 0xff, 0xff, 0xff, 
0xfc, 0x00, 0x03, 0xff, 0xff, 0xff, 0xff, 0xff, 0xff, 0xff, 0xff, 
0xfc, 0x00, 0x03, 0xff, 0xff, 0xff, 0xff, 0xff, 0xff, 0xff, 0xff, 
0xfc, 0x00, 0x03, 0xff, 0xff, 0xff, 0xff, 0xff, 0xff, 0xff, 0xff, 
0xfc, 0x00, 0x03, 0xff, 0xff, 0xff, 0xff, 0xff, 0xff, 0xff, 0xbf, 
0xfc, 0x00, 0x03, 0xff, 0xff, 0xff, 0xff, 0xff, 0xff, 0xfe, 0x3f, 
0xfc, 0x00, 0x03, 0xff, 0xff, 0xff, 0xff, 0xff, 0xff, 0xf8, 0x3f, 
0xfc, 0x00, 0x03, 0xff, 0xff, 0xff, 0xff, 0xff, 0xff, 0xe0, 0x3f, 
0xfc, 0x00, 0x03, 0xff, 0xff, 0xff, 0xff, 0xff, 0xff, 0x80, 0x3f, 
0xfc, 0x00, 0x03, 0xff, 0xff, 0xff, 0xff, 0xff, 0xfe, 0x00, 0x3f, 
0xfc, 0x00, 0x03, 0xff, 0xff, 0xff, 0xff, 0xff, 0xf8, 0x00, 0x3f, 
0xfc, 0x00, 0x03, 0xff, 0xff, 0xff, 0xff, 0xff, 0xe0, 0x00, 0x3f, 
0xfc, 0x00, 0x03, 0xff, 0xff, 0xff, 0xff, 0xff, 0x00, 0x00, 0x3f, 
0xfc, 0x00, 0x03, 0xff, 0xff, 0xff, 0xff, 0xfc, 0x00, 0x00, 0x3f, 
0xfc, 0x00, 0x03, 0xff, 0xff, 0xff, 0xff, 0xf0, 0x00, 0x00, 0x3f, 
0xfc, 0x00, 0x03, 0xff, 0xff, 0xff, 0xff, 0xc0, 0x00, 0x00, 0x3f, 
0xfc, 0x00, 0x03, 0xff, 0xff, 0xff, 0xff, 0x00, 0x00, 0x00, 0x3f, 
0xfc, 0x00, 0x03, 0xff, 0xff, 0xff, 0xfc, 0x00, 0x00, 0x00, 0x3f, 
0xfc, 0x00, 0x03, 0xff, 0xff, 0xff, 0xf0, 0x00, 0x00, 0x00, 0x3f, 
0xfc, 0x00, 0x03, 0xff, 0xff, 0xff, 0xc0, 0x00, 0x00, 0x00, 0x3f, 
0xfc, 0x00, 0x03, 0xff, 0xff, 0xff, 0x00, 0x00, 0x00, 0x00, 0xff, 
0xfc, 0x00, 0x03, 0xff, 0xff, 0xfc, 0x00, 0x00, 0x00, 0x03, 0xff, 
0xfc, 0x00, 0x03, 0xff, 0xff, 0xf0, 0x00, 0x00, 0x00, 0x1f, 0xff, 
0xfc, 0x00, 0x03, 0xff, 0xff, 0xc0, 0x00, 0x00, 0x00, 0x7f, 0xff, 
0xfc, 0x00, 0x03, 0xff, 0xff, 0x00, 0x00, 0x00, 0x01, 0xff, 0xff, 
0xfc, 0x00, 0x03, 0xff, 0xfc, 0x00, 0x00, 0x00, 0x07, 0xff, 0xff, 
0xfc, 0x00, 0x03, 0xff, 0xe0, 0x00, 0x00, 0x00, 0x1f, 0xff, 0xff, 
0xfc, 0x00, 0x03, 0xff, 0x80, 0x00, 0x00, 0x00, 0xff, 0xff, 0xff, 
0xfc, 0x00, 0x03, 0xfe, 0x00, 0x00, 0x00, 0x03, 0xff, 0xff, 0xff, 
0xfc, 0x00, 0x03, 0xf8, 0x00, 0x00, 0x00, 0x0f, 0xff, 0xff, 0xff, 
0xfc, 0x00, 0x03, 0xe0, 0x00, 0x00, 0x00, 0x3f, 0xff, 0xff, 0xff, 
0xfc, 0x00, 0x03, 0x80, 0x00, 0x00, 0x00, 0xff, 0xff, 0xff, 0xff, 
0xfc, 0x00, 0x00, 0x00, 0x00, 0x00, 0x07, 0xff, 0xff, 0xff, 0xff, 
0xfc, 0x00, 0x00, 0x00, 0x00, 0x00, 0x1f, 0xff, 0xff, 0xff, 0xff, 
0xfc, 0x00, 0x00, 0x00, 0x00, 0x00, 0x7f, 0xff, 0xff, 0xff, 0xff, 
0xfc, 0x00, 0x00, 0x00, 0x00, 0x01, 0xff, 0xff, 0xff, 0xff, 0xff, 
0xfc, 0x00, 0x00, 0x00, 0x00, 0x07, 0xff, 0xff, 0xff, 0xff, 0xff, 
0xfc, 0x00, 0x00, 0x00, 0x00, 0x3f, 0xff, 0xff, 0xff, 0xff, 0xff, 
0xfc, 0x00, 0x00, 0x00, 0x00, 0xff, 0xff, 0xff, 0xff, 0xff, 0xff, 
0xfc, 0x00, 0x00, 0x00, 0x03, 0xff, 0xff, 0xff, 0xff, 0xff, 0xff, 
0xfc, 0x00, 0x00, 0x00, 0x0f, 0xff, 0xff, 0xff, 0xff, 0xff, 0xff, 
0xfc, 0x00, 0x00, 0x00, 0x7f, 0xff, 0xff, 0xff, 0xff, 0xff, 0xff, 
0xfc, 0x00, 0x00, 0x01, 0xff, 0xff, 0xff, 0xff, 0xff, 0xff, 0xff, 
0xfc, 0x00, 0x00, 0x07, 0xff, 0xff, 0xff, 0xff, 0xff, 0xff, 0xff, 
0xfc, 0x00, 0x00, 0x1f, 0xff, 0xff, 0xff, 0xff, 0xff, 0xff, 0xff, 
0xfc, 0x00, 0x00, 0x7f, 0xff, 0xff, 0xff, 0xff, 0xff, 0xff, 0xff, 
0xfc, 0x00, 0x03, 0xff, 0xff, 0xff, 0xff, 0xff, 0xff, 0xff, 0xff, 
0xff, 0xff, 0xff, 0xff, 0xff, 0xff, 0xff, 0xff, 0xff, 0xff, 0xff, 
0xff, 0xff, 0xff, 0xff, 0xff, 0xff, 0xff, 0xff, 0xff, 0xff, 0xff, 
0xff, 0xff, 0xff, 0xff, 0xff, 0xff, 0xff, 0xff, 0xff, 0xff, 0xff, 
}, /*Character 7*/
{ /*Character 8*/
0xff, 0xff, 0xff, 0xff, 0xff, 0xff, 0xff, 0xff, 0xff, 0xff, 0xff, 
0xff, 0xff, 0xff, 0xff, 0xff, 0xff, 0xff, 0xff, 0xff, 0xff, 0xff, 
0xff, 0xff, 0xff, 0xff, 0xff, 0xff, 0xff, 0x80, 0x7f, 0xff, 0xff, 
0xff, 0xff, 0xc0, 0x00, 0x3f, 0xff, 0x80, 0x00, 0x00, 0xff, 0xff, 
0xff, 0xfc, 0x00, 0x00, 0x07, 0xfc, 0x00, 0x00, 0x00, 0x1f, 0xff, 
0xff, 0xe0, 0x00, 0x00, 0x00, 0xf0, 0x00, 0x00, 0x00, 0x07, 0xff, 
0xff, 0xc0, 0x00, 0x00, 0x00, 0x20, 0x00, 0x00, 0x00, 0x03, 0xff, 
0xff, 0x80, 0x00, 0x00, 0x00, 0x00, 0x00, 0x00, 0x00, 0x01, 0xff, 
0xff, 0x00, 0x00, 0x00, 0x00, 0x00, 0x00, 0x00, 0x00, 0x00, 0xff, 
0xfe, 0x00, 0x00, 0x00, 0x00, 0x00, 0x00, 0x00, 0x00, 0x00, 0x7f, 
0xfc, 0x00, 0x00, 0x00, 0x00, 0x00, 0x00, 0x00, 0x00, 0x00, 0x7f, 
0xfc, 0x00, 0x00, 0x00, 0x00, 0x00, 0x00, 0x00, 0x00, 0x00, 0x7f, 
0xfc, 0x00, 0x00, 0x00, 0x00, 0x00, 0x00, 0x00, 0x00, 0x00, 0x3f, 
0xf8, 0x00, 0x00, 0x00, 0x00, 0x00, 0x00, 0x00, 0x00, 0x00, 0x3f, 
0xf8, 0x00, 0x00, 0x00, 0x00, 0x00, 0x00, 0x00, 0x00, 0x00, 0x3f, 
0xf8, 0x00, 0x01, 0xff, 0x00, 0x00, 0x07, 0xff, 0x80, 0x00, 0x3f, 
0xf8, 0x00, 0x07, 0xff, 0xc0, 0x00, 0x0f, 0xff, 0xc0, 0x00, 0x3f, 
0xf8, 0x00, 0x07, 0xff, 0xe0, 0x00, 0x1f, 0xff, 0xe0, 0x00, 0x3f, 
0xf8, 0x00, 0x0f, 0xff, 0xe0, 0x00, 0x1f, 0xff, 0xe0, 0x00, 0x3f, 
0xf8, 0x00, 0x0f, 0xff, 0xe0, 0x00, 0x1f, 0xff, 0xe0, 0x00, 0x3f, 
0xf8, 0x00, 0x0f, 0xff, 0xe0, 0x00, 0x3f, 0xff, 0xe0, 0x00, 0x3f, 
0xf8, 0x00, 0x0f, 0xff, 0xe0, 0x00, 0x3f, 0xff, 0xe0, 0x00, 0x3f, 
0xf8, 0x00, 0x0f, 0xff, 0xe0, 0x00, 0x3f, 0xff, 0xe0, 0x00, 0x3f, 
0xf8, 0x00, 0x0f, 0xff, 0xe0, 0x00, 0x3f, 0xff, 0xe0, 0x00, 0x3f, 
0xf8, 0x00, 0x0f, 0xff, 0xe0, 0x00, 0x3f, 0xff, 0xe0, 0x00, 0x3f, 
0xf8, 0x00, 0x0f, 0xff, 0xe0, 0x00, 0x3f, 0xff, 0xe0, 0x00, 0x3f, 
0xf8, 0x00, 0x0f, 0xff, 0xe0, 0x00, 0x3f, 0xff, 0xe0, 0x00, 0x3f, 
0xf8, 0x00, 0x0f, 0xff, 0xe0, 0x00, 0x3f, 0xff, 0xe0, 0x00, 0x3f, 
0xf8, 0x00, 0x0f, 0xff, 0xe0, 0x00, 0x3f, 0xff, 0xe0, 0x00, 0x3f, 
0xf8, 0x00, 0x0f, 0xff, 0xe0, 0x00, 0x3f, 0xff, 0xe0, 0x00, 0x3f, 
0xf8, 0x00, 0x0f, 0xff, 0xe0, 0x00, 0x3f, 0xff, 0xe0, 0x00, 0x3f, 
0xf8, 0x00, 0x0f, 0xff, 0xe0, 0x00, 0x3f, 0xff, 0xe0, 0x00, 0x3f, 
0xf8, 0x00, 0x0f, 0xff, 0xe0, 0x00, 0x3f, 0xff, 0xe0, 0x00, 0x3f, 
0xf8, 0x00, 0x0f, 0xff, 0xe0, 0x00, 0x1f, 0xff, 0xe0, 0x00, 0x3f, 
0xf8, 0x00, 0x0f, 0xff, 0xc0, 0x00, 0x1f, 0xff, 0xe0, 0x00, 0x3f, 
0xf8, 0x00, 0x07, 0xff, 0x80, 0x00, 0x1f, 0xff, 0xc0, 0x00, 0x3f, 
0xf8, 0x00, 0x01, 0xff, 0x00, 0x00, 0x07, 0xff, 0x80, 0x00, 0x3f, 
0xf8, 0x00, 0x00, 0x00, 0x00, 0x00, 0x00, 0x00, 0x00, 0x00, 0x3f, 
0xf8, 0x00, 0x00, 0x00, 0x00, 0x00, 0x00, 0x00, 0x00, 0x00, 0x3f, 
0xf8, 0x00, 0x00, 0x00, 0x00, 0x00, 0x00, 0x00, 0x00, 0x00, 0x3f, 
0xfc, 0x00, 0x00, 0x00, 0x00, 0x00, 0x00, 0x00, 0x00, 0x00, 0x3f, 
0xfc, 0x00, 0x00, 0x00, 0x00, 0x00, 0x00, 0x00, 0x00, 0x00, 0x7f, 
0xfe, 0x00, 0x00, 0x00, 0x00, 0x00, 0x00, 0x00, 0x00, 0x00, 0x7f, 
0xfe, 0x00, 0x00, 0x00, 0x00, 0x00, 0x00, 0x00, 0x00, 0x00, 0xff, 
0xff, 0x00, 0x00, 0x00, 0x00, 0x00, 0x00, 0x00, 0x00, 0x01, 0xff, 
0xff, 0xc0, 0x00, 0x00, 0x00, 0x60, 0x00, 0x00, 0x00, 0x03, 0xff, 
0xff, 0xe0, 0x00, 0x00, 0x01, 0xf0, 0x00, 0x00, 0x00, 0x0f, 0xff, 
0xff, 0xfc, 0x00, 0x00, 0x07, 0xfc, 0x00, 0x00, 0x00, 0x3f, 0xff, 
0xff, 0xff, 0xe0, 0x00, 0xff, 0xff, 0x80, 0x00, 0x01, 0xff, 0xff, 
0xff, 0xff, 0xff, 0xff, 0xff, 0xff, 0xff, 0xff, 0xff, 0xff, 0xff, 
0xff, 0xff, 0xff, 0xff, 0xff, 0xff, 0xff, 0xff, 0xff, 0xff, 0xff, 
0xff, 0xff, 0xff, 0xff, 0xff, 0xff, 0xff, 0xff, 0xff, 0xff, 0xff, 
}, /*Character 8*/
{ /*Character 9*/
0xff, 0xff, 0xff, 0xff, 0xff, 0xff, 0xff, 0xff, 0xff, 0xff, 0xff, 
0xff, 0xff, 0xff, 0xff, 0xff, 0xff, 0xff, 0xff, 0xff, 0xff, 0xff, 
0xff, 0xff, 0x80, 0x00, 0x00, 0x3f, 0xff, 0x00, 0x03, 0xff, 0xff, 
0xff, 0xfc, 0x00, 0x00, 0x00, 0x07, 0xff, 0x00, 0x00, 0x7f, 0xff, 
0xff, 0xf0, 0x00, 0x00, 0x00, 0x01, 0xff, 0x00, 0x00, 0x1f, 0xff, 
0xff, 0xc0, 0x00, 0x00, 0x00, 0x00, 0xff, 0x00, 0x00, 0x0f, 0xff, 
0xff, 0x80, 0x00, 0x00, 0x00, 0x00, 0x7f, 0x00, 0x00, 0x07, 0xff, 
0xff, 0x00, 0x00, 0x00, 0x00, 0x00, 0x3f, 0x00, 0x00, 0x03, 0xff, 
0xfe, 0x00, 0x00, 0x00, 0x00, 0x00, 0x1f, 0x00, 0x00, 0x01, 0xff, 
0xfc, 0x00, 0x00, 0x00, 0x00, 0x00, 0x1f, 0x00, 0x00, 0x00, 0xff, 
0xfc, 0x00, 0x00, 0x00, 0x00, 0x00, 0x1f, 0x00, 0x00, 0x00, 0xff, 
0xfc, 0x00, 0x00, 0x00, 0x00, 0x00, 0x0f, 0x00, 0x00, 0x00, 0x7f, 
0xf8, 0x00, 0x00, 0x00, 0x00, 0x00, 0x0f, 0x00, 0x00, 0x00, 0x7f, 
0xf8, 0x00, 0x00, 0x00, 0x00, 0x00, 0x0f, 0x00, 0x00, 0x00, 0x3f, 
0xf8, 0x00, 0x00, 0xff, 0x80, 0x00, 0x0f, 0xf8, 0x00, 0x00, 0x3f, 
0xf8, 0x00, 0x03, 0xff, 0xe0, 0x00, 0x0f, 0xfe, 0x00, 0x00, 0x3f, 
0xf8, 0x00, 0x07, 0xff, 0xf8, 0x00, 0x0f, 0xff, 0x80, 0x00, 0x3f, 
0xf8, 0x00, 0x07, 0xff, 0xf8, 0x00, 0x0f, 0xff, 0x80, 0x00, 0x3f, 
0xf8, 0x00, 0x07, 0xff, 0xf8, 0x00, 0x0f, 0xff, 0xc0, 0x00, 0x3f, 
0xf8, 0x00, 0x07, 0xff, 0xf8, 0x00, 0x0f, 0xff, 0xc0, 0x00, 0x3f, 
0xf8, 0x00, 0x07, 0xff, 0xf8, 0x00, 0x0f, 0xff, 0xc0, 0x00, 0x3f, 
0xf8, 0x00, 0x07, 0xff, 0xf8, 0x00, 0x0f, 0xff, 0xc0, 0x00, 0x3f, 
0xf8, 0x00, 0x07, 0xff, 0xf8, 0x00, 0x0f, 0xff, 0xc0, 0x00, 0x3f, 
0xf8, 0x00, 0x07, 0xff, 0xf8, 0x00, 0x0f, 0xff, 0xc0, 0x00, 0x3f, 
0xf8, 0x00, 0x07, 0xff, 0xf8, 0x00, 0x0f, 0xff, 0xc0, 0x00, 0x3f, 
0xf8, 0x00, 0x07, 0xff, 0xf8, 0x00, 0x0f, 0xff, 0xc0, 0x00, 0x3f, 
0xf8, 0x00, 0x07, 0xff, 0xf8, 0x00, 0x0f, 0xff, 0xc0, 0x00, 0x3f, 
0xf8, 0x00, 0x07, 0xff, 0xf8, 0x00, 0x0f, 0xff, 0xc0, 0x00, 0x3f, 
0xf8, 0x00, 0x07, 0xff, 0xf8, 0x00, 0x0f, 0xff, 0xc0, 0x00, 0x3f, 
0xf8, 0x00, 0x07, 0xff, 0xf8, 0x00, 0x0f, 0xff, 0xc0, 0x00, 0x3f, 
0xf8, 0x00, 0x07, 0xff, 0xf8, 0x00, 0x0f, 0xff, 0xc0, 0x00, 0x3f, 
0xf8, 0x00, 0x07, 0xff, 0xf8, 0x00, 0x0f, 0xff, 0xc0, 0x00, 0x3f, 
0xf8, 0x00, 0x07, 0xff, 0xf8, 0x00, 0x0f, 0xff, 0xc0, 0x00, 0x3f, 
0xf8, 0x00, 0x07, 0xff, 0xf8, 0x00, 0x1f, 0xff, 0x80, 0x00, 0x3f, 
0xf8, 0x00, 0x07, 0xff, 0xf8, 0x00, 0x1f, 0xff, 0x80, 0x00, 0x3f, 
0xf8, 0x00, 0x03, 0xff, 0xf0, 0x00, 0x1f, 0xff, 0x00, 0x00, 0x3f, 
0xf8, 0x00, 0x01, 0xff, 0xe0, 0x00, 0x3f, 0xfe, 0x00, 0x00, 0x3f, 
0xf8, 0x00, 0x00, 0x00, 0x00, 0x00, 0x60, 0x00, 0x00, 0x00, 0x7f, 
0xfc, 0x00, 0x00, 0x00, 0x00, 0x00, 0x00, 0x00, 0x00, 0x00, 0x7f, 
0xfc, 0x00, 0x00, 0x00, 0x00, 0x00, 0x00, 0x00, 0x00, 0x00, 0x7f, 
0xfc, 0x00, 0x00, 0x00, 0x00, 0x00, 0x00, 0x00, 0x00, 0x00, 0xff, 
0xfe, 0x00, 0x00, 0x00, 0x00, 0x00, 0x00, 0x00, 0x00, 0x00, 0xff, 
0xfe, 0x00, 0x00, 0x00, 0x00, 0x00, 0x00, 0x00, 0x00, 0x01, 0xff, 
0xff, 0x00, 0x00, 0x00, 0x00, 0x00, 0x00, 0x00, 0x00, 0x01, 0xff, 
0xff, 0x80, 0x00, 0x00, 0x00, 0x00, 0x00, 0x00, 0x00, 0x03, 0xff, 
0xff, 0xc0, 0x00, 0x00, 0x00, 0x00, 0x00, 0x00, 0x00, 0x0f, 0xff, 
0xff, 0xf0, 0x00, 0x00, 0x00, 0x00, 0x00, 0x00, 0x00, 0x1f, 0xff, 
0xff, 0xfc, 0x00, 0x00, 0x00, 0x00, 0x00, 0x00, 0x00, 0x7f, 0xff, 
0xff, 0xff, 0x00, 0x00, 0x00, 0x00, 0x00, 0x00, 0x03, 0xff, 0xff, 
0xff, 0xff, 0xf0, 0x00, 0x00, 0x00, 0x00, 0x00, 0x7f, 0xff, 0xff, 
0xff, 0xff, 0xff, 0xff, 0xff, 0xff, 0xff, 0xff, 0xff, 0xff, 0xff, 
0xff, 0xff, 0xff, 0xff, 0xff, 0xff, 0xff, 0xff, 0xff, 0xff, 0xff, 
}, /*Character 9*/
}; /*black layer inscription*/
#endif


/*************************** 212x104 resolution material *****************************************************/
#if (EINK_MODEL== EINK_MODEL_SSD1680_212X104)||(EINK_MODEL== EINK_MODEL_PERVASIVE_212X104)
const unsigned char part_bigNum[10][324] = { /*Black layer inscription, height 72, width 360*/
{ /*Character 0*/
0xff, 0xff, 0xff, 0xff, 0xff, 0xff, 0xff, 0xff, 0xff, 
0xff, 0xff, 0xff, 0xff, 0xff, 0xff, 0xff, 0xff, 0xff, 
0xff, 0xff, 0x80, 0x00, 0x00, 0x00, 0x00, 0xff, 0xff, 
0xff, 0xf8, 0x00, 0x00, 0x00, 0x00, 0x00, 0x0f, 0xff, 
0xff, 0xe0, 0x00, 0x00, 0x00, 0x00, 0x00, 0x03, 0xff, 
0xff, 0x80, 0x00, 0x00, 0x00, 0x00, 0x00, 0x01, 0xff, 
0xff, 0x00, 0x00, 0x00, 0x00, 0x00, 0x00, 0x00, 0x7f, 
0xfe, 0x00, 0x00, 0x00, 0x00, 0x00, 0x00, 0x00, 0x3f, 
0xfe, 0x00, 0x00, 0x00, 0x00, 0x00, 0x00, 0x00, 0x3f, 
0xfc, 0x00, 0x00, 0x00, 0x00, 0x00, 0x00, 0x00, 0x1f, 
0xfc, 0x00, 0x00, 0x00, 0x00, 0x00, 0x00, 0x00, 0x0f, 
0xf8, 0x00, 0x00, 0x00, 0x00, 0x00, 0x00, 0x00, 0x0f, 
0xf8, 0x00, 0x00, 0x00, 0x00, 0x00, 0x00, 0x00, 0x0f, 
0xf8, 0x00, 0x00, 0x00, 0x00, 0x00, 0x00, 0x00, 0x0f, 
0xf0, 0x00, 0x00, 0x00, 0x00, 0x00, 0x00, 0x00, 0x07, 
0xf0, 0x00, 0x00, 0x00, 0x00, 0x00, 0x00, 0x00, 0x07, 
0xf0, 0x00, 0x00, 0x00, 0x00, 0x00, 0x00, 0x00, 0x07, 
0xf0, 0x03, 0xff, 0xff, 0xff, 0xff, 0xff, 0xe0, 0x07, 
0xf0, 0x07, 0xff, 0xff, 0xff, 0xff, 0xff, 0xf0, 0x07, 
0xf0, 0x03, 0xff, 0xff, 0xff, 0xff, 0xff, 0xe0, 0x07, 
0xf0, 0x00, 0x00, 0x00, 0x00, 0x00, 0x00, 0x00, 0x07, 
0xf0, 0x00, 0x00, 0x00, 0x00, 0x00, 0x00, 0x00, 0x07, 
0xf0, 0x00, 0x00, 0x00, 0x00, 0x00, 0x00, 0x00, 0x07, 
0xf8, 0x00, 0x00, 0x00, 0x00, 0x00, 0x00, 0x00, 0x07, 
0xf8, 0x00, 0x00, 0x00, 0x00, 0x00, 0x00, 0x00, 0x0f, 
0xf8, 0x00, 0x00, 0x00, 0x00, 0x00, 0x00, 0x00, 0x0f, 
0xfc, 0x00, 0x00, 0x00, 0x00, 0x00, 0x00, 0x00, 0x0f, 
0xfc, 0x00, 0x00, 0x00, 0x00, 0x00, 0x00, 0x00, 0x1f, 
0xfe, 0x00, 0x00, 0x00, 0x00, 0x00, 0x00, 0x00, 0x1f, 
0xff, 0x00, 0x00, 0x00, 0x00, 0x00, 0x00, 0x00, 0x3f, 
0xff, 0x80, 0x00, 0x00, 0x00, 0x00, 0x00, 0x00, 0x7f, 
0xff, 0xc0, 0x00, 0x00, 0x00, 0x00, 0x00, 0x00, 0xff, 
0xff, 0xe0, 0x00, 0x00, 0x00, 0x00, 0x00, 0x03, 0xff, 
0xff, 0xf8, 0x00, 0x00, 0x00, 0x00, 0x00, 0x0f, 0xff, 
0xff, 0xff, 0xff, 0xff, 0xff, 0xff, 0xff, 0xff, 0xff, 
0xff, 0xff, 0xff, 0xff, 0xff, 0xff, 0xff, 0xff, 0xff, 
}, /*Character 0*/
{ /*Character 1*/
0xff, 0xff, 0xff, 0xff, 0xff, 0xff, 0xff, 0xff, 0xff, 
0xff, 0xff, 0xff, 0xff, 0xff, 0xff, 0xff, 0xff, 0xff, 
0xff, 0xff, 0xff, 0xff, 0xff, 0xff, 0xff, 0xff, 0xff, 
0xff, 0xff, 0xff, 0xff, 0xff, 0xff, 0xff, 0xff, 0xff, 
0xff, 0xff, 0xff, 0xff, 0xff, 0xff, 0xff, 0xff, 0xff, 
0xff, 0xfc, 0x07, 0xff, 0xff, 0xff, 0xff, 0xff, 0xff, 
0xff, 0xfc, 0x07, 0xff, 0xff, 0xff, 0xff, 0xff, 0xff, 
0xff, 0xfc, 0x07, 0xff, 0xff, 0xff, 0xff, 0xff, 0xff, 
0xff, 0xf8, 0x07, 0xff, 0xff, 0xff, 0xff, 0xff, 0xff, 
0xff, 0xf8, 0x07, 0xff, 0xff, 0xff, 0xff, 0xff, 0xff, 
0xff, 0xf8, 0x07, 0xff, 0xff, 0xff, 0xff, 0xff, 0xff, 
0xff, 0xf0, 0x07, 0xff, 0xff, 0xff, 0xff, 0xff, 0xff, 
0xff, 0xf0, 0x03, 0xff, 0xff, 0xff, 0xff, 0xff, 0xff, 
0xff, 0xe0, 0x03, 0xff, 0xff, 0xff, 0xff, 0xff, 0xff, 
0xff, 0xe0, 0x01, 0xff, 0xff, 0xff, 0xff, 0xff, 0xff, 
0xff, 0xc0, 0x00, 0x00, 0x00, 0x00, 0x00, 0x00, 0x0f, 
0xff, 0xc0, 0x00, 0x00, 0x00, 0x00, 0x00, 0x00, 0x0f, 
0xff, 0x80, 0x00, 0x00, 0x00, 0x00, 0x00, 0x00, 0x0f, 
0xff, 0x00, 0x00, 0x00, 0x00, 0x00, 0x00, 0x00, 0x0f, 
0xff, 0x00, 0x00, 0x00, 0x00, 0x00, 0x00, 0x00, 0x0f, 
0xfe, 0x00, 0x00, 0x00, 0x00, 0x00, 0x00, 0x00, 0x0f, 
0xfc, 0x00, 0x00, 0x00, 0x00, 0x00, 0x00, 0x00, 0x0f, 
0xf8, 0x00, 0x00, 0x00, 0x00, 0x00, 0x00, 0x00, 0x0f, 
0xf8, 0x00, 0x00, 0x00, 0x00, 0x00, 0x00, 0x00, 0x0f, 
0xf8, 0x00, 0x00, 0x00, 0x00, 0x00, 0x00, 0x00, 0x0f, 
0xf8, 0x00, 0x00, 0x00, 0x00, 0x00, 0x00, 0x00, 0x0f, 
0xf8, 0x00, 0x00, 0x00, 0x00, 0x00, 0x00, 0x00, 0x0f, 
0xf8, 0x00, 0x00, 0x00, 0x00, 0x00, 0x00, 0x00, 0x0f, 
0xf8, 0x00, 0x00, 0x00, 0x00, 0x00, 0x00, 0x00, 0x0f, 
0xf8, 0x00, 0x00, 0x00, 0x00, 0x00, 0x00, 0x00, 0x0f, 
0xff, 0xff, 0xff, 0xff, 0xff, 0xff, 0xff, 0xff, 0xff, 
0xff, 0xff, 0xff, 0xff, 0xff, 0xff, 0xff, 0xff, 0xff, 
0xff, 0xff, 0xff, 0xff, 0xff, 0xff, 0xff, 0xff, 0xff, 
0xff, 0xff, 0xff, 0xff, 0xff, 0xff, 0xff, 0xff, 0xff, 
0xff, 0xff, 0xff, 0xff, 0xff, 0xff, 0xff, 0xff, 0xff, 
0xff, 0xff, 0xff, 0xff, 0xff, 0xff, 0xff, 0xff, 0xff, 
}, /*Character 1*/
{ /*Character 2*/
0xff, 0xff, 0xff, 0xff, 0xff, 0xff, 0xff, 0xff, 0xff, 
0xff, 0xff, 0xff, 0xff, 0xff, 0xff, 0xff, 0xff, 0xff, 
0xff, 0xff, 0x00, 0x1f, 0xff, 0xff, 0xff, 0xf0, 0x0f, 
0xff, 0xf8, 0x00, 0x1f, 0xff, 0xff, 0xff, 0xc0, 0x0f, 
0xff, 0xe0, 0x00, 0x1f, 0xff, 0xff, 0xff, 0x00, 0x0f, 
0xff, 0x80, 0x00, 0x1f, 0xff, 0xff, 0xfc, 0x00, 0x0f, 
0xff, 0x00, 0x00, 0x1f, 0xff, 0xff, 0xf0, 0x00, 0x0f, 
0xfe, 0x00, 0x00, 0x1f, 0xff, 0xff, 0xc0, 0x00, 0x0f, 
0xfc, 0x00, 0x00, 0x1f, 0xff, 0xfe, 0x00, 0x00, 0x0f, 
0xfc, 0x00, 0x00, 0x1f, 0xff, 0xf8, 0x00, 0x00, 0x0f, 
0xf8, 0x00, 0x00, 0x1f, 0xff, 0xe0, 0x00, 0x00, 0x0f, 
0xf8, 0x00, 0x00, 0x1f, 0xff, 0x80, 0x00, 0x00, 0x0f, 
0xf8, 0x00, 0x00, 0x1f, 0xfe, 0x00, 0x00, 0x00, 0x0f, 
0xf0, 0x00, 0x00, 0x1f, 0xf8, 0x00, 0x00, 0x00, 0x0f, 
0xf0, 0x01, 0xff, 0xff, 0xe0, 0x00, 0x00, 0x00, 0x0f, 
0xf0, 0x03, 0xff, 0xff, 0x80, 0x00, 0x00, 0x00, 0x0f, 
0xf0, 0x07, 0xff, 0xfe, 0x00, 0x00, 0x00, 0x00, 0x0f, 
0xf0, 0x07, 0xff, 0xf8, 0x00, 0x00, 0x00, 0x00, 0x0f, 
0xf0, 0x07, 0xff, 0xc0, 0x00, 0x00, 0x00, 0x00, 0x0f, 
0xf0, 0x03, 0xfe, 0x00, 0x00, 0x00, 0x00, 0x20, 0x0f, 
0xf0, 0x00, 0x00, 0x00, 0x00, 0x00, 0x00, 0xe0, 0x0f, 
0xf0, 0x00, 0x00, 0x00, 0x00, 0x00, 0x01, 0xe0, 0x0f, 
0xf0, 0x00, 0x00, 0x00, 0x00, 0x00, 0x07, 0xe0, 0x0f, 
0xf8, 0x00, 0x00, 0x00, 0x00, 0x00, 0x1f, 0xe0, 0x0f, 
0xf8, 0x00, 0x00, 0x00, 0x00, 0x00, 0x7f, 0xe0, 0x0f, 
0xf8, 0x00, 0x00, 0x00, 0x00, 0x01, 0xff, 0xe0, 0x0f, 
0xfc, 0x00, 0x00, 0x00, 0x00, 0x07, 0xff, 0xe0, 0x0f, 
0xfc, 0x00, 0x00, 0x00, 0x00, 0x0f, 0xff, 0xe0, 0x0f, 
0xfe, 0x00, 0x00, 0x00, 0x00, 0x3f, 0xff, 0xe0, 0x0f, 
0xff, 0x00, 0x00, 0x00, 0x00, 0xff, 0xff, 0xe0, 0x0f, 
0xff, 0x80, 0x00, 0x00, 0x03, 0xff, 0xff, 0xe0, 0x0f, 
0xff, 0xc0, 0x00, 0x00, 0x1f, 0xff, 0xff, 0xe0, 0x0f, 
0xff, 0xe0, 0x00, 0x00, 0x7f, 0xff, 0xff, 0xe0, 0x0f, 
0xff, 0xf8, 0x00, 0x03, 0xff, 0xff, 0xff, 0xe0, 0x0f, 
0xff, 0xff, 0x00, 0x3f, 0xff, 0xff, 0xff, 0xff, 0xff, 
0xff, 0xff, 0xff, 0xff, 0xff, 0xff, 0xff, 0xff, 0xff, 
}, /*Character 2*/
{ /*Character 3*/
0xff, 0xff, 0xff, 0xff, 0xff, 0xff, 0xff, 0xff, 0xff, 
0xff, 0xff, 0xff, 0xff, 0xff, 0xff, 0xff, 0xff, 0xff, 
0xff, 0xfc, 0x00, 0x7f, 0xff, 0xc0, 0x00, 0x7f, 0xff, 
0xff, 0xc0, 0x00, 0x7f, 0xff, 0xc0, 0x00, 0x07, 0xff, 
0xff, 0x00, 0x00, 0x7f, 0xff, 0xc0, 0x00, 0x01, 0xff, 
0xfe, 0x00, 0x00, 0x7f, 0xff, 0xc0, 0x00, 0x00, 0xff, 
0xfe, 0x00, 0x00, 0x7f, 0xff, 0xc0, 0x00, 0x00, 0x7f, 
0xfc, 0x00, 0x00, 0x7f, 0xff, 0xc0, 0x00, 0x00, 0x3f, 
0xf8, 0x00, 0x00, 0x7f, 0xff, 0xc0, 0x00, 0x00, 0x1f, 
0xf8, 0x00, 0x00, 0x7f, 0xff, 0xc0, 0x00, 0x00, 0x1f, 
0xf8, 0x00, 0x00, 0x7f, 0xff, 0xc0, 0x00, 0x00, 0x0f, 
0xf8, 0x00, 0x00, 0x7f, 0xff, 0xc0, 0x00, 0x00, 0x0f, 
0xf0, 0x00, 0x00, 0x78, 0x03, 0xc0, 0x00, 0x00, 0x0f, 
0xf0, 0x00, 0x00, 0x78, 0x03, 0xc0, 0x00, 0x00, 0x07, 
0xf0, 0x00, 0x00, 0x78, 0x03, 0xc0, 0x00, 0x00, 0x07, 
0xf0, 0x03, 0xff, 0xf8, 0x03, 0xff, 0xff, 0xe0, 0x07, 
0xf0, 0x07, 0xff, 0xf8, 0x03, 0xff, 0xff, 0xf0, 0x07, 
0xf0, 0x07, 0xff, 0xf0, 0x01, 0xff, 0xff, 0xf0, 0x07, 
0xf0, 0x03, 0xff, 0xe0, 0x00, 0xff, 0xff, 0xf0, 0x07, 
0xf0, 0x00, 0x00, 0x00, 0x00, 0x7f, 0xff, 0xe0, 0x07, 
0xf0, 0x00, 0x00, 0x00, 0x00, 0x00, 0x00, 0x00, 0x07, 
0xf0, 0x00, 0x00, 0x00, 0x00, 0x00, 0x00, 0x00, 0x07, 
0xf0, 0x00, 0x00, 0x00, 0x00, 0x00, 0x00, 0x00, 0x07, 
0xf8, 0x00, 0x00, 0x00, 0x00, 0x00, 0x00, 0x00, 0x07, 
0xf8, 0x00, 0x00, 0x00, 0x00, 0x00, 0x00, 0x00, 0x0f, 
0xf8, 0x00, 0x00, 0x00, 0x00, 0x00, 0x00, 0x00, 0x0f, 
0xfc, 0x00, 0x00, 0x00, 0x00, 0x00, 0x00, 0x00, 0x0f, 
0xfc, 0x00, 0x00, 0x00, 0x00, 0x00, 0x00, 0x00, 0x1f, 
0xfe, 0x00, 0x00, 0x00, 0x80, 0x00, 0x00, 0x00, 0x1f, 
0xfe, 0x00, 0x00, 0x00, 0x80, 0x00, 0x00, 0x00, 0x3f, 
0xff, 0x00, 0x00, 0x01, 0xc0, 0x00, 0x00, 0x00, 0x7f, 
0xff, 0xc0, 0x00, 0x03, 0xc0, 0x00, 0x00, 0x00, 0xff, 
0xff, 0xf0, 0x00, 0x0f, 0xe0, 0x00, 0x00, 0x01, 0xff, 
0xff, 0xfe, 0x00, 0x3f, 0xf8, 0x00, 0x00, 0x07, 0xff, 
0xff, 0xff, 0xff, 0xff, 0xff, 0x00, 0x00, 0x7f, 0xff, 
0xff, 0xff, 0xff, 0xff, 0xff, 0xff, 0xff, 0xff, 0xff, 
}, /*Character 3*/
{ /*Character 4*/
0xff, 0xff, 0xff, 0xff, 0xff, 0xf0, 0x00, 0x7f, 0xff, 
0xff, 0xff, 0xff, 0xff, 0xff, 0x80, 0x00, 0x7f, 0xff, 
0xff, 0xff, 0xff, 0xff, 0xfc, 0x00, 0x00, 0x7f, 0xff, 
0xff, 0xff, 0xff, 0xff, 0xc0, 0x00, 0x00, 0x7f, 0xff, 
0xff, 0xff, 0xff, 0xfe, 0x00, 0x00, 0x00, 0x7f, 0xff, 
0xff, 0xff, 0xff, 0xf0, 0x00, 0x00, 0x00, 0x7f, 0xff, 
0xff, 0xff, 0xff, 0x00, 0x00, 0x00, 0x00, 0x7f, 0xff, 
0xff, 0xff, 0xf8, 0x00, 0x00, 0x00, 0x00, 0x7f, 0xff, 
0xff, 0xff, 0xc0, 0x00, 0x00, 0x00, 0x00, 0x7f, 0xff, 
0xff, 0xfc, 0x00, 0x00, 0x00, 0x00, 0x00, 0x7f, 0xff, 
0xff, 0xe0, 0x00, 0x00, 0x00, 0x04, 0x00, 0x7f, 0xff, 
0xff, 0x00, 0x00, 0x00, 0x00, 0x7c, 0x00, 0x7f, 0xff, 
0xf8, 0x00, 0x00, 0x00, 0x07, 0xfc, 0x00, 0x7f, 0xff, 
0xf8, 0x00, 0x00, 0x00, 0x7f, 0xfc, 0x00, 0x7f, 0xff, 
0xf8, 0x00, 0x00, 0x07, 0xff, 0xfc, 0x00, 0x7f, 0xff, 
0xf8, 0x00, 0x00, 0x7f, 0xff, 0xfc, 0x00, 0x7f, 0xff, 
0xf8, 0x00, 0x07, 0xff, 0xff, 0xfc, 0x00, 0x7f, 0xff, 
0xf8, 0x00, 0x00, 0x00, 0x00, 0x00, 0x00, 0x00, 0x0f, 
0xf8, 0x00, 0x00, 0x00, 0x00, 0x00, 0x00, 0x00, 0x0f, 
0xf8, 0x00, 0x00, 0x00, 0x00, 0x00, 0x00, 0x00, 0x0f, 
0xf8, 0x00, 0x00, 0x00, 0x00, 0x00, 0x00, 0x00, 0x0f, 
0xf8, 0x00, 0x00, 0x00, 0x00, 0x00, 0x00, 0x00, 0x0f, 
0xf8, 0x00, 0x00, 0x00, 0x00, 0x00, 0x00, 0x00, 0x0f, 
0xf8, 0x00, 0x00, 0x00, 0x00, 0x00, 0x00, 0x00, 0x0f, 
0xf8, 0x00, 0x00, 0x00, 0x00, 0x00, 0x00, 0x00, 0x0f, 
0xf8, 0x00, 0x00, 0x00, 0x00, 0x00, 0x00, 0x00, 0x0f, 
0xf8, 0x00, 0x00, 0x00, 0x00, 0x00, 0x00, 0x00, 0x0f, 
0xf8, 0x00, 0x00, 0x00, 0x00, 0x00, 0x00, 0x00, 0x0f, 
0xf8, 0x00, 0x00, 0x00, 0x00, 0x00, 0x00, 0x00, 0x0f, 
0xf8, 0x00, 0x00, 0x00, 0x00, 0x00, 0x00, 0x00, 0x0f, 
0xf8, 0x00, 0x00, 0x00, 0x00, 0x00, 0x00, 0x00, 0x0f, 
0xf8, 0x00, 0x00, 0x00, 0x00, 0x00, 0x00, 0x00, 0x0f, 
0xff, 0xff, 0xff, 0xff, 0xff, 0xfc, 0x00, 0x7f, 0xff, 
0xff, 0xff, 0xff, 0xff, 0xff, 0xfc, 0x00, 0x7f, 0xff, 
0xff, 0xff, 0xff, 0xff, 0xff, 0xfc, 0x00, 0x7f, 0xff, 
0xff, 0xff, 0xff, 0xff, 0xff, 0xfc, 0x00, 0x7f, 0xff, 
}, /*Character 4*/
{ /*Character 5*/
0xff, 0xff, 0xff, 0xff, 0xff, 0xff, 0xff, 0xff, 0xff, 
0xff, 0xff, 0xff, 0xff, 0xff, 0xff, 0xff, 0xff, 0xff, 
0xff, 0xff, 0xf0, 0x00, 0x0f, 0xf0, 0x00, 0xff, 0xff, 
0xf8, 0x00, 0x00, 0x00, 0x0f, 0xf0, 0x00, 0x0f, 0xff, 
0xf8, 0x00, 0x00, 0x00, 0x0f, 0xf0, 0x00, 0x03, 0xff, 
0xf8, 0x00, 0x00, 0x00, 0x0f, 0xf0, 0x00, 0x00, 0xff, 
0xf8, 0x00, 0x00, 0x00, 0x0f, 0xf0, 0x00, 0x00, 0x7f, 
0xf8, 0x00, 0x00, 0x00, 0x0f, 0xf0, 0x00, 0x00, 0x3f, 
0xf8, 0x00, 0x00, 0x00, 0x0f, 0xf0, 0x00, 0x00, 0x3f, 
0xf8, 0x00, 0x00, 0x00, 0x0f, 0xf0, 0x00, 0x00, 0x1f, 
0xf8, 0x00, 0x00, 0x00, 0x0f, 0xf0, 0x00, 0x00, 0x1f, 
0xf8, 0x00, 0x00, 0x00, 0x0f, 0xf0, 0x00, 0x00, 0x0f, 
0xf8, 0x00, 0x00, 0x00, 0x0f, 0xf0, 0x00, 0x00, 0x0f, 
0xf8, 0x00, 0x00, 0x00, 0x0f, 0xf0, 0x00, 0x00, 0x0f, 
0xf8, 0x00, 0x00, 0x00, 0x0f, 0xf0, 0x00, 0x00, 0x07, 
0xf8, 0x00, 0x00, 0x00, 0x0f, 0xf0, 0x00, 0x00, 0x07, 
0xf8, 0x03, 0xff, 0x80, 0x0f, 0xf0, 0x00, 0x00, 0x07, 
0xf8, 0x03, 0xff, 0x01, 0xff, 0xff, 0xff, 0xe0, 0x07, 
0xf8, 0x03, 0xfe, 0x03, 0xff, 0xff, 0xff, 0xf0, 0x07, 
0xf8, 0x03, 0xfc, 0x01, 0xff, 0xff, 0xff, 0xe0, 0x07, 
0xf8, 0x03, 0xfc, 0x00, 0x00, 0x00, 0x00, 0x00, 0x07, 
0xf8, 0x03, 0xf8, 0x00, 0x00, 0x00, 0x00, 0x00, 0x07, 
0xf8, 0x03, 0xf8, 0x00, 0x00, 0x00, 0x00, 0x00, 0x07, 
0xf8, 0x03, 0xf8, 0x00, 0x00, 0x00, 0x00, 0x00, 0x07, 
0xf8, 0x03, 0xf8, 0x00, 0x00, 0x00, 0x00, 0x00, 0x0f, 
0xf8, 0x03, 0xf8, 0x00, 0x00, 0x00, 0x00, 0x00, 0x0f, 
0xf8, 0x03, 0xf8, 0x00, 0x00, 0x00, 0x00, 0x00, 0x0f, 
0xf8, 0x03, 0xf8, 0x00, 0x00, 0x00, 0x00, 0x00, 0x1f, 
0xf8, 0x03, 0xfc, 0x00, 0x00, 0x00, 0x00, 0x00, 0x1f, 
0xf8, 0x03, 0xfc, 0x00, 0x00, 0x00, 0x00, 0x00, 0x3f, 
0xf8, 0x03, 0xfe, 0x00, 0x00, 0x00, 0x00, 0x00, 0x7f, 
0xf8, 0x03, 0xff, 0x00, 0x00, 0x00, 0x00, 0x00, 0xff, 
0xff, 0xff, 0xff, 0x80, 0x00, 0x00, 0x00, 0x01, 0xff, 
0xff, 0xff, 0xff, 0xe0, 0x00, 0x00, 0x00, 0x07, 0xff, 
0xff, 0xff, 0xff, 0xfe, 0x00, 0x00, 0x00, 0x7f, 0xff, 
0xff, 0xff, 0xff, 0xff, 0xff, 0xff, 0xff, 0xff, 0xff, 
}, /*Character 5*/
{ /*Character 6*/
0xff, 0xff, 0xff, 0xff, 0xff, 0xff, 0xff, 0xff, 0xff, 
0xff, 0xff, 0x00, 0x00, 0x00, 0x00, 0x00, 0x7f, 0xff, 
0xff, 0xf8, 0x00, 0x00, 0x00, 0x00, 0x00, 0x0f, 0xff, 
0xff, 0xe0, 0x00, 0x00, 0x00, 0x00, 0x00, 0x03, 0xff, 
0xff, 0xc0, 0x00, 0x00, 0x00, 0x00, 0x00, 0x01, 0xff, 
0xff, 0x00, 0x00, 0x00, 0x00, 0x00, 0x00, 0x00, 0x7f, 
0xff, 0x00, 0x00, 0x00, 0x00, 0x00, 0x00, 0x00, 0x3f, 
0xfe, 0x00, 0x00, 0x00, 0x00, 0x00, 0x00, 0x00, 0x3f, 
0xfc, 0x00, 0x00, 0x00, 0x00, 0x00, 0x00, 0x00, 0x1f, 
0xfc, 0x00, 0x00, 0x00, 0x00, 0x00, 0x00, 0x00, 0x1f, 
0xf8, 0x00, 0x00, 0x00, 0x00, 0x00, 0x00, 0x00, 0x0f, 
0xf8, 0x00, 0x00, 0x00, 0x00, 0x00, 0x00, 0x00, 0x0f, 
0xf8, 0x00, 0x00, 0x00, 0x00, 0x00, 0x00, 0x00, 0x0f, 
0xf0, 0x00, 0x00, 0x00, 0x00, 0x00, 0x00, 0x00, 0x07, 
0xf0, 0x00, 0x00, 0x00, 0x00, 0x00, 0x00, 0x00, 0x07, 
0xf0, 0x00, 0x00, 0x00, 0x00, 0x00, 0x00, 0x00, 0x07, 
0xf0, 0x03, 0xff, 0xfc, 0x0f, 0xff, 0xff, 0xe0, 0x07, 
0xf0, 0x07, 0xff, 0xf8, 0x1f, 0xff, 0xff, 0xf0, 0x07, 
0xf0, 0x07, 0xff, 0xf0, 0x1f, 0xff, 0xff, 0xf0, 0x07, 
0xf0, 0x03, 0xff, 0xe0, 0x0f, 0xff, 0xff, 0xe0, 0x07, 
0xf0, 0x00, 0x03, 0xe0, 0x00, 0x00, 0x00, 0x00, 0x07, 
0xf0, 0x00, 0x03, 0xc0, 0x00, 0x00, 0x00, 0x00, 0x07, 
0xf0, 0x00, 0x03, 0xc0, 0x00, 0x00, 0x00, 0x00, 0x07, 
0xf8, 0x00, 0x03, 0xc0, 0x00, 0x00, 0x00, 0x00, 0x07, 
0xf8, 0x00, 0x03, 0xc0, 0x00, 0x00, 0x00, 0x00, 0x0f, 
0xf8, 0x00, 0x03, 0xc0, 0x00, 0x00, 0x00, 0x00, 0x0f, 
0xf8, 0x00, 0x03, 0xc0, 0x00, 0x00, 0x00, 0x00, 0x0f, 
0xfc, 0x00, 0x03, 0xe0, 0x00, 0x00, 0x00, 0x00, 0x1f, 
0xfe, 0x00, 0x03, 0xe0, 0x00, 0x00, 0x00, 0x00, 0x1f, 
0xfe, 0x00, 0x03, 0xf0, 0x00, 0x00, 0x00, 0x00, 0x3f, 
0xff, 0x00, 0x03, 0xf0, 0x00, 0x00, 0x00, 0x00, 0x7f, 
0xff, 0x80, 0x03, 0xf8, 0x00, 0x00, 0x00, 0x00, 0xff, 
0xff, 0xe0, 0x03, 0xfc, 0x00, 0x00, 0x00, 0x01, 0xff, 
0xff, 0xf8, 0x03, 0xff, 0x00, 0x00, 0x00, 0x07, 0xff, 
0xff, 0xff, 0x03, 0xff, 0xe0, 0x00, 0x00, 0x3f, 0xff, 
0xff, 0xff, 0xff, 0xff, 0xff, 0xff, 0xff, 0xff, 0xff, 
}, /*Character 6*/
{ /*Character 7*/
0xff, 0xff, 0xff, 0xff, 0xff, 0xff, 0xff, 0xff, 0xff, 
0xff, 0xff, 0xff, 0xff, 0xff, 0xff, 0xff, 0xff, 0xff, 
0xff, 0xff, 0xff, 0xff, 0xff, 0xff, 0xff, 0xff, 0xff, 
0xff, 0xff, 0xff, 0xff, 0xff, 0xff, 0xff, 0xff, 0xff, 
0xf8, 0x00, 0xff, 0xff, 0xff, 0xff, 0xff, 0xff, 0xff, 
0xf8, 0x00, 0xff, 0xff, 0xff, 0xff, 0xff, 0xff, 0xff, 
0xf8, 0x00, 0xff, 0xff, 0xff, 0xff, 0xff, 0xff, 0xff, 
0xf8, 0x00, 0xff, 0xff, 0xff, 0xff, 0xff, 0xff, 0xff, 
0xf8, 0x00, 0xff, 0xff, 0xff, 0xff, 0xff, 0xff, 0x8f, 
0xf8, 0x00, 0xff, 0xff, 0xff, 0xff, 0xff, 0xf0, 0x0f, 
0xf8, 0x00, 0xff, 0xff, 0xff, 0xff, 0xfc, 0x00, 0x0f, 
0xf8, 0x00, 0xff, 0xff, 0xff, 0xff, 0x80, 0x00, 0x0f, 
0xf8, 0x00, 0xff, 0xff, 0xff, 0xe0, 0x00, 0x00, 0x0f, 
0xf8, 0x00, 0xff, 0xff, 0xfc, 0x00, 0x00, 0x00, 0x0f, 
0xf8, 0x00, 0xff, 0xff, 0x00, 0x00, 0x00, 0x00, 0x0f, 
0xf8, 0x00, 0xff, 0xe0, 0x00, 0x00, 0x00, 0x00, 0x0f, 
0xf8, 0x00, 0xf8, 0x00, 0x00, 0x00, 0x00, 0x00, 0x0f, 
0xf8, 0x00, 0x00, 0x00, 0x00, 0x00, 0x00, 0x00, 0x0f, 
0xf8, 0x00, 0x00, 0x00, 0x00, 0x00, 0x00, 0x00, 0x0f, 
0xf8, 0x00, 0x00, 0x00, 0x00, 0x00, 0x00, 0x00, 0x0f, 
0xf8, 0x00, 0x00, 0x00, 0x00, 0x00, 0x00, 0x00, 0x0f, 
0xf8, 0x00, 0x00, 0x00, 0x00, 0x00, 0x00, 0x00, 0x0f, 
0xf8, 0x00, 0x00, 0x00, 0x00, 0x00, 0x00, 0x00, 0x0f, 
0xf8, 0x00, 0x00, 0x00, 0x00, 0x00, 0x00, 0x00, 0x7f, 
0xf8, 0x00, 0x00, 0x00, 0x00, 0x00, 0x00, 0x0f, 0xff, 
0xf8, 0x00, 0x00, 0x00, 0x00, 0x00, 0x03, 0xff, 0xff, 
0xf8, 0x00, 0x00, 0x00, 0x00, 0x00, 0xff, 0xff, 0xff, 
0xf8, 0x00, 0x00, 0x00, 0x00, 0x1f, 0xff, 0xff, 0xff, 
0xf8, 0x00, 0x00, 0x00, 0x07, 0xff, 0xff, 0xff, 0xff, 
0xf8, 0x00, 0x00, 0x00, 0xff, 0xff, 0xff, 0xff, 0xff, 
0xf8, 0x00, 0x00, 0x3f, 0xff, 0xff, 0xff, 0xff, 0xff, 
0xf8, 0x00, 0x07, 0xff, 0xff, 0xff, 0xff, 0xff, 0xff, 
0xff, 0xff, 0xff, 0xff, 0xff, 0xff, 0xff, 0xff, 0xff, 
0xff, 0xff, 0xff, 0xff, 0xff, 0xff, 0xff, 0xff, 0xff, 
0xff, 0xff, 0xff, 0xff, 0xff, 0xff, 0xff, 0xff, 0xff, 
0xff, 0xff, 0xff, 0xff, 0xff, 0xff, 0xff, 0xff, 0xff, 
}, /*Character 7*/
{ /*Character 8*/
0xff, 0xff, 0xff, 0xff, 0xff, 0xff, 0xff, 0xff, 0xff, 
0xff, 0xff, 0xff, 0xff, 0xff, 0xff, 0xff, 0xff, 0xff, 
0xff, 0xfe, 0x00, 0x3f, 0xff, 0xc0, 0x00, 0x7f, 0xff, 
0xff, 0xf0, 0x00, 0x07, 0xfc, 0x00, 0x00, 0x07, 0xff, 
0xff, 0xc0, 0x00, 0x01, 0xf0, 0x00, 0x00, 0x01, 0xff, 
0xff, 0x80, 0x00, 0x00, 0xe0, 0x00, 0x00, 0x00, 0xff, 
0xff, 0x00, 0x00, 0x00, 0x40, 0x00, 0x00, 0x00, 0x7f, 
0xfe, 0x00, 0x00, 0x00, 0x40, 0x00, 0x00, 0x00, 0x3f, 
0xfc, 0x00, 0x00, 0x00, 0x00, 0x00, 0x00, 0x00, 0x1f, 
0xfc, 0x00, 0x00, 0x00, 0x00, 0x00, 0x00, 0x00, 0x1f, 
0xf8, 0x00, 0x00, 0x00, 0x00, 0x00, 0x00, 0x00, 0x0f, 
0xf8, 0x00, 0x00, 0x00, 0x00, 0x00, 0x00, 0x00, 0x0f, 
0xf8, 0x00, 0x00, 0x00, 0x00, 0x00, 0x00, 0x00, 0x0f, 
0xf0, 0x00, 0x00, 0x00, 0x00, 0x00, 0x00, 0x00, 0x07, 
0xf0, 0x00, 0x00, 0x00, 0x00, 0x00, 0x00, 0x00, 0x07, 
0xf0, 0x00, 0x00, 0x00, 0x00, 0x00, 0x00, 0x00, 0x07, 
0xf0, 0x00, 0x00, 0x00, 0x00, 0x00, 0x00, 0x00, 0x07, 
0xf0, 0x03, 0xff, 0xf8, 0x00, 0xff, 0xff, 0xe0, 0x07, 
0xf0, 0x07, 0xff, 0xfc, 0x01, 0xff, 0xff, 0xf0, 0x07, 
0xf0, 0x03, 0xff, 0xf8, 0x00, 0xff, 0xff, 0xe0, 0x07, 
0xf0, 0x00, 0x00, 0x00, 0x00, 0x00, 0x00, 0x00, 0x07, 
0xf0, 0x00, 0x00, 0x00, 0x00, 0x00, 0x00, 0x00, 0x07, 
0xf0, 0x00, 0x00, 0x00, 0x00, 0x00, 0x00, 0x00, 0x07, 
0xf0, 0x00, 0x00, 0x00, 0x00, 0x00, 0x00, 0x00, 0x07, 
0xf8, 0x00, 0x00, 0x00, 0x00, 0x00, 0x00, 0x00, 0x0f, 
0xf8, 0x00, 0x00, 0x00, 0x00, 0x00, 0x00, 0x00, 0x0f, 
0xf8, 0x00, 0x00, 0x00, 0x00, 0x00, 0x00, 0x00, 0x0f, 
0xfc, 0x00, 0x00, 0x00, 0x00, 0x00, 0x00, 0x00, 0x1f, 
0xfc, 0x00, 0x00, 0x00, 0x40, 0x00, 0x00, 0x00, 0x1f, 
0xfe, 0x00, 0x00, 0x00, 0x40, 0x00, 0x00, 0x00, 0x3f, 
0xff, 0x00, 0x00, 0x00, 0xe0, 0x00, 0x00, 0x00, 0x7f, 
0xff, 0x80, 0x00, 0x01, 0xe0, 0x00, 0x00, 0x00, 0x7f, 
0xff, 0xc0, 0x00, 0x03, 0xf0, 0x00, 0x00, 0x01, 0xff, 
0xff, 0xf0, 0x00, 0x07, 0xfc, 0x00, 0x00, 0x03, 0xff, 
0xff, 0xff, 0x00, 0x1f, 0xff, 0xc0, 0x00, 0x3f, 0xff, 
0xff, 0xff, 0xff, 0xff, 0xff, 0xff, 0xff, 0xff, 0xff, 
}, /*Character 8*/
{ /*Character 9*/
0xff, 0xff, 0xff, 0xff, 0xff, 0xff, 0xff, 0xff, 0xff, 
0xff, 0xff, 0xff, 0xff, 0xff, 0xff, 0xff, 0xff, 0xff, 
0xff, 0xff, 0x00, 0x00, 0x03, 0xff, 0xe0, 0x7f, 0xff, 
0xff, 0xf0, 0x00, 0x00, 0x00, 0x7f, 0xe0, 0x0f, 0xff, 
0xff, 0xc0, 0x00, 0x00, 0x00, 0x1f, 0xe0, 0x03, 0xff, 
0xff, 0x80, 0x00, 0x00, 0x00, 0x0f, 0xe0, 0x00, 0xff, 
0xff, 0x00, 0x00, 0x00, 0x00, 0x07, 0xe0, 0x00, 0x7f, 
0xfe, 0x00, 0x00, 0x00, 0x00, 0x07, 0xe0, 0x00, 0x3f, 
0xfc, 0x00, 0x00, 0x00, 0x00, 0x03, 0xe0, 0x00, 0x3f, 
0xfc, 0x00, 0x00, 0x00, 0x00, 0x03, 0xe0, 0x00, 0x1f, 
0xf8, 0x00, 0x00, 0x00, 0x00, 0x01, 0xe0, 0x00, 0x0f, 
0xf8, 0x00, 0x00, 0x00, 0x00, 0x01, 0xe0, 0x00, 0x0f, 
0xf8, 0x00, 0x00, 0x00, 0x00, 0x01, 0xe0, 0x00, 0x0f, 
0xf0, 0x00, 0x00, 0x00, 0x00, 0x01, 0xe0, 0x00, 0x0f, 
0xf0, 0x00, 0x00, 0x00, 0x00, 0x01, 0xe0, 0x00, 0x07, 
0xf0, 0x00, 0x00, 0x00, 0x00, 0x01, 0xe0, 0x00, 0x07, 
0xf0, 0x00, 0x00, 0x00, 0x00, 0x03, 0xe0, 0x00, 0x07, 
0xf0, 0x03, 0xff, 0xff, 0xf8, 0x03, 0xff, 0xe0, 0x07, 
0xf0, 0x07, 0xff, 0xff, 0xfc, 0x07, 0xff, 0xf0, 0x07, 
0xf0, 0x07, 0xff, 0xff, 0xfc, 0x0f, 0xff, 0xf0, 0x07, 
0xf0, 0x03, 0xff, 0xff, 0xf8, 0x1f, 0xff, 0xe0, 0x07, 
0xf0, 0x00, 0x00, 0x00, 0x00, 0x00, 0x00, 0x00, 0x07, 
0xf0, 0x00, 0x00, 0x00, 0x00, 0x00, 0x00, 0x00, 0x07, 
0xf0, 0x00, 0x00, 0x00, 0x00, 0x00, 0x00, 0x00, 0x07, 
0xf8, 0x00, 0x00, 0x00, 0x00, 0x00, 0x00, 0x00, 0x0f, 
0xf8, 0x00, 0x00, 0x00, 0x00, 0x00, 0x00, 0x00, 0x0f, 
0xf8, 0x00, 0x00, 0x00, 0x00, 0x00, 0x00, 0x00, 0x0f, 
0xfc, 0x00, 0x00, 0x00, 0x00, 0x00, 0x00, 0x00, 0x1f, 
0xfc, 0x00, 0x00, 0x00, 0x00, 0x00, 0x00, 0x00, 0x1f, 
0xfe, 0x00, 0x00, 0x00, 0x00, 0x00, 0x00, 0x00, 0x3f, 
0xfe, 0x00, 0x00, 0x00, 0x00, 0x00, 0x00, 0x00, 0x7f, 
0xff, 0x00, 0x00, 0x00, 0x00, 0x00, 0x00, 0x00, 0x7f, 
0xff, 0x80, 0x00, 0x00, 0x00, 0x00, 0x00, 0x01, 0xff, 
0xff, 0xe0, 0x00, 0x00, 0x00, 0x00, 0x00, 0x03, 0xff, 
0xff, 0xf8, 0x00, 0x00, 0x00, 0x00, 0x00, 0x0f, 0xff, 
0xff, 0xff, 0xff, 0xff, 0xff, 0xff, 0xff, 0xff, 0xff, 
}, /*Character 9*/
}; /*black layer inscription*/

#endif

#endif


