ISO-10303-21;
HEADER;
FILE_DESCRIPTION (( 'STEP AP203' ),
    '1' );
FILE_NAME ('挂钩支架.STEP',
    '2026-07-26T10:25:37',
    ( '' ),
    ( '' ),
    'SwSTEP 2.0',
    'SolidWorks 2021',
    '' );
FILE_SCHEMA (( 'CONFIG_CONTROL_DESIGN' ));
ENDSEC;

DATA;
#1 = EDGE_CURVE ( 'NONE', #131, #3086, #341, .T. ) ;
#2 = VERTEX_POINT ( 'NONE', #2725 ) ;
#3 = ORIENTED_EDGE ( 'NONE', *, *, #869, .T. ) ;
#4 = CIRCLE ( 'NONE', #2604, 0.4999999999999997224 ) ;
#5 = ORIENTED_EDGE ( 'NONE', *, *, #2020, .F. ) ;
#6 = EDGE_CURVE ( 'NONE', #2986, #1611, #244, .T. ) ;
#7 = DIRECTION ( 'NONE',  ( -0.000000000000000000, -1.000000000000000000, 0.000000000000000000 ) ) ;
#8 = TOROIDAL_SURFACE ( 'NONE', #2545, 19.50000000000081002, 0.5000000000000000000 ) ;
#9 = EDGE_LOOP ( 'NONE', ( #898, #3381, #1770, #1179 ) ) ;
#10 = VECTOR ( 'NONE', #2385, 1000.000000000000000 ) ;
#11 = CARTESIAN_POINT ( 'NONE',  ( 1.899999999999999911, -4.035898384862599997, 5.999999999999998224 ) ) ;
#12 = DIRECTION ( 'NONE',  ( 0.000000000000000000, 0.000000000000000000, 1.000000000000000000 ) ) ;
#13 = CARTESIAN_POINT ( 'NONE',  ( 0.000000000000000000, -1.228581458936417455E-13, -2.350000000000363798 ) ) ;
#14 = ORIENTED_EDGE ( 'NONE', *, *, #377, .F. ) ;
#15 = CARTESIAN_POINT ( 'NONE',  ( 0.000000000000000000, -5.500000000000227374, 2.350000000000363798 ) ) ;
#16 = DIRECTION ( 'NONE',  ( 0.000000000000000000, 0.000000000000000000, -1.000000000000000000 ) ) ;
#17 = ORIENTED_EDGE ( 'NONE', *, *, #3167, .F. ) ;
#18 = DIRECTION ( 'NONE',  ( 1.000000000000000000, 0.000000000000000000, 0.000000000000000000 ) ) ;
#19 = VERTEX_POINT ( 'NONE', #2555 ) ;
#20 = ORIENTED_EDGE ( 'NONE', *, *, #136, .T. ) ;
#21 = EDGE_CURVE ( 'NONE', #2075, #2895, #384, .T. ) ;
#22 = ORIENTED_EDGE ( 'NONE', *, *, #2831, .T. ) ;
#23 = EDGE_CURVE ( 'NONE', #912, #135, #2885, .T. ) ;
#24 = ORIENTED_EDGE ( 'NONE', *, *, #2391, .T. ) ;
#25 = DIRECTION ( 'NONE',  ( 0.000000000000000000, -1.000000000000000000, 0.000000000000000000 ) ) ;
#26 = DIRECTION ( 'NONE',  ( 1.000000000000000000, -1.040834085586103663E-14, 0.000000000000000000 ) ) ;
#27 = DIRECTION ( 'NONE',  ( 0.000000000000000000, 0.000000000000000000, 1.000000000000000000 ) ) ;
#28 = DIRECTION ( 'NONE',  ( -0.000000000000000000, -1.000000000000000000, 0.000000000000000000 ) ) ;
#29 = ADVANCED_FACE ( 'NONE', ( #882 ), #284, .T. ) ;
#30 = DIRECTION ( 'NONE',  ( 0.000000000000000000, -1.000000000000000000, 0.000000000000000000 ) ) ;
#31 = CARTESIAN_POINT ( 'NONE',  ( 3.532904687432097290, -49.27054747263643009, -1.582394940219151724 ) ) ;
#32 = CARTESIAN_POINT ( 'NONE',  ( 40.00000000000000000, -49.98684021638359809, -20.00000000000006750 ) ) ;
#33 = EDGE_LOOP ( 'NONE', ( #822, #1095, #454, #197 ) ) ;
#34 = VERTEX_POINT ( 'NONE', #1705 ) ;
#35 = ORIENTED_EDGE ( 'NONE', *, *, #1, .T. ) ;
#36 = CARTESIAN_POINT ( 'NONE',  ( 1.899999999999999911, -7.500000000000227374, -8.000000000000000000 ) ) ;
#37 = ORIENTED_EDGE ( 'NONE', *, *, #711, .F. ) ;
#38 = DIRECTION ( 'NONE',  ( -3.469446951953611033E-15, 1.000000000000000000, 0.000000000000000000 ) ) ;
#39 = DIRECTION ( 'NONE',  ( -0.000000000000000000, -0.000000000000000000, -1.000000000000000000 ) ) ;
#40 = EDGE_CURVE ( 'NONE', #3246, #3092, #2476, .T. ) ;
#41 = DIRECTION ( 'NONE',  ( 0.000000000000000000, 0.8660254037844435926, -0.4999999999999912292 ) ) ;
#42 = AXIS2_PLACEMENT_3D ( 'NONE', #3079, #880, #1942 ) ;
#43 = VERTEX_POINT ( 'NONE', #668 ) ;
#44 = AXIS2_PLACEMENT_3D ( 'NONE', #747, #2153, #2464 ) ;
#45 = CARTESIAN_POINT ( 'NONE',  ( 4.000000000000000000, -5.500000000000224709, -8.000000000000000000 ) ) ;
#46 = DIRECTION ( 'NONE',  ( -0.8079247161332235860, -0.5892857142855665309, -2.359476779191167871E-13 ) ) ;
#47 = AXIS2_PLACEMENT_3D ( 'NONE', #749, #124, #2365 ) ;
#48 = VECTOR ( 'NONE', #2217, 1000.000000000000000 ) ;
#49 = CIRCLE ( 'NONE', #507, 5.000000000000079048 ) ;
#50 = VERTEX_POINT ( 'NONE', #1473 ) ;
#51 = CARTESIAN_POINT ( 'NONE',  ( -13.44423836438618913, -40.48886893738492176, 1.882018525815440047 ) ) ;
#52 = CARTESIAN_POINT ( 'NONE',  ( -11.21428571428605636, -38.02344248731859722, -12.50000000000000000 ) ) ;
#53 = EDGE_CURVE ( 'NONE', #2588, #2821, #1259, .T. ) ;
#54 = CIRCLE ( 'NONE', #47, 5.500000000000079048 ) ;
#55 = EDGE_CURVE ( 'NONE', #2964, #190, #911, .T. ) ;
#56 = VERTEX_POINT ( 'NONE', #3096 ) ;
#57 = EDGE_LOOP ( 'NONE', ( #891, #1499, #2706, #340 ) ) ;
#58 = CC_DESIGN_PERSON_AND_ORGANIZATION_ASSIGNMENT ( #1274, #2345, ( #2406 ) ) ;
#59 = ORIENTED_EDGE ( 'NONE', *, *, #1016, .T. ) ;
#60 = DIRECTION ( 'NONE',  ( 0.000000000000000000, 0.000000000000000000, 1.000000000000000000 ) ) ;
#61 = AXIS2_PLACEMENT_3D ( 'NONE', #3163, #2335, #684 ) ;
#62 = EDGE_LOOP ( 'NONE', ( #2627, #2874, #2242, #2474 ) ) ;
#63 = CYLINDRICAL_SURFACE ( 'NONE', #3164, 0.5000000000000000000 ) ;
#64 = DIRECTION ( 'NONE',  ( -1.000000000000000000, 0.000000000000000000, 0.000000000000000000 ) ) ;
#65 = CARTESIAN_POINT ( 'NONE',  ( 2.400000000000000355, -5.334936490539098131, -6.749999999999991118 ) ) ;
#66 = CIRCLE ( 'NONE', #1090, 3.000000000000001332 ) ;
#67 = CARTESIAN_POINT ( 'NONE',  ( 1.899999999999999911, -7.500000000000229150, -6.350000000000363798 ) ) ;
#68 = AXIS2_PLACEMENT_3D ( 'NONE', #2602, #1459, #1747 ) ;
#69 = DIRECTION ( 'NONE',  ( -1.000000000000000000, 0.000000000000000000, 0.000000000000000000 ) ) ;
#70 = UNCERTAINTY_MEASURE_WITH_UNIT (LENGTH_MEASURE( 1.000000000000000082E-05 ), #1518, 'distance_accuracy_value', 'NONE');
#71 = PLANE ( 'NONE',  #227 ) ;
#72 = CIRCLE ( 'NONE', #2038, 20.00000000000081002 ) ;
#73 = CARTESIAN_POINT ( 'NONE',  ( 4.000000000000000000, -6.817463260588851881E-13, 6.499999999999999112 ) ) ;
#74 = EDGE_CURVE ( 'NONE', #190, #292, #2196, .T. ) ;
#75 = ORIENTED_EDGE ( 'NONE', *, *, #1167, .F. ) ;
#76 = ORIENTED_EDGE ( 'NONE', *, *, #631, .F. ) ;
#77 = EDGE_CURVE ( 'NONE', #702, #135, #1304, .T. ) ;
#78 = ORIENTED_EDGE ( 'NONE', *, *, #899, .F. ) ;
#79 = ADVANCED_FACE ( 'NONE', ( #940 ), #120, .F. ) ;
#80 = CARTESIAN_POINT ( 'NONE',  ( -3.416589314954872059, -5.148511621399495475, 1.500000000000000000 ) ) ;
#81 = ORIENTED_EDGE ( 'NONE', *, *, #363, .T. ) ;
#82 = CARTESIAN_POINT ( 'NONE',  ( -3.500000000000000000, 12.50000000000000000, -2.000000000000000000 ) ) ;
#83 = DIRECTION ( 'NONE',  ( 0.000000000000000000, 0.000000000000000000, 1.000000000000000000 ) ) ;
#84 = FACE_OUTER_BOUND ( 'NONE', #2750, .T. ) ;
#85 = DIRECTION ( 'NONE',  ( -1.000000000000000000, 0.000000000000000000, 0.000000000000000000 ) ) ;
#86 = DIRECTION ( 'NONE',  ( 0.000000000000000000, -1.000000000000000000, 0.000000000000000000 ) ) ;
#87 = CYLINDRICAL_SURFACE ( 'NONE', #2767, 20.00000000000081002 ) ;
#88 = EDGE_CURVE ( 'NONE', #3385, #249, #2597, .T. ) ;
#89 = EDGE_CURVE ( 'NONE', #1556, #1788, #1196, .T. ) ;
#90 = ORIENTED_EDGE ( 'NONE', *, *, #1633, .T. ) ;
#91 = CARTESIAN_POINT ( 'NONE',  ( -12.84132860893650374, -39.25246293027611699, 1.580266907617877026 ) ) ;
#92 = DIRECTION ( 'NONE',  ( 1.000000000000000000, 0.000000000000000000, 0.000000000000000000 ) ) ;
#93 = VERTEX_POINT ( 'NONE', #3442 ) ;
#94 = ORIENTED_EDGE ( 'NONE', *, *, #1277, .F. ) ;
#95 = CARTESIAN_POINT ( 'NONE',  ( 0.000000000000000000, -21.86494816465562252, 2.000000000000000000 ) ) ;
#96 = ORIENTED_EDGE ( 'NONE', *, *, #2661, .T. ) ;
#97 = DIRECTION ( 'NONE',  ( 0.000000000000000000, 0.000000000000000000, -1.000000000000000000 ) ) ;
#98 = DIRECTION ( 'NONE',  ( 0.000000000000000000, 0.000000000000000000, 1.000000000000000000 ) ) ;
#99 = DIRECTION ( 'NONE',  ( -1.000000000000000000, 0.000000000000000000, 0.000000000000000000 ) ) ;
#100 = CARTESIAN_POINT ( 'NONE',  ( 30.99319984790730587, -52.48684021638359809, -17.85714285713886795 ) ) ;
#101 = DIRECTION ( 'NONE',  ( 0.000000000000000000, 0.000000000000000000, -1.000000000000000000 ) ) ;
#102 = CC_DESIGN_DATE_AND_TIME_ASSIGNMENT ( #198, #211, ( #2406 ) ) ;
#103 = AXIS2_PLACEMENT_3D ( 'NONE', #3254, #801, #3322 ) ;
#104 = CARTESIAN_POINT ( 'NONE',  ( -23.00000000000080291, -21.86494816465562252, -12.50000000000000000 ) ) ;
#105 = CIRCLE ( 'NONE', #1366, 0.5000000000000004441 ) ;
#106 = VERTEX_POINT ( 'NONE', #3151 ) ;
#107 = CARTESIAN_POINT ( 'NONE',  ( 2.400000000000000355, -4.035898384862449007, 7.499999999999940492 ) ) ;
#108 = DIRECTION ( 'NONE',  ( -1.000000000000000000, -0.000000000000000000, -0.000000000000000000 ) ) ;
#109 = CIRCLE ( 'NONE', #1564, 7.499999999999850786 ) ;
#110 = ORIENTED_EDGE ( 'NONE', *, *, #547, .T. ) ;
#111 = ORIENTED_EDGE ( 'NONE', *, *, #1540, .F. ) ;
#112 = EDGE_CURVE ( 'NONE', #738, #1352, #650, .T. ) ;
#113 = VECTOR ( 'NONE', #1130, 1000.000000000000000 ) ;
#114 = CARTESIAN_POINT ( 'NONE',  ( 1.899999999999999911, 0.000000000000000000, 4.350000000000363798 ) ) ;
#115 = VERTEX_POINT ( 'NONE', #2615 ) ;
#116 = AXIS2_PLACEMENT_3D ( 'NONE', #1084, #2436, #3319 ) ;
#117 = FACE_OUTER_BOUND ( 'NONE', #1250, .T. ) ;
#118 = CARTESIAN_POINT ( 'NONE',  ( -9.741071428570993618, -40.04325427765034107, -12.50000000000000000 ) ) ;
#119 = AXIS2_PLACEMENT_3D ( 'NONE', #2179, #1959, #3263 ) ;
#120 = PLANE ( 'NONE',  #2309 ) ;
#121 = CIRCLE ( 'NONE', #3008, 4.350000000000363798 ) ;
#122 = DIRECTION ( 'NONE',  ( -4.718447854656911258E-13, 0.000000000000000000, 1.000000000000000000 ) ) ;
#123 = CARTESIAN_POINT ( 'NONE',  ( -9.446428571428210574, -40.44721663571695558, -12.50000000000000000 ) ) ;
#124 = DIRECTION ( 'NONE',  ( 0.000000000000000000, 0.000000000000000000, 1.000000000000000000 ) ) ;
#125 = AXIS2_PLACEMENT_3D ( 'NONE', #2692, #1882, #1045 ) ;
#126 = CARTESIAN_POINT ( 'NONE',  ( 4.500000000000000000, 0.000000000000000000, -6.000000000000000000 ) ) ;
#127 = ORIENTED_EDGE ( 'NONE', *, *, #3471, .T. ) ;
#128 = DIRECTION ( 'NONE',  ( 1.000000000000000000, -6.245004513516252316E-15, 0.000000000000000000 ) ) ;
#129 = DIRECTION ( 'NONE',  ( 1.000000000000000000, 0.000000000000000000, 0.000000000000000000 ) ) ;
#130 = CIRCLE ( 'NONE', #2438, 0.5000000000000004441 ) ;
#131 = VERTEX_POINT ( 'NONE', #3081 ) ;
#132 = ORIENTED_EDGE ( 'NONE', *, *, #1557, .F. ) ;
#133 = CARTESIAN_POINT ( 'NONE',  ( 4.500000000000000000, -7.500000000000229150, 8.000000000000024869 ) ) ;
#134 = ORIENTED_EDGE ( 'NONE', *, *, #1813, .T. ) ;
#135 = VERTEX_POINT ( 'NONE', #592 ) ;
#136 = EDGE_CURVE ( 'NONE', #2496, #1978, #2026, .T. ) ;
#137 = DIRECTION ( 'NONE',  ( -1.000000000000000000, 0.000000000000000000, -0.000000000000000000 ) ) ;
#138 = DIRECTION ( 'NONE',  ( 0.000000000000000000, 0.000000000000000000, -1.000000000000000000 ) ) ;
#139 = CARTESIAN_POINT ( 'NONE',  ( -4.544975507059234587E-13, -31.57366864623804759, 1.500000000000000000 ) ) ;
#140 = CARTESIAN_POINT ( 'NONE',  ( 4.500000000000000000, -4.035898384862474764, -6.000000000000000000 ) ) ;
#141 = DIRECTION ( 'NONE',  ( 0.000000000000000000, 0.000000000000000000, -1.000000000000000000 ) ) ;
#142 = CARTESIAN_POINT ( 'NONE',  ( 40.00000000000000000, -49.48684021638359809, 3.500000000000001332 ) ) ;
#143 = ADVANCED_FACE ( 'NONE', ( #1172 ), #2144, .F. ) ;
#144 = DATE_AND_TIME ( #963, #2460 ) ;
#145 = DIRECTION ( 'NONE',  ( -1.000000000000000000, 0.000000000000000000, -0.000000000000000000 ) ) ;
#146 = CARTESIAN_POINT ( 'NONE',  ( 4.000000000000000000, -7.500000000000229150, -5.500000000000000000 ) ) ;
#147 = EDGE_LOOP ( 'NONE', ( #3188, #1834, #3051, #364 ) ) ;
#148 = ORIENTED_EDGE ( 'NONE', *, *, #2868, .T. ) ;
#149 = DIRECTION ( 'NONE',  ( 0.000000000000000000, 1.000000000000000000, 0.000000000000000000 ) ) ;
#150 = ORIENTED_EDGE ( 'NONE', *, *, #1513, .F. ) ;
#151 = ORIENTED_EDGE ( 'NONE', *, *, #2731, .F. ) ;
#152 = CARTESIAN_POINT ( 'NONE',  ( 1.899999999999999911, -2.272487753529617294E-13, -4.350000000000363798 ) ) ;
#153 = PLANE ( 'NONE',  #2955 ) ;
#154 = CARTESIAN_POINT ( 'NONE',  ( 0.000000000000000000, -5.500000000000227374, 5.500000000000000000 ) ) ;
#155 = CARTESIAN_POINT ( 'NONE',  ( 4.999999999999547917, -48.98684021638359809, -1.500000000000000000 ) ) ;
#156 = DIRECTION ( 'NONE',  ( 0.000000000000000000, 0.000000000000000000, 1.000000000000000000 ) ) ;
#157 = DIRECTION ( 'NONE',  ( 1.000000000000000000, 0.000000000000000000, 0.000000000000000000 ) ) ;
#158 = EDGE_CURVE ( 'NONE', #1010, #807, #3055, .T. ) ;
#159 = B_SPLINE_CURVE_WITH_KNOTS ( 'NONE', 3,
 ( #831, #1949, #2782, #2258, #3393, #2504, #31, #2010, #2274, #2028 ),
 .UNSPECIFIED., .F., .F.,
 ( 4, 2, 2, 2, 4 ),
 ( -1.414214731303214372E-05, 0.0005634996818139207178, 0.001141141510940873625, 0.001718783340067826532, 0.002296425169194779656 ),
 .UNSPECIFIED. ) ;
#160 = CARTESIAN_POINT ( 'NONE',  ( 2.820550528229669673, -48.98684021638359809, -1.500000000000000000 ) ) ;
#161 = ORIENTED_EDGE ( 'NONE', *, *, #3416, .T. ) ;
#162 = ADVANCED_FACE ( 'NONE', ( #728 ), #2254, .T. ) ;
#163 = CARTESIAN_POINT ( 'NONE',  ( -3.041575527615103081, 0.6772899644445690148, -1.763944373858785664 ) ) ;
#164 = CARTESIAN_POINT ( 'NONE',  ( 2.400000000000000355, 0.000000000000000000, 6.499999999999999112 ) ) ;
#165 = CARTESIAN_POINT ( 'NONE',  ( 0.000000000000000000, -5.500000000000227374, -5.500000000000000888 ) ) ;
#166 = CIRCLE ( 'NONE', #2411, 3.500000000000001332 ) ;
#167 = ORIENTED_EDGE ( 'NONE', *, *, #3091, .T. ) ;
#168 = AXIS2_PLACEMENT_3D ( 'NONE', #444, #652, #385 ) ;
#169 = ADVANCED_FACE ( 'NONE', ( #1800 ), #2098, .F. ) ;
#170 = DIRECTION ( 'NONE',  ( -1.000000000000000000, -0.000000000000000000, -0.000000000000000000 ) ) ;
#171 = EDGE_CURVE ( 'NONE', #2971, #799, #2676, .T. ) ;
#172 = AXIS2_PLACEMENT_3D ( 'NONE', #1667, #1470, #2860 ) ;
#173 = VERTEX_POINT ( 'NONE', #1244 ) ;
#174 = EDGE_LOOP ( 'NONE', ( #820, #1733, #1444, #3033 ) ) ;
#175 = CARTESIAN_POINT ( 'NONE',  ( 40.00000000000000000, -51.98684021638314334, 0.000000000000000000 ) ) ;
#176 = DIRECTION ( 'NONE',  ( 1.000000000000000000, 0.000000000000000000, 0.000000000000000000 ) ) ;
#177 = CARTESIAN_POINT ( 'NONE',  ( 0.000000000000000000, -21.86494816465562252, 12.00000000000000000 ) ) ;
#178 = DIRECTION ( 'NONE',  ( 0.000000000000000000, 0.000000000000000000, -1.000000000000000000 ) ) ;
#179 = DIRECTION ( 'NONE',  ( 0.000000000000000000, 1.000000000000000000, 1.927470528863119049E-16 ) ) ;
#180 = VERTEX_POINT ( 'NONE', #1838 ) ;
#181 = VECTOR ( 'NONE', #3292, 1000.000000000000000 ) ;
#182 = DIRECTION ( 'NONE',  ( 0.000000000000000000, 0.000000000000000000, -1.000000000000000000 ) ) ;
#183 = CARTESIAN_POINT ( 'NONE',  ( -103.0000000000158593, 4.008004870496739258, -1.500000000000000000 ) ) ;
#184 = DIRECTION ( 'NONE',  ( 1.000000000000000000, 0.000000000000000000, 0.000000000000000000 ) ) ;
#185 = AXIS2_PLACEMENT_3D ( 'NONE', #707, #921, #3257 ) ;
#186 = VERTEX_POINT ( 'NONE', #2655 ) ;
#187 = AXIS2_PLACEMENT_3D ( 'NONE', #107, #1439, #1695 ) ;
#188 = EDGE_CURVE ( 'NONE', #2462, #2220, #849, .T. ) ;
#189 = ADVANCED_FACE ( 'NONE', ( #1001 ), #2383, .T. ) ;
#190 = VERTEX_POINT ( 'NONE', #982 ) ;
#191 = ORIENTED_EDGE ( 'NONE', *, *, #1006, .F. ) ;
#192 = DIRECTION ( 'NONE',  ( -1.000000000000000000, 0.000000000000000000, -0.000000000000000000 ) ) ;
#193 = DIRECTION ( 'NONE',  ( -0.000000000000000000, -1.000000000000000000, 0.000000000000000000 ) ) ;
#194 = CARTESIAN_POINT ( 'NONE',  ( 4.000000000000000000, -4.035898384862474764, -6.500000000000000888 ) ) ;
#195 = CARTESIAN_POINT ( 'NONE',  ( 0.000000000000000000, -21.86494816465562252, -12.50000000000000000 ) ) ;
#196 = DIRECTION ( 'NONE',  ( 0.000000000000000000, 0.000000000000000000, -1.000000000000000000 ) ) ;
#197 = ORIENTED_EDGE ( 'NONE', *, *, #602, .T. ) ;
#198 = DATE_AND_TIME ( #3503, #832 ) ;
#199 = DIRECTION ( 'NONE',  ( 0.000000000000000000, 0.000000000000000000, -1.000000000000000000 ) ) ;
#200 = DIRECTION ( 'NONE',  ( -0.000000000000000000, -1.000000000000000000, -0.000000000000000000 ) ) ;
#201 = CARTESIAN_POINT ( 'NONE',  ( 0.000000000000000000, 0.000000000000000000, 0.000000000000000000 ) ) ;
#202 = EDGE_CURVE ( 'NONE', #2176, #2035, #3171, .T. ) ;
#203 = VERTEX_POINT ( 'NONE', #2925 ) ;
#204 = ORIENTED_EDGE ( 'NONE', *, *, #994, .F. ) ;
#205 = CARTESIAN_POINT ( 'NONE',  ( -9.741071428571085988, -40.04325427765041212, 12.50000000000000000 ) ) ;
#206 = CARTESIAN_POINT ( 'NONE',  ( -6.500000000000328626, -44.48684021638313624, -12.00000000000000000 ) ) ;
#207 = DIRECTION ( 'NONE',  ( 0.000000000000000000, 1.000000000000000000, 0.000000000000000000 ) ) ;
#208 = FACE_OUTER_BOUND ( 'NONE', #835, .T. ) ;
#209 = ORIENTED_EDGE ( 'NONE', *, *, #638, .T. ) ;
#210 = ADVANCED_FACE ( 'NONE', ( #426 ), #443, .T. ) ;
#211 = DATE_TIME_ROLE ( 'classification_date' ) ;
#212 = CARTESIAN_POINT ( 'NONE',  ( 40.00000000000000000, -49.48684021638359809, 0.000000000000000000 ) ) ;
#213 = CARTESIAN_POINT ( 'NONE',  ( -3.000000000000000000, -21.86494816465574331, 2.000000000000000000 ) ) ;
#214 = CARTESIAN_POINT ( 'NONE',  ( -23.00000000000080291, -21.86494816465562252, 2.000000000000000000 ) ) ;
#215 = LINE ( 'NONE', #2077, #3472 ) ;
#216 = AXIS2_PLACEMENT_3D ( 'NONE', #1964, #3387, #326 ) ;
#217 = ORIENTED_EDGE ( 'NONE', *, *, #2701, .T. ) ;
#218 = VECTOR ( 'NONE', #2833, 1000.000000000000000 ) ;
#219 = ORIENTED_EDGE ( 'NONE', *, *, #1708, .F. ) ;
#220 = VERTEX_POINT ( 'NONE', #2092 ) ;
#221 = CARTESIAN_POINT ( 'NONE',  ( 4.000000000000000000, -4.035898384862549371, 6.499999999999999112 ) ) ;
#222 = AXIS2_PLACEMENT_3D ( 'NONE', #3039, #578, #1392 ) ;
#223 = DIRECTION ( 'NONE',  ( 0.000000000000000000, 0.000000000000000000, -1.000000000000000000 ) ) ;
#224 = CARTESIAN_POINT ( 'NONE',  ( 4.000000000000000000, -7.500000000000229150, 8.499999999999998224 ) ) ;
#225 = CARTESIAN_POINT ( 'NONE',  ( 8.476199467727326464, -49.48684021638359809, -62.49999999990119903 ) ) ;
#226 = ORIENTED_EDGE ( 'NONE', *, *, #3145, .F. ) ;
#227 = AXIS2_PLACEMENT_3D ( 'NONE', #2120, #1554, #1577 ) ;
#228 = CARTESIAN_POINT ( 'NONE',  ( 4.500000000000000000, 0.000000000000000000, 2.350000000000363798 ) ) ;
#229 = EDGE_CURVE ( 'NONE', #3417, #1205, #1267, .T. ) ;
#230 = CARTESIAN_POINT ( 'NONE',  ( 2.400000000000000355, -7.500000000000227374, -8.500000000000000000 ) ) ;
#231 = CIRCLE ( 'NONE', #2201, 12.50000000000000000 ) ;
#232 = CYLINDRICAL_SURFACE ( 'NONE', #3302, 3.000000000000001332 ) ;
#233 = AXIS2_PLACEMENT_3D ( 'NONE', #1680, #1383, #18 ) ;
#234 = TOROIDAL_SURFACE ( 'NONE', #2152, 19.50000000000006750, 0.5000000000000000000 ) ;
#235 = ORIENTED_EDGE ( 'NONE', *, *, #1909, .F. ) ;
#236 = VERTEX_POINT ( 'NONE', #2629 ) ;
#237 = EDGE_LOOP ( 'NONE', ( #1148, #3085, #742, #621 ) ) ;
#238 = LINE ( 'NONE', #525, #1325 ) ;
#239 = EDGE_CURVE ( 'NONE', #1389, #2733, #437, .T. ) ;
#240 = EDGE_CURVE ( 'NONE', #2109, #1142, #2538, .T. ) ;
#241 = LINE ( 'NONE', #1082, #611 ) ;
#242 = CARTESIAN_POINT ( 'NONE',  ( 4.000000000000000000, -4.035898384862599997, 5.999999999999998224 ) ) ;
#243 = DIRECTION ( 'NONE',  ( 0.000000000000000000, 0.000000000000000000, 1.000000000000000000 ) ) ;
#244 = LINE ( 'NONE', #1343, #1320 ) ;
#245 = DIRECTION ( 'NONE',  ( -0.8928571428569404000, 1.644777375662174675E-13, 0.4503400076046336076 ) ) ;
#246 = EDGE_CURVE ( 'NONE', #2496, #2244, #568, .T. ) ;
#247 = CYLINDRICAL_SURFACE ( 'NONE', #1962, 0.5000000000000004441 ) ;
#248 = FACE_OUTER_BOUND ( 'NONE', #2768, .T. ) ;
#249 = VERTEX_POINT ( 'NONE', #2609 ) ;
#250 = ORIENTED_EDGE ( 'NONE', *, *, #2537, .F. ) ;
#251 = ADVANCED_FACE ( 'NONE', ( #3437 ), #3185, .F. ) ;
#252 = VERTEX_POINT ( 'NONE', #133 ) ;
#253 = CYLINDRICAL_SURFACE ( 'NONE', #119, 3.000000000000001332 ) ;
#254 = FACE_OUTER_BOUND ( 'NONE', #717, .T. ) ;
#255 = DIRECTION ( 'NONE',  ( 0.000000000000000000, -1.000000000000000000, 0.000000000000000000 ) ) ;
#256 = DIRECTION ( 'NONE',  ( 0.000000000000000000, -1.000000000000000000, 0.000000000000000000 ) ) ;
#257 = EDGE_LOOP ( 'NONE', ( #94, #3296, #476, #2918 ) ) ;
#258 = CIRCLE ( 'NONE', #2056, 0.5000000000000005551 ) ;
#259 = EDGE_CURVE ( 'NONE', #3020, #1315, #2072, .T. ) ;
#260 = CARTESIAN_POINT ( 'NONE',  ( 8.476199467703624535, -52.48684021638359809, 62.49999999999999289 ) ) ;
#261 = EDGE_CURVE ( 'NONE', #106, #537, #419, .T. ) ;
#262 = LINE ( 'NONE', #1362, #459 ) ;
#263 = EDGE_CURVE ( 'NONE', #555, #3438, #2352, .T. ) ;
#264 = EDGE_CURVE ( 'NONE', #3438, #1923, #3575, .T. ) ;
#265 = LINE ( 'NONE', #1627, #2033 ) ;
#266 = ORIENTED_EDGE ( 'NONE', *, *, #711, .T. ) ;
#267 = ORIENTED_EDGE ( 'NONE', *, *, #202, .T. ) ;
#268 = VECTOR ( 'NONE', #1453, 1000.000000000000000 ) ;
#269 = ORIENTED_EDGE ( 'NONE', *, *, #1970, .T. ) ;
#270 = DIRECTION ( 'NONE',  ( 0.000000000000000000, 0.000000000000000000, 1.000000000000000000 ) ) ;
#271 = CIRCLE ( 'NONE', #44, 12.50000000000000000 ) ;
#272 = ORIENTED_EDGE ( 'NONE', *, *, #3473, .F. ) ;
#273 = CIRCLE ( 'NONE', #739, 0.5000000000000004441 ) ;
#274 = DIRECTION ( 'NONE',  ( 0.000000000000000000, 0.000000000000000000, 1.000000000000000000 ) ) ;
#275 = PLANE ( 'NONE',  #1386 ) ;
#276 = AXIS2_PLACEMENT_3D ( 'NONE', #826, #25, #2806 ) ;
#277 = CYLINDRICAL_SURFACE ( 'NONE', #116, 0.5000000000000004441 ) ;
#278 = VERTEX_POINT ( 'NONE', #205 ) ;
#279 = AXIS2_PLACEMENT_3D ( 'NONE', #1696, #1730, #1417 ) ;
#280 = LINE ( 'NONE', #15, #672 ) ;
#281 = DIRECTION ( 'NONE',  ( 0.000000000000000000, 0.000000000000000000, 1.000000000000000000 ) ) ;
#282 = AXIS2_PLACEMENT_3D ( 'NONE', #846, #3041, #1454 ) ;
#283 = EDGE_CURVE ( 'NONE', #3313, #847, #915, .T. ) ;
#284 = TOROIDAL_SURFACE ( 'NONE', #976, 2.500000000000000888, 0.5000000000000000000 ) ;
#285 = AXIS2_PLACEMENT_3D ( 'NONE', #3431, #1512, #2618 ) ;
#286 = CARTESIAN_POINT ( 'NONE',  ( 1.899999999999999911, -16.50000000000022737, 6.350000000000363798 ) ) ;
#287 = VECTOR ( 'NONE', #3545, 1000.000000000000000 ) ;
#288 = ORIENTED_EDGE ( 'NONE', *, *, #1919, .T. ) ;
#289 = VERTEX_POINT ( 'NONE', #2675 ) ;
#290 = VECTOR ( 'NONE', #2572, 1000.000000000000000 ) ;
#291 = EDGE_CURVE ( 'NONE', #3274, #3395, #1790, .T. ) ;
#292 = VERTEX_POINT ( 'NONE', #1243 ) ;
#293 = FACE_OUTER_BOUND ( 'NONE', #1123, .T. ) ;
#294 = VECTOR ( 'NONE', #3378, 1000.000000000000000 ) ;
#295 = EDGE_LOOP ( 'NONE', ( #2265, #2837, #1698, #1367 ) ) ;
#296 = CIRCLE ( 'NONE', #1682, 5.500000000000079048 ) ;
#297 = FACE_OUTER_BOUND ( 'NONE', #2623, .T. ) ;
#298 = DIRECTION ( 'NONE',  ( 0.000000000000000000, 0.000000000000000000, 1.000000000000000000 ) ) ;
#299 = DIRECTION ( 'NONE',  ( 1.000000000000000000, 0.000000000000000000, 0.000000000000000000 ) ) ;
#300 = VERTEX_POINT ( 'NONE', #1319 ) ;
#301 = CYLINDRICAL_SURFACE ( 'NONE', #2876, 0.5000000000000004441 ) ;
#302 = DIRECTION ( 'NONE',  ( 0.000000000000000000, 0.000000000000000000, 1.000000000000000000 ) ) ;
#303 = DIRECTION ( 'NONE',  ( 1.000000000000000000, 0.000000000000000000, 0.000000000000000000 ) ) ;
#304 = EDGE_CURVE ( 'NONE', #2570, #417, #231, .T. ) ;
#305 = ORIENTED_EDGE ( 'NONE', *, *, #2912, .T. ) ;
#306 = ORIENTED_EDGE ( 'NONE', *, *, #2182, .F. ) ;
#307 = EDGE_LOOP ( 'NONE', ( #598, #3424, #626, #360 ) ) ;
#308 = LINE ( 'NONE', #1371, #2893 ) ;
#309 = VERTEX_POINT ( 'NONE', #1873 ) ;
#310 = DIRECTION ( 'NONE',  ( 1.000000000000000000, 0.000000000000000000, 0.000000000000000000 ) ) ;
#311 = LINE ( 'NONE', #2218, #992 ) ;
#312 = DIRECTION ( 'NONE',  ( 0.000000000000000000, 1.000000000000000000, -0.000000000000000000 ) ) ;
#313 = EDGE_LOOP ( 'NONE', ( #639, #2672, #3038, #873 ) ) ;
#314 = DIRECTION ( 'NONE',  ( 0.000000000000000000, -0.000000000000000000, -1.000000000000000000 ) ) ;
#315 = EDGE_CURVE ( 'NONE', #1812, #236, #2716, .T. ) ;
#316 = CYLINDRICAL_SURFACE ( 'NONE', #2472, 20.00000000000006750 ) ;
#317 = ADVANCED_FACE ( 'NONE', ( #2653 ), #2686, .F. ) ;
#318 = CARTESIAN_POINT ( 'NONE',  ( -3.500000000000003109, -5.979487307218745329, -1.500000000000000000 ) ) ;
#319 = CARTESIAN_POINT ( 'NONE',  ( 1.899999999999999911, -16.50000000000022737, -6.350000000000363798 ) ) ;
#320 = ORIENTED_EDGE ( 'NONE', *, *, #2060, .T. ) ;
#321 = VERTEX_POINT ( 'NONE', #221 ) ;
#322 = ORIENTED_EDGE ( 'NONE', *, *, #3281, .F. ) ;
#323 = LINE ( 'NONE', #1715, #2259 ) ;
#324 = ORIENTED_EDGE ( 'NONE', *, *, #1044, .T. ) ;
#325 = DIRECTION ( 'NONE',  ( 0.000000000000000000, 0.000000000000000000, -1.000000000000000000 ) ) ;
#326 = DIRECTION ( 'NONE',  ( 1.000000000000000000, 2.449021377849652985E-14, 0.000000000000000000 ) ) ;
#327 = DIRECTION ( 'NONE',  ( 0.000000000000000000, -1.000000000000000000, 0.000000000000000000 ) ) ;
#328 = CIRCLE ( 'NONE', #3557, 20.00000000000081002 ) ;
#329 = DIRECTION ( 'NONE',  ( 0.000000000000000000, 1.000000000000000000, 0.000000000000000000 ) ) ;
#330 = TOROIDAL_SURFACE ( 'NONE', #1773, 8.499999999999850786, 0.5000000000000000000 ) ;
#331 = EDGE_CURVE ( 'NONE', #3274, #3313, #2078, .T. ) ;
#332 = CARTESIAN_POINT ( 'NONE',  ( 4.816277120045396209, -49.48684021638349151, 1.941902198823909576 ) ) ;
#333 = CARTESIAN_POINT ( 'NONE',  ( -3.500000000000000000, -21.86494816465573976, -1.500000000000000000 ) ) ;
#334 = CIRCLE ( 'NONE', #1189, 0.5000000000000004441 ) ;
#335 = EDGE_CURVE ( 'NONE', #1701, #3457, #1040, .T. ) ;
#336 = CIRCLE ( 'NONE', #2192, 1.149999999999636646 ) ;
#337 = CARTESIAN_POINT ( 'NONE',  ( -12.94179605786055909, -39.46121103496108162, 1.621576077867813437 ) ) ;
#338 = DIRECTION ( 'NONE',  ( -0.000000000000000000, 1.000000000000000000, -0.000000000000000000 ) ) ;
#339 = EDGE_LOOP ( 'NONE', ( #356, #1080, #975, #1642 ) ) ;
#340 = ORIENTED_EDGE ( 'NONE', *, *, #1900, .T. ) ;
#341 = CIRCLE ( 'NONE', #2824, 3.500000000000001332 ) ;
#342 = ORIENTED_EDGE ( 'NONE', *, *, #2440, .F. ) ;
#343 = DIRECTION ( 'NONE',  ( 1.000000000000000000, 0.000000000000000000, 0.000000000000000000 ) ) ;
#344 = AXIS2_PLACEMENT_3D ( 'NONE', #1810, #3192, #1528 ) ;
#345 = ORIENTED_EDGE ( 'NONE', *, *, #246, .T. ) ;
#346 = CARTESIAN_POINT ( 'NONE',  ( 40.00000000000000000, -49.98684021638359809, 0.000000000000000000 ) ) ;
#347 = DIRECTION ( 'NONE',  ( 0.000000000000000000, -1.000000000000000000, 0.000000000000000000 ) ) ;
#348 = CARTESIAN_POINT ( 'NONE',  ( 8.476199467727326464, -49.98684021638359809, -62.49999999990119903 ) ) ;
#349 = CIRCLE ( 'NONE', #2377, 0.4999999999999997224 ) ;
#350 = DIRECTION ( 'NONE',  ( 0.000000000000000000, 1.734723475976792698E-15, -1.000000000000000000 ) ) ;
#351 = ADVANCED_FACE ( 'NONE', ( #1819 ), #3248, .T. ) ;
#352 = EDGE_CURVE ( 'NONE', #3405, #1076, #2148, .T. ) ;
#353 = CIRCLE ( 'NONE', #520, 0.5000000000000004441 ) ;
#354 = DIRECTION ( 'NONE',  ( -0.000000000000000000, -1.000000000000000000, 0.000000000000000000 ) ) ;
#355 = FACE_OUTER_BOUND ( 'NONE', #3245, .T. ) ;
#356 = ORIENTED_EDGE ( 'NONE', *, *, #377, .T. ) ;
#357 = FACE_OUTER_BOUND ( 'NONE', #1907, .T. ) ;
#358 = DIRECTION ( 'NONE',  ( -1.000000000000000000, 0.000000000000000000, 0.000000000000000000 ) ) ;
#359 = ORIENTED_EDGE ( 'NONE', *, *, #1016, .F. ) ;
#360 = ORIENTED_EDGE ( 'NONE', *, *, #1652, .T. ) ;
#361 = VERTEX_POINT ( 'NONE', #442 ) ;
#362 = LINE ( 'NONE', #663, #1734 ) ;
#363 = EDGE_CURVE ( 'NONE', #1005, #2964, #1000, .T. ) ;
#364 = ORIENTED_EDGE ( 'NONE', *, *, #171, .F. ) ;
#365 = CARTESIAN_POINT ( 'NONE',  ( 38.71851134746695067, -49.98684021638359809, -12.00000000000000000 ) ) ;
#366 = CARTESIAN_POINT ( 'NONE',  ( 4.999999999999999112, -49.48684021638337072, -2.000000000000000000 ) ) ;
#367 = CARTESIAN_POINT ( 'NONE',  ( 8.476199467703624535, -49.98684021638359809, 62.49999999999999289 ) ) ;
#368 = CARTESIAN_POINT ( 'NONE',  ( -6.500000000000328626, -49.98684021638321440, 12.00000000000000000 ) ) ;
#369 = CARTESIAN_POINT ( 'NONE',  ( 4.000000000000000000, -7.500000000000229150, 5.500000000000000000 ) ) ;
#370 = FACE_OUTER_BOUND ( 'NONE', #3073, .T. ) ;
#371 = EDGE_CURVE ( 'NONE', #971, #50, #1913, .T. ) ;
#372 = ORIENTED_EDGE ( 'NONE', *, *, #404, .T. ) ;
#373 = LOCAL_TIME ( 18, 25, 37.00000000000000000, #1594 ) ;
#374 = FACE_OUTER_BOUND ( 'NONE', #1468, .T. ) ;
#375 = CYLINDRICAL_SURFACE ( 'NONE', #2121, 1.149999999999636646 ) ;
#376 = B_SPLINE_CURVE_WITH_KNOTS ( 'NONE', 3,
 ( #3521, #2539, #2257, #2557, #1396, #3045, #3359, #2503, #332, #2288 ),
 .UNSPECIFIED., .F., .F.,
 ( 4, 2, 2, 2, 4 ),
 ( 0.000000000000000000, 0.0005780696391782012096, 0.001156139278356402419, 0.001734208917534603520, 0.002312278556712804838 ),
 .UNSPECIFIED. ) ;
#377 = EDGE_CURVE ( 'NONE', #1162, #300, #3293, .T. ) ;
#378 = VERTEX_POINT ( 'NONE', #2699 ) ;
#379 = ORIENTED_EDGE ( 'NONE', *, *, #3101, .T. ) ;
#380 = LINE ( 'NONE', #1145, #3119 ) ;
#381 = ORIENTED_EDGE ( 'NONE', *, *, #1136, .T. ) ;
#382 = CYLINDRICAL_SURFACE ( 'NONE', #2188, 0.5000000000000004441 ) ;
#383 = CARTESIAN_POINT ( 'NONE',  ( 0.000000000000000000, -8.432575659723033468, -4.350000000000363798 ) ) ;
#384 = LINE ( 'NONE', #100, #3406 ) ;
#385 = DIRECTION ( 'NONE',  ( 0.000000000000000000, 0.000000000000000000, -1.000000000000000000 ) ) ;
#386 = VECTOR ( 'NONE', #827, 1000.000000000000000 ) ;
#387 = CARTESIAN_POINT ( 'NONE',  ( 4.000000000000000000, -4.035898384862474764, -7.499999999999898748 ) ) ;
#388 = CIRCLE ( 'NONE', #3454, 0.5000000000000003331 ) ;
#389 = CARTESIAN_POINT ( 'NONE',  ( -2.500000000000000444, -44.48684021638313624, 12.50000000000000000 ) ) ;
#390 = EDGE_LOOP ( 'NONE', ( #1144, #2946, #148, #2639 ) ) ;
#391 = CARTESIAN_POINT ( 'NONE',  ( -23.00000000000080291, -21.86494816465562252, -12.00000000000000000 ) ) ;
#392 = DIRECTION ( 'NONE',  ( 0.000000000000000000, 0.000000000000000000, 1.000000000000000000 ) ) ;
#393 = TOROIDAL_SURFACE ( 'NONE', #3108, 1.499999999999923617, 0.5000000000000000000 ) ;
#394 = EDGE_CURVE ( 'NONE', #236, #378, #2396, .T. ) ;
#395 = EDGE_CURVE ( 'NONE', #93, #1005, #2256, .T. ) ;
#396 = ORIENTED_EDGE ( 'NONE', *, *, #335, .T. ) ;
#397 = CIRCLE ( 'NONE', #1493, 3.000000000000000888 ) ;
#398 = EDGE_LOOP ( 'NONE', ( #575, #37, #1644, #1980 ) ) ;
#399 = DIRECTION ( 'NONE',  ( 0.000000000000000000, -1.000000000000000000, 0.000000000000000000 ) ) ;
#400 = CIRCLE ( 'NONE', #3404, 0.5000000000000000000 ) ;
#401 = ORIENTED_EDGE ( 'NONE', *, *, #798, .F. ) ;
#402 = EDGE_LOOP ( 'NONE', ( #615, #502, #1261, #1931 ) ) ;
#403 = AXIS2_PLACEMENT_3D ( 'NONE', #3463, #1268, #3193 ) ;
#404 = EDGE_CURVE ( 'NONE', #2127, #2495, #3411, .T. ) ;
#405 = DIRECTION ( 'NONE',  ( 1.000000000000000000, 0.000000000000000000, -0.000000000000000000 ) ) ;
#406 = VECTOR ( 'NONE', #3279, 1000.000000000000000 ) ;
#407 = DIRECTION ( 'NONE',  ( 0.000000000000000000, 0.000000000000000000, -1.000000000000000000 ) ) ;
#408 = AXIS2_PLACEMENT_3D ( 'NONE', #1767, #2021, #343 ) ;
#409 = CARTESIAN_POINT ( 'NONE',  ( 4.000000000000000000, -7.500000000000229150, 7.999999999999998224 ) ) ;
#410 = DIRECTION ( 'NONE',  ( 0.000000000000000000, -1.000000000000000000, 0.000000000000000000 ) ) ;
#411 = AXIS2_PLACEMENT_3D ( 'NONE', #183, #2108, #2369 ) ;
#412 = DIRECTION ( 'NONE',  ( 1.000000000000000000, -0.000000000000000000, -0.000000000000000000 ) ) ;
#413 = ORIENTED_EDGE ( 'NONE', *, *, #259, .T. ) ;
#414 = CARTESIAN_POINT ( 'NONE',  ( -6.500000000000328626, -44.48684021638313624, -12.50000000000000000 ) ) ;
#415 = CYLINDRICAL_SURFACE ( 'NONE', #914, 23.00000000000080291 ) ;
#416 = CIRCLE ( 'NONE', #1210, 2.500000000000000444 ) ;
#417 = VERTEX_POINT ( 'NONE', #3227 ) ;
#418 = VERTEX_POINT ( 'NONE', #2907 ) ;
#419 = LINE ( 'NONE', #1521, #2480 ) ;
#420 = ADVANCED_FACE ( 'NONE', ( #1857 ), #1031, .T. ) ;
#421 = ORIENTED_EDGE ( 'NONE', *, *, #2213, .F. ) ;
#422 = EDGE_LOOP ( 'NONE', ( #1236, #3566, #2680, #838 ) ) ;
#423 = DIRECTION ( 'NONE',  ( 0.000000000000000000, 0.000000000000000000, 1.000000000000000000 ) ) ;
#424 = FACE_OUTER_BOUND ( 'NONE', #2611, .T. ) ;
#425 = DIRECTION ( 'NONE',  ( 0.000000000000000000, 1.000000000000000000, 0.000000000000000000 ) ) ;
#426 = FACE_OUTER_BOUND ( 'NONE', #777, .T. ) ;
#427 = DIRECTION ( 'NONE',  ( 1.000000000000000000, -0.000000000000000000, -0.000000000000000000 ) ) ;
#428 = CARTESIAN_POINT ( 'NONE',  ( -3.000000000000000000, -21.86494816465574331, 2.000000000000000000 ) ) ;
#429 = FACE_OUTER_BOUND ( 'NONE', #62, .T. ) ;
#430 = PERSON_AND_ORGANIZATION_ROLE ( 'creator' ) ;
#431 = EDGE_CURVE ( 'NONE', #3457, #361, #1727, .T. ) ;
#432 = DIRECTION ( 'NONE',  ( 0.000000000000000000, 0.000000000000000000, -1.000000000000000000 ) ) ;
#433 = ADVANCED_FACE ( 'NONE', ( #553 ), #1924, .F. ) ;
#434 = DIRECTION ( 'NONE',  ( 0.000000000000000000, 0.000000000000000000, -1.000000000000000000 ) ) ;
#435 = APPLICATION_PROTOCOL_DEFINITION ( 'international standard', 'config_control_design', 1994, #1228 ) ;
#436 = ORIENTED_EDGE ( 'NONE', *, *, #1079, .F. ) ;
#437 = LINE ( 'NONE', #2647, #981 ) ;
#438 = ORIENTED_EDGE ( 'NONE', *, *, #3189, .F. ) ;
#439 = EDGE_LOOP ( 'NONE', ( #1306, #3349, #759, #1880 ) ) ;
#440 = DIRECTION ( 'NONE',  ( 0.000000000000000000, 0.000000000000000000, 1.000000000000000000 ) ) ;
#441 = CARTESIAN_POINT ( 'NONE',  ( 2.400000000000000355, -4.901923788646897151, -6.999999999999975131 ) ) ;
#442 = CARTESIAN_POINT ( 'NONE',  ( -6.500000000000328626, -52.48684021638314334, -12.00000000000000000 ) ) ;
#443 = CYLINDRICAL_SURFACE ( 'NONE', #3467, 23.00000000000080291 ) ;
#444 = CARTESIAN_POINT ( 'NONE',  ( 0.000000000000000000, -21.86494816465562252, -12.50000000000000000 ) ) ;
#445 = DIRECTION ( 'NONE',  ( 0.000000000000000000, 0.000000000000000000, 1.000000000000000000 ) ) ;
#446 = CARTESIAN_POINT ( 'NONE',  ( -6.500000000000328626, -49.48684021638359809, -12.00000000000000000 ) ) ;
#447 = ORIENTED_EDGE ( 'NONE', *, *, #929, .F. ) ;
#448 = EDGE_CURVE ( 'NONE', #3457, #292, #3300, .T. ) ;
#449 = CIRCLE ( 'NONE', #837, 0.9999999999999419353 ) ;
#450 = LINE ( 'NONE', #2894, #2989 ) ;
#451 = CARTESIAN_POINT ( 'NONE',  ( -23.00000000000080291, -21.86494816465562252, -12.00000000000000000 ) ) ;
#452 = DIRECTION ( 'NONE',  ( 1.000000000000000000, 0.000000000000000000, 0.000000000000000000 ) ) ;
#453 = AXIS2_PLACEMENT_3D ( 'NONE', #1622, #245, #495 ) ;
#454 = ORIENTED_EDGE ( 'NONE', *, *, #3239, .T. ) ;
#455 = VECTOR ( 'NONE', #1771, 1000.000000000000000 ) ;
#456 = ORIENTED_EDGE ( 'NONE', *, *, #2006, .T. ) ;
#457 = ORIENTED_EDGE ( 'NONE', *, *, #800, .F. ) ;
#458 = DIRECTION ( 'NONE',  ( 0.000000000000000000, 0.000000000000000000, 1.000000000000000000 ) ) ;
#459 = VECTOR ( 'NONE', #546, 1000.000000000000000 ) ;
#460 = DIRECTION ( 'NONE',  ( 1.000000000000000000, 0.000000000000000000, -0.000000000000000000 ) ) ;
#461 = DIRECTION ( 'NONE',  ( -1.000000000000000000, -0.000000000000000000, -0.000000000000000000 ) ) ;
#462 = AXIS2_PLACEMENT_3D ( 'NONE', #2867, #3339, #3360 ) ;
#463 = CARTESIAN_POINT ( 'NONE',  ( 40.00000000000000000, -49.98684021638359809, 0.000000000000000000 ) ) ;
#464 = LINE ( 'NONE', #2103, #1451 ) ;
#465 = DIRECTION ( 'NONE',  ( 1.000000000000000000, -0.000000000000000000, -0.000000000000000000 ) ) ;
#466 = AXIS2_PLACEMENT_3D ( 'NONE', #2960, #3170, #2097 ) ;
#467 = EDGE_CURVE ( 'NONE', #660, #378, #1939, .T. ) ;
#468 = ORIENTED_EDGE ( 'NONE', *, *, #264, .T. ) ;
#469 = VECTOR ( 'NONE', #3554, 1000.000000000000000 ) ;
#470 = CARTESIAN_POINT ( 'NONE',  ( 40.00000000000000000, -52.48684021638314334, 0.000000000000000000 ) ) ;
#471 = DIRECTION ( 'NONE',  ( 0.000000000000000000, 0.000000000000000000, -1.000000000000000000 ) ) ;
#472 = DATE_AND_TIME ( #1850, #373 ) ;
#473 = AXIS2_PLACEMENT_3D ( 'NONE', #2642, #200, #3220 ) ;
#474 = CIRCLE ( 'NONE', #2783, 0.5000000000000004441 ) ;
#475 = ORIENTED_EDGE ( 'NONE', *, *, #2855, .F. ) ;
#476 = ORIENTED_EDGE ( 'NONE', *, *, #3281, .T. ) ;
#477 = ADVANCED_FACE ( 'NONE', ( #293 ), #622, .T. ) ;
#478 = DIRECTION ( 'NONE',  ( 3.469446951953602356E-15, 0.000000000000000000, -1.000000000000000000 ) ) ;
#479 = CARTESIAN_POINT ( 'NONE',  ( 4.500000000000000000, 0.000000000000000000, -6.500000000000000888 ) ) ;
#480 = CARTESIAN_POINT ( 'NONE',  ( 1.899999999999999911, -5.500000000000227374, 4.350000000000363798 ) ) ;
#481 = CARTESIAN_POINT ( 'NONE',  ( 40.00000000000000000, -52.48684021638359809, 0.000000000000000000 ) ) ;
#482 = ORIENTED_EDGE ( 'NONE', *, *, #283, .F. ) ;
#483 = DIRECTION ( 'NONE',  ( 1.000000000000000000, 0.000000000000000000, 0.000000000000000000 ) ) ;
#484 = DIRECTION ( 'NONE',  ( 1.000000000000000000, 0.000000000000000000, 0.000000000000000000 ) ) ;
#485 = CARTESIAN_POINT ( 'NONE',  ( -23.00000000000080291, -21.86494816465562252, 12.00000000000000000 ) ) ;
#486 = AXIS2_PLACEMENT_3D ( 'NONE', #3133, #1757, #872 ) ;
#487 = ORIENTED_EDGE ( 'NONE', *, *, #1488, .T. ) ;
#488 = ORIENTED_EDGE ( 'NONE', *, *, #1064, .T. ) ;
#489 = ORIENTED_EDGE ( 'NONE', *, *, #2683, .T. ) ;
#490 = DIRECTION ( 'NONE',  ( -0.000000000000000000, 1.000000000000000000, 6.938893903907228378E-15 ) ) ;
#491 = FACE_OUTER_BOUND ( 'NONE', #1391, .T. ) ;
#492 = CARTESIAN_POINT ( 'NONE',  ( -2.500000000000000000, -6.548928066507642143E-13, 12.00000000000000000 ) ) ;
#493 = DIRECTION ( 'NONE',  ( 0.000000000000000000, 0.000000000000000000, 1.000000000000000000 ) ) ;
#494 = VERTEX_POINT ( 'NONE', #1390 ) ;
#495 = DIRECTION ( 'NONE',  ( 0.4503400076046335521, 0.000000000000000000, 0.8928571428569402890 ) ) ;
#496 = DIRECTION ( 'NONE',  ( 1.000000000000000000, -0.000000000000000000, 0.000000000000000000 ) ) ;
#497 = FACE_OUTER_BOUND ( 'NONE', #3253, .T. ) ;
#498 = AXIS2_PLACEMENT_3D ( 'NONE', #3155, #1536, #3200 ) ;
#499 = ADVANCED_FACE ( 'NONE', ( #2497 ), #2166, .T. ) ;
#500 = ORIENTED_EDGE ( 'NONE', *, *, #3087, .T. ) ;
#501 = CIRCLE ( 'NONE', #790, 0.9999999999999245048 ) ;
#502 = ORIENTED_EDGE ( 'NONE', *, *, #2550, .T. ) ;
#503 = VERTEX_POINT ( 'NONE', #793 ) ;
#504 = CARTESIAN_POINT ( 'NONE',  ( 4.500000000000000000, -4.035898384862474764, -6.500000000000000888 ) ) ;
#505 = AXIS2_PLACEMENT_3D ( 'NONE', #2357, #2302, #423 ) ;
#506 = ADVANCED_FACE ( 'NONE', ( #3328 ), #253, .F. ) ;
#507 = AXIS2_PLACEMENT_3D ( 'NONE', #910, #1975, #2798 ) ;
#508 = AXIS2_PLACEMENT_3D ( 'NONE', #770, #2489, #2982 ) ;
#509 = CARTESIAN_POINT ( 'NONE',  ( 4.000000000000000000, -4.035898384862474764, -7.499999999999898748 ) ) ;
#510 = DIRECTION ( 'NONE',  ( 0.000000000000000000, 0.000000000000000000, -1.000000000000000000 ) ) ;
#511 = CYLINDRICAL_SURFACE ( 'NONE', #2586, 0.5000000000000004441 ) ;
#512 = DIRECTION ( 'NONE',  ( 0.000000000000000000, 0.000000000000000000, 1.000000000000000000 ) ) ;
#513 = VECTOR ( 'NONE', #85, 1000.000000000000000 ) ;
#514 = CYLINDRICAL_SURFACE ( 'NONE', #2293, 49.99999999999999289 ) ;
#515 = FACE_OUTER_BOUND ( 'NONE', #3556, .T. ) ;
#516 = EDGE_CURVE ( 'NONE', #2244, #2333, #2463, .T. ) ;
#517 = AXIS2_PLACEMENT_3D ( 'NONE', #2447, #1066, #1081 ) ;
#518 = CYLINDRICAL_SURFACE ( 'NONE', #2205, 7.999999999999850786 ) ;
#519 = CIRCLE ( 'NONE', #2315, 20.50000000000081002 ) ;
#520 = AXIS2_PLACEMENT_3D ( 'NONE', #3272, #785, #1899 ) ;
#521 = ORIENTED_EDGE ( 'NONE', *, *, #2778, .F. ) ;
#522 = ORIENTED_EDGE ( 'NONE', *, *, #3069, .T. ) ;
#523 = EDGE_LOOP ( 'NONE', ( #151, #1765, #1398, #1165 ) ) ;
#524 = VECTOR ( 'NONE', #207, 1000.000000000000000 ) ;
#525 = CARTESIAN_POINT ( 'NONE',  ( -3.000000000000000000, -21.86494816465574331, -12.50000000000000000 ) ) ;
#526 = EDGE_CURVE ( 'NONE', #1544, #2986, #3022, .T. ) ;
#527 = EDGE_CURVE ( 'NONE', #2048, #300, #3116, .T. ) ;
#528 = EDGE_CURVE ( 'NONE', #1978, #2333, #2429, .T. ) ;
#529 = LINE ( 'NONE', #1302, #2079 ) ;
#530 = CARTESIAN_POINT ( 'NONE',  ( -6.500000000000328626, -51.98684021638314334, 12.00000000000000000 ) ) ;
#531 = DIRECTION ( 'NONE',  ( 1.000000000000000000, -0.000000000000000000, 0.000000000000000000 ) ) ;
#532 = ORIENTED_EDGE ( 'NONE', *, *, #1742, .T. ) ;
#533 = EDGE_CURVE ( 'NONE', #43, #3107, #308, .T. ) ;
#534 = DIRECTION ( 'NONE',  ( 1.000000000000000000, 0.000000000000000000, 0.000000000000000000 ) ) ;
#535 = EDGE_CURVE ( 'NONE', #1162, #1326, #238, .T. ) ;
#536 = DIRECTION ( 'NONE',  ( 0.000000000000000000, -1.000000000000000000, 0.000000000000000000 ) ) ;
#537 = VERTEX_POINT ( 'NONE', #1406 ) ;
#538 = VERTEX_POINT ( 'NONE', #2718 ) ;
#539 = ORIENTED_EDGE ( 'NONE', *, *, #2773, .T. ) ;
#540 = CARTESIAN_POINT ( 'NONE',  ( -23.00000000000080291, -21.86494816465562252, 1.500000000000000000 ) ) ;
#541 = ORGANIZATION ( '未指定', '未指定', '' ) ;
#542 = DIRECTION ( 'NONE',  ( -1.000000000000000000, 0.000000000000000000, 0.000000000000000000 ) ) ;
#543 = DIRECTION ( 'NONE',  ( 1.000000000000000000, 0.000000000000000000, 0.000000000000000000 ) ) ;
#544 = ORIENTED_EDGE ( 'NONE', *, *, #2589, .T. ) ;
#545 = CARTESIAN_POINT ( 'NONE',  ( -3.499999999999999556, 4.008004870492410276, 1.500000000000000000 ) ) ;
#546 = DIRECTION ( 'NONE',  ( 0.000000000000000000, 0.000000000000000000, 1.000000000000000000 ) ) ;
#547 = EDGE_CURVE ( 'NONE', #3187, #2356, #1053, .T. ) ;
#548 = DIRECTION ( 'NONE',  ( 0.000000000000000000, 0.4999999999999920619, -0.8660254037844433705 ) ) ;
#549 = ORIENTED_EDGE ( 'NONE', *, *, #1301, .F. ) ;
#550 = ORIENTED_EDGE ( 'NONE', *, *, #1429, .F. ) ;
#551 = AXIS2_PLACEMENT_3D ( 'NONE', #470, #2913, #432 ) ;
#552 = ORIENTED_EDGE ( 'NONE', *, *, #55, .T. ) ;
#553 = FACE_OUTER_BOUND ( 'NONE', #147, .T. ) ;
#554 = AXIS2_PLACEMENT_3D ( 'NONE', #369, #1474, #1413 ) ;
#555 = VERTEX_POINT ( 'NONE', #1631 ) ;
#556 = DIRECTION ( 'NONE',  ( 1.000000000000000000, 0.000000000000000000, -0.000000000000000000 ) ) ;
#557 = DIRECTION ( 'NONE',  ( 1.000000000000000000, 0.000000000000000000, 0.000000000000000000 ) ) ;
#558 = VECTOR ( 'NONE', #2751, 1000.000000000000000 ) ;
#559 = CARTESIAN_POINT ( 'NONE',  ( 30.99319984793556060, -49.98684021638359809, 17.85714285715311789 ) ) ;
#560 = ORIENTED_EDGE ( 'NONE', *, *, #2060, .F. ) ;
#561 = CARTESIAN_POINT ( 'NONE',  ( 4.500000000000000000, -14.50000000000022560, -4.350000000000363798 ) ) ;
#562 = EDGE_CURVE ( 'NONE', #2495, #252, #1140, .T. ) ;
#563 = DIRECTION ( 'NONE',  ( 0.000000000000000000, 1.000000000000000000, -0.000000000000000000 ) ) ;
#564 = CIRCLE ( 'NONE', #2142, 0.5000000000000001110 ) ;
#565 = AXIS2_PLACEMENT_3D ( 'NONE', #2084, #3175, #696 ) ;
#566 = ORIENTED_EDGE ( 'NONE', *, *, #3494, .T. ) ;
#567 = CARTESIAN_POINT ( 'NONE',  ( -4.544975507059234587E-13, -31.57366864623804759, -1.500000000000000000 ) ) ;
#568 = CIRCLE ( 'NONE', #61, 0.8500000000003652412 ) ;
#569 = VERTEX_POINT ( 'NONE', #2200 ) ;
#570 = ORIENTED_EDGE ( 'NONE', *, *, #1350, .F. ) ;
#571 = AXIS2_PLACEMENT_3D ( 'NONE', #1610, #3002, #2784 ) ;
#572 = ORIENTED_EDGE ( 'NONE', *, *, #1476, .F. ) ;
#573 = DIRECTION ( 'NONE',  ( 1.000000000000000000, 0.000000000000000000, 0.000000000000000000 ) ) ;
#574 = CIRCLE ( 'NONE', #3477, 0.5000000000000007772 ) ;
#575 = ORIENTED_EDGE ( 'NONE', *, *, #2620, .T. ) ;
#576 = EDGE_CURVE ( 'NONE', #2895, #971, #3064, .T. ) ;
#577 = VECTOR ( 'NONE', #3195, 1000.000000000000000 ) ;
#578 = DIRECTION ( 'NONE',  ( 0.000000000000000000, 0.000000000000000000, 1.000000000000000000 ) ) ;
#579 = CARTESIAN_POINT ( 'NONE',  ( 0.000000000000000000, -21.86494816465562252, 12.00000000000000000 ) ) ;
#580 = CARTESIAN_POINT ( 'NONE',  ( 1.899999999999999911, -7.500000000000229150, -5.500000000000000000 ) ) ;
#581 = ORIENTED_EDGE ( 'NONE', *, *, #1685, .T. ) ;
#582 = FACE_OUTER_BOUND ( 'NONE', #313, .T. ) ;
#583 = DIRECTION ( 'NONE',  ( -1.000000000000000000, -0.000000000000000000, -0.000000000000000000 ) ) ;
#584 = DIRECTION ( 'NONE',  ( -1.000000000000000000, 0.000000000000000000, 0.000000000000000000 ) ) ;
#585 = ORIENTED_EDGE ( 'NONE', *, *, #2505, .F. ) ;
#586 = ORIENTED_EDGE ( 'NONE', *, *, #1827, .T. ) ;
#587 = ORIENTED_EDGE ( 'NONE', *, *, #1064, .F. ) ;
#588 = FACE_OUTER_BOUND ( 'NONE', #3312, .T. ) ;
#589 = VERTEX_POINT ( 'NONE', #624 ) ;
#590 = DIRECTION ( 'NONE',  ( 1.000000000000000000, 0.000000000000000000, 0.000000000000000000 ) ) ;
#591 = LINE ( 'NONE', #2807, #268 ) ;
#592 = CARTESIAN_POINT ( 'NONE',  ( -4.544975507059234587E-13, -26.68677354515435241, 1.500000000000000000 ) ) ;
#593 = EDGE_CURVE ( 'NONE', #50, #3313, #1042, .T. ) ;
#594 = LINE ( 'NONE', #1706, #3394 ) ;
#595 = CARTESIAN_POINT ( 'NONE',  ( 8.476199467703736445, -52.48684021638359809, 12.49999999999999645 ) ) ;
#596 = CARTESIAN_POINT ( 'NONE',  ( -11.21428571428605636, -38.02344248731859722, 12.00000000000000000 ) ) ;
#597 = DIRECTION ( 'NONE',  ( 0.4503400076046391032, 0.000000000000000000, -0.8928571428569375135 ) ) ;
#598 = ORIENTED_EDGE ( 'NONE', *, *, #239, .F. ) ;
#599 = ORIENTED_EDGE ( 'NONE', *, *, #2461, .F. ) ;
#600 = ORIENTED_EDGE ( 'NONE', *, *, #112, .F. ) ;
#601 = EDGE_CURVE ( 'NONE', #2881, #1679, #323, .T. ) ;
#602 = EDGE_CURVE ( 'NONE', #2875, #2281, #380, .T. ) ;
#603 = DIRECTION ( 'NONE',  ( -1.000000000000000000, 0.000000000000000000, 0.000000000000000000 ) ) ;
#604 = VECTOR ( 'NONE', #347, 1000.000000000000000 ) ;
#605 = VERTEX_POINT ( 'NONE', #1752 ) ;
#606 = DIRECTION ( 'NONE',  ( 0.000000000000000000, 1.000000000000000000, -0.000000000000000000 ) ) ;
#607 = CARTESIAN_POINT ( 'NONE',  ( -6.500000000000328626, -44.48684021638313624, -12.50000000000000000 ) ) ;
#608 = DIRECTION ( 'NONE',  ( 0.000000000000000000, 0.000000000000000000, 1.000000000000000000 ) ) ;
#609 = AXIS2_PLACEMENT_3D ( 'NONE', #2483, #3040, #12 ) ;
#610 = DIRECTION ( 'NONE',  ( 0.000000000000000000, 0.000000000000000000, 1.000000000000000000 ) ) ;
#611 = VECTOR ( 'NONE', #1588, 1000.000000000000000 ) ;
#612 = DIRECTION ( 'NONE',  ( -1.000000000000000000, 0.000000000000000000, -0.000000000000000000 ) ) ;
#613 = CARTESIAN_POINT ( 'NONE',  ( -3.000000000000455191, 4.008004870492412941, -2.000000000000000000 ) ) ;
#614 = AXIS2_PLACEMENT_3D ( 'NONE', #1184, #955, #1225 ) ;
#615 = ORIENTED_EDGE ( 'NONE', *, *, #3024, .F. ) ;
#616 = DIRECTION ( 'NONE',  ( -1.000000000000000000, -0.000000000000000000, -0.000000000000000000 ) ) ;
#617 = CARTESIAN_POINT ( 'NONE',  ( 8.476199467703738222, -49.48684021638359809, 12.00000000000000000 ) ) ;
#618 = EDGE_CURVE ( 'NONE', #1544, #2195, #3413, .T. ) ;
#619 = VECTOR ( 'NONE', #3100, 1000.000000000000000 ) ;
#620 = ORIENTED_EDGE ( 'NONE', *, *, #2275, .F. ) ;
#621 = ORIENTED_EDGE ( 'NONE', *, *, #2475, .T. ) ;
#622 = TOROIDAL_SURFACE ( 'NONE', #3176, 20.50000000000081002, 0.5000000000000000000 ) ;
#623 = ORIENTED_EDGE ( 'NONE', *, *, #2701, .F. ) ;
#624 = CARTESIAN_POINT ( 'NONE',  ( -4.544975507059234587E-13, -44.48684021638337072, -1.500000000000000000 ) ) ;
#625 = CIRCLE ( 'NONE', #3242, 0.5000000000000000000 ) ;
#626 = ORIENTED_EDGE ( 'NONE', *, *, #1093, .T. ) ;
#627 = CARTESIAN_POINT ( 'NONE',  ( 8.476199467703736445, -51.98684021638314334, 12.00000000000000000 ) ) ;
#628 = CARTESIAN_POINT ( 'NONE',  ( 4.500000000000000000, -7.500000000000229150, -4.350000000000363798 ) ) ;
#629 = DIRECTION ( 'NONE',  ( 0.000000000000000000, 0.000000000000000000, -1.000000000000000000 ) ) ;
#630 = CIRCLE ( 'NONE', #2670, 0.5000000000000011102 ) ;
#631 = EDGE_CURVE ( 'NONE', #1578, #2127, #1467, .T. ) ;
#632 = CARTESIAN_POINT ( 'NONE',  ( -11.50892857142892467, -37.61948012925205376, -2.000000000000000000 ) ) ;
#633 = EDGE_CURVE ( 'NONE', #252, #1463, #2822, .T. ) ;
#634 = ADVANCED_FACE ( 'NONE', ( #588 ), #1143, .F. ) ;
#635 = PLANE ( 'NONE',  #3106 ) ;
#636 = DIRECTION ( 'NONE',  ( -0.000000000000000000, -1.000000000000000000, -1.927470528863119049E-16 ) ) ;
#637 = AXIS2_PLACEMENT_3D ( 'NONE', #2025, #327, #629 ) ;
#638 = EDGE_CURVE ( 'NONE', #836, #378, #121, .T. ) ;
#639 = ORIENTED_EDGE ( 'NONE', *, *, #188, .F. ) ;
#640 = DIRECTION ( 'NONE',  ( -0.000000000000000000, 1.000000000000000000, 1.927470528863119049E-16 ) ) ;
#641 = DIRECTION ( 'NONE',  ( 0.000000000000000000, 0.000000000000000000, -1.000000000000000000 ) ) ;
#642 = ORIENTED_EDGE ( 'NONE', *, *, #3479, .T. ) ;
#643 = ORIENTED_EDGE ( 'NONE', *, *, #1167, .T. ) ;
#644 = DIRECTION ( 'NONE',  ( 0.000000000000000000, 1.000000000000000000, 0.000000000000000000 ) ) ;
#645 = PERSON ( '未指定', '未指定', '未指定', ('未指定'), ('未指定'), ('未指定') ) ;
#646 = ORIENTED_EDGE ( 'NONE', *, *, #693, .T. ) ;
#647 = DIRECTION ( 'NONE',  ( 1.000000000000000000, 0.000000000000000000, 0.000000000000000000 ) ) ;
#648 = CARTESIAN_POINT ( 'NONE',  ( -6.500000000000328626, -48.98684021638359809, -2.000000000000000000 ) ) ;
#649 = DIRECTION ( 'NONE',  ( 0.000000000000000000, 1.000000000000000000, -0.000000000000000000 ) ) ;
#650 = LINE ( 'NONE', #1508, #1670 ) ;
#651 = EDGE_CURVE ( 'NONE', #2789, #2001, #3090, .T. ) ;
#652 = DIRECTION ( 'NONE',  ( 1.000000000000000000, 0.000000000000000000, 0.000000000000000000 ) ) ;
#653 = CARTESIAN_POINT ( 'NONE',  ( -23.00000000000080291, -21.86494816465562252, 2.000000000000000000 ) ) ;
#654 = CARTESIAN_POINT ( 'NONE',  ( 1.899999999999999911, -5.500000000000227374, -4.350000000000363798 ) ) ;
#655 = EDGE_CURVE ( 'NONE', #3020, #661, #754, .T. ) ;
#656 = EDGE_LOOP ( 'NONE', ( #219, #549, #2502, #933 ) ) ;
#657 = CARTESIAN_POINT ( 'NONE',  ( 4.500000000000000000, -8.432575659723033468, -4.350000000000363798 ) ) ;
#658 = CARTESIAN_POINT ( 'NONE',  ( 1.899999999999999911, -16.50000000000022737, -8.000000000000001776 ) ) ;
#659 = EDGE_CURVE ( 'NONE', #2821, #1835, #2305, .T. ) ;
#660 = VERTEX_POINT ( 'NONE', #114 ) ;
#661 = VERTEX_POINT ( 'NONE', #1501 ) ;
#662 = AXIS2_PLACEMENT_3D ( 'NONE', #1992, #2032, #92 ) ;
#663 = CARTESIAN_POINT ( 'NONE',  ( -13.64814814814920041, -40.89462946920713193, -1.500000000000000000 ) ) ;
#664 = ORIENTED_EDGE ( 'NONE', *, *, #171, .T. ) ;
#665 = ORIENTED_EDGE ( 'NONE', *, *, #3384, .F. ) ;
#666 = FACE_OUTER_BOUND ( 'NONE', #390, .T. ) ;
#667 = DIRECTION ( 'NONE',  ( 0.000000000000000000, -1.000000000000000000, 0.000000000000000000 ) ) ;
#668 = CARTESIAN_POINT ( 'NONE',  ( 4.500000000000000000, -1.228581458936417455E-13, -2.350000000000363798 ) ) ;
#669 = CARTESIAN_POINT ( 'NONE',  ( -6.500000000000328626, -44.48684021638313624, 1.500000000000000000 ) ) ;
#670 = DIRECTION ( 'NONE',  ( 1.000000000000000000, -6.245004513516252316E-15, 0.000000000000000000 ) ) ;
#671 = FACE_OUTER_BOUND ( 'NONE', #2755, .T. ) ;
#672 = VECTOR ( 'NONE', #3537, 1000.000000000000000 ) ;
#673 = APPROVAL_ROLE ( '' ) ;
#674 = CARTESIAN_POINT ( 'NONE',  ( -23.00000000000080291, -21.86494816465562252, 1.500000000000000000 ) ) ;
#675 = EDGE_LOOP ( 'NONE', ( #1620, #96, #1041, #1946, #3433, #1338, #2034, #487, #288, #2938 ) ) ;
#676 = CARTESIAN_POINT ( 'NONE',  ( 8.476199467727326464, -52.48684021638359809, -62.49999999990119903 ) ) ;
#677 = DIRECTION ( 'NONE',  ( -0.000000000000000000, -0.000000000000000000, -1.000000000000000000 ) ) ;
#678 = AXIS2_PLACEMENT_3D ( 'NONE', #387, #1230, #1492 ) ;
#679 = VECTOR ( 'NONE', #726, 1000.000000000000000 ) ;
#680 = ADVANCED_FACE ( 'NONE', ( #2877 ), #2720, .T. ) ;
#681 = AXIS2_PLACEMENT_3D ( 'NONE', #3419, #1764, #2815 ) ;
#682 = ORIENTED_EDGE ( 'NONE', *, *, #526, .T. ) ;
#683 = ORIENTED_EDGE ( 'NONE', *, *, #1540, .T. ) ;
#684 = DIRECTION ( 'NONE',  ( 0.000000000000000000, 0.000000000000000000, -1.000000000000000000 ) ) ;
#685 = TOROIDAL_SURFACE ( 'NONE', #3172, 8.499999999999850786, 0.5000000000000000000 ) ;
#686 = ORIENTED_EDGE ( 'NONE', *, *, #2376, .F. ) ;
#687 = EDGE_LOOP ( 'NONE', ( #1937, #1131, #1870, #722 ) ) ;
#688 = DIRECTION ( 'NONE',  ( 1.000000000000000000, 0.000000000000000000, 0.000000000000000000 ) ) ;
#689 = PLANE ( 'NONE',  #1446 ) ;
#690 = CARTESIAN_POINT ( 'NONE',  ( 0.000000000000000000, -0.000000000000000000, 4.350000000000363798 ) ) ;
#691 = AXIS2_PLACEMENT_3D ( 'NONE', #2375, #1222, #1542 ) ;
#692 = EDGE_CURVE ( 'NONE', #3435, #2957, #2669, .T. ) ;
#693 = EDGE_CURVE ( 'NONE', #605, #418, #362, .T. ) ;
#694 = AXIS2_PLACEMENT_3D ( 'NONE', #1164, #399, #2282 ) ;
#695 = DIRECTION ( 'NONE',  ( 0.000000000000000000, 0.000000000000000000, 1.000000000000000000 ) ) ;
#696 = DIRECTION ( 'NONE',  ( 0.000000000000000000, 1.006139616066547231E-13, 1.000000000000000000 ) ) ;
#697 = TOROIDAL_SURFACE ( 'NONE', #2318, 1.499999999999923617, 0.5000000000000000000 ) ;
#698 = CARTESIAN_POINT ( 'NONE',  ( -3.218597526069200132, -2.652900257872283341, -1.580898384676878710 ) ) ;
#699 = LINE ( 'NONE', #1008, #2209 ) ;
#700 = DIRECTION ( 'NONE',  ( 0.000000000000000000, 0.000000000000000000, 1.000000000000000000 ) ) ;
#701 = AXIS2_PLACEMENT_3D ( 'NONE', #2326, #1271, #1491 ) ;
#702 = VERTEX_POINT ( 'NONE', #95 ) ;
#703 = DIRECTION ( 'NONE',  ( 0.000000000000000000, 0.000000000000000000, -1.000000000000000000 ) ) ;
#704 = ORIENTED_EDGE ( 'NONE', *, *, #1795, .F. ) ;
#705 = VERTEX_POINT ( 'NONE', #36 ) ;
#706 = PLANE ( 'NONE',  #2299 ) ;
#707 = CARTESIAN_POINT ( 'NONE',  ( 8.476199467703624535, -52.48684021638314334, 62.49999999999999289 ) ) ;
#708 = DIRECTION ( 'NONE',  ( -0.000000000000000000, 1.000000000000000000, -0.000000000000000000 ) ) ;
#709 = EDGE_CURVE ( 'NONE', #1395, #3089, #66, .T. ) ;
#710 = DIRECTION ( 'NONE',  ( 0.000000000000000000, -1.000000000000000000, 0.000000000000000000 ) ) ;
#711 = EDGE_CURVE ( 'NONE', #950, #1318, #918, .T. ) ;
#712 = DIRECTION ( 'NONE',  ( 0.000000000000000000, 1.000000000000000000, -0.000000000000000000 ) ) ;
#713 = CARTESIAN_POINT ( 'NONE',  ( -6.500000000000328626, -44.48684021638313624, 2.000000000000000000 ) ) ;
#714 = CARTESIAN_POINT ( 'NONE',  ( 0.000000000000000000, 0.000000000000000000, 2.350000000000363798 ) ) ;
#715 = ADVANCED_FACE ( 'NONE', ( #2803 ), #829, .T. ) ;
#716 = AXIS2_PLACEMENT_3D ( 'NONE', #922, #649, #2862 ) ;
#717 = EDGE_LOOP ( 'NONE', ( #2746, #2408, #447, #2498 ) ) ;
#718 = DIRECTION ( 'NONE',  ( 0.000000000000000000, -1.000000000000000000, 0.000000000000000000 ) ) ;
#719 = CYLINDRICAL_SURFACE ( 'NONE', #988, 5.000000000000079048 ) ;
#720 = PERSON_AND_ORGANIZATION_ROLE ( 'design_owner' ) ;
#721 = ORIENTED_EDGE ( 'NONE', *, *, #3023, .T. ) ;
#722 = ORIENTED_EDGE ( 'NONE', *, *, #2730, .T. ) ;
#723 = ORIENTED_EDGE ( 'NONE', *, *, #2841, .F. ) ;
#724 = EDGE_CURVE ( 'NONE', #494, #3020, #215, .T. ) ;
#725 = EDGE_CURVE ( 'NONE', #503, #971, #2906, .T. ) ;
#726 = DIRECTION ( 'NONE',  ( 0.000000000000000000, 0.000000000000000000, 1.000000000000000000 ) ) ;
#727 = DIRECTION ( 'NONE',  ( 0.000000000000000000, 0.000000000000000000, 1.000000000000000000 ) ) ;
#728 = FACE_OUTER_BOUND ( 'NONE', #3130, .T. ) ;
#729 = DIRECTION ( 'NONE',  ( -1.000000000000000000, -4.718447854656910248E-13, -4.718447854656910248E-13 ) ) ;
#730 = CARTESIAN_POINT ( 'NONE',  ( 0.000000000000000000, -14.50000000000022560, -4.350000000000363798 ) ) ;
#731 = CARTESIAN_POINT ( 'NONE',  ( 8.476199467703743551, -49.98684021638359809, -12.50000000000000000 ) ) ;
#732 = ORIENTED_EDGE ( 'NONE', *, *, #1, .F. ) ;
#733 = CIRCLE ( 'NONE', #103, 0.5000000000000000000 ) ;
#734 = PLANE ( 'NONE',  #1950 ) ;
#735 = LINE ( 'NONE', #164, #1507 ) ;
#736 = DIRECTION ( 'NONE',  ( 0.8079247161330879168, 0.5892857142857526043, -0.000000000000000000 ) ) ;
#737 = AXIS2_PLACEMENT_3D ( 'NONE', #3443, #1839, #2384 ) ;
#738 = VERTEX_POINT ( 'NONE', #383 ) ;
#739 = AXIS2_PLACEMENT_3D ( 'NONE', #1602, #1039, #2466 ) ;
#740 = TOROIDAL_SURFACE ( 'NONE', #1255, 12.00000000000000000, 0.5000000000000000000 ) ;
#741 = CC_DESIGN_PERSON_AND_ORGANIZATION_ASSIGNMENT ( #2968, #720, ( #2151 ) ) ;
#742 = ORIENTED_EDGE ( 'NONE', *, *, #1753, .F. ) ;
#743 = ORIENTED_EDGE ( 'NONE', *, *, #709, .T. ) ;
#744 = TOROIDAL_SURFACE ( 'NONE', #3344, 4.500000000000078160, 0.5000000000000000000 ) ;
#745 = CARTESIAN_POINT ( 'NONE',  ( -0.4999999999999995559, 0.000000000000000000, 0.000000000000000000 ) ) ;
#746 = AXIS2_PLACEMENT_3D ( 'NONE', #1590, #2689, #1930 ) ;
#747 = CARTESIAN_POINT ( 'NONE',  ( -2.500000000000000000, 0.000000000000000000, 0.000000000000000000 ) ) ;
#748 = DIRECTION ( 'NONE',  ( 0.000000000000000000, -1.000000000000000000, 0.000000000000000000 ) ) ;
#749 = CARTESIAN_POINT ( 'NONE',  ( -6.500000000000328626, -44.48684021638313624, -12.50000000000000000 ) ) ;
#750 = VECTOR ( 'NONE', #1888, 1000.000000000000000 ) ;
#751 = EDGE_CURVE ( 'NONE', #2528, #3299, #2485, .T. ) ;
#752 = ORIENTED_EDGE ( 'NONE', *, *, #1249, .F. ) ;
#753 = APPROVAL_STATUS ( 'not_yet_approved' ) ;
#754 = CIRCLE ( 'NONE', #3301, 5.000000000000079048 ) ;
#755 = CARTESIAN_POINT ( 'NONE',  ( 0.000000000000000000, -6.649999999999864464, 5.500000000000000000 ) ) ;
#756 = DIRECTION ( 'NONE',  ( 1.000000000000000000, 0.000000000000000000, 0.000000000000000000 ) ) ;
#757 = VECTOR ( 'NONE', #2543, 1000.000000000000000 ) ;
#758 = CIRCLE ( 'NONE', #637, 0.5000000000000004441 ) ;
#759 = ORIENTED_EDGE ( 'NONE', *, *, #3261, .F. ) ;
#760 = VERTEX_POINT ( 'NONE', #441 ) ;
#761 = ORIENTED_EDGE ( 'NONE', *, *, #3206, .F. ) ;
#762 = CARTESIAN_POINT ( 'NONE',  ( 40.00000000000000000, -49.98684021638359809, 0.000000000000000000 ) ) ;
#763 = LINE ( 'NONE', #3303, #2414 ) ;
#764 = CYLINDRICAL_SURFACE ( 'NONE', #2674, 0.5000000000000004441 ) ;
#765 = DIRECTION ( 'NONE',  ( -1.000000000000000000, 0.000000000000000000, -0.000000000000000000 ) ) ;
#766 = ORIENTED_EDGE ( 'NONE', *, *, #1919, .F. ) ;
#767 = ADVANCED_FACE ( 'NONE', ( #3169 ), #153, .F. ) ;
#768 = DIRECTION ( 'NONE',  ( -0.000000000000000000, -1.000000000000000000, 0.000000000000000000 ) ) ;
#769 = CARTESIAN_POINT ( 'NONE',  ( -6.500000000000328626, -49.98684021638359809, 12.00000000000000000 ) ) ;
#770 = CARTESIAN_POINT ( 'NONE',  ( 1.899999999999999911, -7.500000000000229150, 5.500000000000000000 ) ) ;
#771 = ADVANCED_FACE ( 'NONE', ( #1546, #2652 ), #689, .T. ) ;
#772 = CARTESIAN_POINT ( 'NONE',  ( 40.00000000000000000, -52.48684021638359809, -20.00000000000006750 ) ) ;
#773 = CIRCLE ( 'NONE', #1995, 6.500000000000000000 ) ;
#774 = ADVANCED_FACE ( 'NONE', ( #424 ), #2883, .T. ) ;
#775 = ORIENTED_EDGE ( 'NONE', *, *, #834, .T. ) ;
#776 = ORIENTED_EDGE ( 'NONE', *, *, #2100, .F. ) ;
#777 = EDGE_LOOP ( 'NONE', ( #3316, #1952, #1738, #2227 ) ) ;
#778 = CARTESIAN_POINT ( 'NONE',  ( 1.899999999999999911, -6.649999999999862688, -5.500000000000000000 ) ) ;
#779 = DIRECTION ( 'NONE',  ( 1.000000000000000000, 0.000000000000000000, -0.000000000000000000 ) ) ;
#780 = FACE_OUTER_BOUND ( 'NONE', #2605, .T. ) ;
#781 = DIRECTION ( 'NONE',  ( -1.000000000000000000, 0.000000000000000000, 0.000000000000000000 ) ) ;
#782 = ORIENTED_EDGE ( 'NONE', *, *, #2328, .F. ) ;
#783 = FACE_OUTER_BOUND ( 'NONE', #2437, .T. ) ;
#784 = CARTESIAN_POINT ( 'NONE',  ( 0.000000000000000000, -16.50000000000022737, 6.350000000000363798 ) ) ;
#785 = DIRECTION ( 'NONE',  ( -1.000000000000000000, 0.000000000000000000, 0.000000000000000000 ) ) ;
#786 = CIRCLE ( 'NONE', #1364, 23.00000000000080291 ) ;
#787 = EDGE_CURVE ( 'NONE', #3086, #2136, #2777, .T. ) ;
#788 = EDGE_CURVE ( 'NONE', #3160, #1684, #1972, .T. ) ;
#789 = ORIENTED_EDGE ( 'NONE', *, *, #528, .T. ) ;
#790 = AXIS2_PLACEMENT_3D ( 'NONE', #2518, #612, #2811 ) ;
#791 = ORIENTED_EDGE ( 'NONE', *, *, #2660, .T. ) ;
#792 = ORIENTED_EDGE ( 'NONE', *, *, #2475, .F. ) ;
#793 = CARTESIAN_POINT ( 'NONE',  ( 40.00000000000000000, -51.98684021638314334, -20.00000000000006750 ) ) ;
#794 = AXIS2_PLACEMENT_3D ( 'NONE', #3078, #310, #3093 ) ;
#795 = CARTESIAN_POINT ( 'NONE',  ( 4.999999999999547917, -44.48684021638337072, -1.500000000000000000 ) ) ;
#796 = DIRECTION ( 'NONE',  ( 0.000000000000000000, 0.000000000000000000, 1.000000000000000000 ) ) ;
#797 = CARTESIAN_POINT ( 'NONE',  ( 0.000000000000000000, -7.500000000000229150, 5.500000000000000000 ) ) ;
#798 = EDGE_CURVE ( 'NONE', #847, #249, #2592, .T. ) ;
#799 = VERTEX_POINT ( 'NONE', #2339 ) ;
#800 = EDGE_CURVE ( 'NONE', #2220, #1463, #1884, .T. ) ;
#801 = DIRECTION ( 'NONE',  ( -5.457440055423046479E-14, -1.000000000000000000, 5.457440055423036381E-14 ) ) ;
#802 = CARTESIAN_POINT ( 'NONE',  ( -12.44135084792358192, -38.40816025261804612, -1.500000000000000000 ) ) ;
#803 = AXIS2_PLACEMENT_3D ( 'NONE', #1837, #1799, #1265 ) ;
#804 = CARTESIAN_POINT ( 'NONE',  ( 4.500000000000000000, -5.500000000000227374, 2.350000000000363798 ) ) ;
#805 = VECTOR ( 'NONE', #640, 1000.000000000000000 ) ;
#806 = ORIENTED_EDGE ( 'NONE', *, *, #2351, .T. ) ;
#807 = VERTEX_POINT ( 'NONE', #118 ) ;
#808 = VERTEX_POINT ( 'NONE', #979 ) ;
#809 = DIRECTION ( 'NONE',  ( 0.000000000000000000, 0.000000000000000000, 1.000000000000000000 ) ) ;
#810 = DIRECTION ( 'NONE',  ( 0.000000000000000000, 0.000000000000000000, -1.000000000000000000 ) ) ;
#811 = CARTESIAN_POINT ( 'NONE',  ( -6.500000000000328626, -51.98684021638314334, -12.00000000000000000 ) ) ;
#812 = FACE_BOUND ( 'NONE', #2468, .T. ) ;
#813 = EDGE_CURVE ( 'NONE', #1701, #1684, #519, .T. ) ;
#814 = ORIENTED_EDGE ( 'NONE', *, *, #2440, .T. ) ;
#815 = EDGE_CURVE ( 'NONE', #799, #1315, #625, .T. ) ;
#816 = DIRECTION ( 'NONE',  ( -1.000000000000000000, -0.000000000000000000, -0.000000000000000000 ) ) ;
#817 = CARTESIAN_POINT ( 'NONE',  ( -1.604941620322696617E-31, -23.46463034781469048, -1.763620800641066300 ) ) ;
#818 = LINE ( 'NONE', #1399, #2836 ) ;
#819 = VERTEX_POINT ( 'NONE', #2303 ) ;
#820 = ORIENTED_EDGE ( 'NONE', *, *, #593, .F. ) ;
#821 = AXIS2_PLACEMENT_3D ( 'NONE', #2278, #1497, #3141 ) ;
#822 = ORIENTED_EDGE ( 'NONE', *, *, #1488, .F. ) ;
#823 = DIRECTION ( 'NONE',  ( 0.000000000000000000, 0.000000000000000000, 1.000000000000000000 ) ) ;
#824 = VERTEX_POINT ( 'NONE', #956 ) ;
#825 = ADVANCED_FACE ( 'NONE', ( #2614 ), #1756, .T. ) ;
#826 = CARTESIAN_POINT ( 'NONE',  ( 40.00000000000000000, -52.48684021638314334, 0.000000000000000000 ) ) ;
#827 = DIRECTION ( 'NONE',  ( 0.000000000000000000, -1.000000000000000000, 0.000000000000000000 ) ) ;
#828 = DIRECTION ( 'NONE',  ( 0.000000000000000000, -1.000000000000000000, 0.000000000000000000 ) ) ;
#829 = CYLINDRICAL_SURFACE ( 'NONE', #1269, 0.5000000000000004441 ) ;
#830 = CARTESIAN_POINT ( 'NONE',  ( -0.5000000000000000000, -21.86494816465562252, -12.50000000000000000 ) ) ;
#831 = CARTESIAN_POINT ( 'NONE',  ( 4.999999999999999112, -49.48684021638337072, -2.000000000000000000 ) ) ;
#832 = LOCAL_TIME ( 18, 25, 37.00000000000000000, #3198 ) ;
#833 = CARTESIAN_POINT ( 'NONE',  ( -6.500000000000328626, -44.48684021638313624, 12.50000000000000000 ) ) ;
#834 = EDGE_CURVE ( 'NONE', #589, #2971, #1677, .T. ) ;
#835 = EDGE_LOOP ( 'NONE', ( #2052, #3165, #413, #2234, #2294, #1061, #2290, #2684, #1070, #1887, #2847, #3128 ) ) ;
#836 = VERTEX_POINT ( 'NONE', #939 ) ;
#837 = AXIS2_PLACEMENT_3D ( 'NONE', #1328, #534, #1881 ) ;
#838 = ORIENTED_EDGE ( 'NONE', *, *, #283, .T. ) ;
#839 = DIRECTION ( 'NONE',  ( 1.000000000000000000, -0.000000000000000000, 0.000000000000000000 ) ) ;
#840 = TOROIDAL_SURFACE ( 'NONE', #737, 2.500000000000024869, 0.5000000000000000000 ) ;
#841 = ORIENTED_EDGE ( 'NONE', *, *, #3541, .F. ) ;
#842 = AXIS2_PLACEMENT_3D ( 'NONE', #3154, #2928, #1862 ) ;
#843 = CARTESIAN_POINT ( 'NONE',  ( 4.500000000000000000, -5.334936490539075926, 6.750000000000003553 ) ) ;
#844 = LINE ( 'NONE', #3062, #604 ) ;
#845 = VECTOR ( 'NONE', #1408, 1000.000000000000000 ) ;
#846 = CARTESIAN_POINT ( 'NONE',  ( 1.899999999999999911, -4.035898384862474764, -7.499999999999898748 ) ) ;
#847 = VERTEX_POINT ( 'NONE', #2058 ) ;
#848 = DIRECTION ( 'NONE',  ( 0.000000000000000000, 1.000000000000000000, 0.000000000000000000 ) ) ;
#849 = CIRCLE ( 'NONE', #2713, 0.5000000000000004441 ) ;
#850 = AXIS2_PLACEMENT_3D ( 'NONE', #1102, #781, #2724 ) ;
#851 = CARTESIAN_POINT ( 'NONE',  ( 4.500000000000000000, -5.500000000000227374, 5.500000000000000000 ) ) ;
#852 = DIRECTION ( 'NONE',  ( 0.000000000000000000, 0.000000000000000000, -1.000000000000000000 ) ) ;
#853 = AXIS2_PLACEMENT_3D ( 'NONE', #3559, #1687, #3007 ) ;
#854 = ORIENTED_EDGE ( 'NONE', *, *, #3416, .F. ) ;
#855 = ORIENTED_EDGE ( 'NONE', *, *, #2620, .F. ) ;
#856 = AXIS2_PLACEMENT_3D ( 'NONE', #2479, #7, #1098 ) ;
#857 = ORIENTED_EDGE ( 'NONE', *, *, #2230, .F. ) ;
#858 = EDGE_CURVE ( 'NONE', #589, #289, #1772, .T. ) ;
#859 = DIRECTION ( 'NONE',  ( 1.000000000000000000, 0.000000000000000000, 0.000000000000000000 ) ) ;
#860 = AXIS2_PLACEMENT_3D ( 'NONE', #769, #2159, #1777 ) ;
#861 = ORIENTED_EDGE ( 'NONE', *, *, #1317, .F. ) ;
#862 = CIRCLE ( 'NONE', #2263, 3.149999999999636646 ) ;
#863 = CARTESIAN_POINT ( 'NONE',  ( 4.500000000000000000, -7.500000000000229150, -5.500000000000000000 ) ) ;
#864 = CARTESIAN_POINT ( 'NONE',  ( -9.446428571428210574, -40.44721663571695558, -2.000000000000000000 ) ) ;
#865 = FACE_OUTER_BOUND ( 'NONE', #970, .T. ) ;
#866 = ORIENTED_EDGE ( 'NONE', *, *, #917, .T. ) ;
#867 = DIRECTION ( 'NONE',  ( 0.000000000000000000, -1.000000000000000000, -1.927470528863119049E-16 ) ) ;
#868 = CARTESIAN_POINT ( 'NONE',  ( 4.500000000000000000, 0.000000000000000000, -6.000000000000000000 ) ) ;
#869 = EDGE_CURVE ( 'NONE', #186, #2895, #2541, .T. ) ;
#870 = EDGE_CURVE ( 'NONE', #3110, #987, #4, .T. ) ;
#871 = DIRECTION ( 'NONE',  ( 0.000000000000000000, 0.000000000000000000, 1.000000000000000000 ) ) ;
#872 = DIRECTION ( 'NONE',  ( 1.000000000000000000, 0.000000000000000000, -0.000000000000000000 ) ) ;
#873 = ORIENTED_EDGE ( 'NONE', *, *, #1136, .F. ) ;
#874 = ORIENTED_EDGE ( 'NONE', *, *, #787, .T. ) ;
#875 = EDGE_CURVE ( 'NONE', #2176, #702, #3356, .T. ) ;
#876 = EDGE_LOOP ( 'NONE', ( #1988, #3021, #2582, #250 ) ) ;
#877 = DIRECTION ( 'NONE',  ( 0.000000000000000000, -1.000000000000000000, 0.000000000000000000 ) ) ;
#878 = ORIENTED_EDGE ( 'NONE', *, *, #2580, .F. ) ;
#879 = DIRECTION ( 'NONE',  ( 0.000000000000000000, 1.000000000000000000, -0.000000000000000000 ) ) ;
#880 = DIRECTION ( 'NONE',  ( 0.000000000000000000, 0.000000000000000000, 1.000000000000000000 ) ) ;
#881 = DIRECTION ( 'NONE',  ( 0.000000000000000000, 0.000000000000000000, -1.000000000000000000 ) ) ;
#882 = FACE_OUTER_BOUND ( 'NONE', #3365, .T. ) ;
#883 = ADVANCED_FACE ( 'NONE', ( #1640, #3031 ), #3052, .T. ) ;
#884 = DIRECTION ( 'NONE',  ( 0.000000000000000000, 1.000000000000000000, -0.000000000000000000 ) ) ;
#885 = CARTESIAN_POINT ( 'NONE',  ( -3.500000000000000000, -21.86494816465573976, -2.000000000000000000 ) ) ;
#886 = ORIENTED_EDGE ( 'NONE', *, *, #1932, .T. ) ;
#887 = CARTESIAN_POINT ( 'NONE',  ( -0.5000000000000000000, -21.86494816465562252, -12.50000000000000000 ) ) ;
#888 = CARTESIAN_POINT ( 'NONE',  ( 4.500000000000000000, 0.000000000000000000, 0.000000000000000000 ) ) ;
#889 = CC_DESIGN_APPROVAL ( #2245, ( #2406 ) ) ;
#890 = ORIENTED_EDGE ( 'NONE', *, *, #2044, .F. ) ;
#891 = ORIENTED_EDGE ( 'NONE', *, *, #53, .F. ) ;
#892 = EDGE_CURVE ( 'NONE', #1788, #2495, #349, .T. ) ;
#893 = ADVANCED_FACE ( 'NONE', ( #2210 ), #518, .T. ) ;
#894 = ORIENTED_EDGE ( 'NONE', *, *, #1633, .F. ) ;
#895 = DIRECTION ( 'NONE',  ( 1.000000000000000000, 0.000000000000000000, 0.000000000000000000 ) ) ;
#896 = EDGE_CURVE ( 'NONE', #1395, #2136, #818, .T. ) ;
#897 = AXIS2_PLACEMENT_3D ( 'NONE', #2066, #989, #1847 ) ;
#898 = ORIENTED_EDGE ( 'NONE', *, *, #2919, .T. ) ;
#899 = EDGE_CURVE ( 'NONE', #3385, #3405, #265, .T. ) ;
#900 = CARTESIAN_POINT ( 'NONE',  ( -3.000000000000000000, 12.50000000000000000, 12.00000000000000000 ) ) ;
#901 = CARTESIAN_POINT ( 'NONE',  ( -10.91964285714320049, -38.42740484538515489, -12.50000000000000000 ) ) ;
#902 = FACE_OUTER_BOUND ( 'NONE', #1377, .T. ) ;
#903 = AXIS2_PLACEMENT_3D ( 'NONE', #2594, #2657, #2677 ) ;
#904 = DIRECTION ( 'NONE',  ( 0.000000000000000000, -1.000000000000000000, 0.000000000000000000 ) ) ;
#905 = CIRCLE ( 'NONE', #1368, 0.5000000000000000000 ) ;
#906 = CARTESIAN_POINT ( 'NONE',  ( 0.000000000000000000, -16.50000000000022737, -6.350000000000363798 ) ) ;
#907 = LINE ( 'NONE', #595, #1666 ) ;
#908 = ORIENTED_EDGE ( 'NONE', *, *, #467, .T. ) ;
#909 = DIRECTION ( 'NONE',  ( -1.000000000000000000, -0.000000000000000000, -0.000000000000000000 ) ) ;
#910 = CARTESIAN_POINT ( 'NONE',  ( -6.500000000000328626, -44.48684021638313624, 2.000000000000000000 ) ) ;
#911 = CIRCLE ( 'NONE', #3290, 19.50000000000081002 ) ;
#912 = VERTEX_POINT ( 'NONE', #3310 ) ;
#913 = ORIENTED_EDGE ( 'NONE', *, *, #371, .T. ) ;
#914 = AXIS2_PLACEMENT_3D ( 'NONE', #2932, #1294, #1025 ) ;
#915 = CIRCLE ( 'NONE', #466, 49.99999999999999289 ) ;
#916 = DIRECTION ( 'NONE',  ( 0.000000000000000000, -1.000000000000000000, 0.000000000000000000 ) ) ;
#917 = EDGE_CURVE ( 'NONE', #34, #3511, #1074, .T. ) ;
#918 = CIRCLE ( 'NONE', #2150, 12.00000000000000000 ) ;
#919 = EDGE_LOOP ( 'NONE', ( #2745, #2016, #3077, #305 ) ) ;
#920 = LINE ( 'NONE', #2338, #679 ) ;
#921 = DIRECTION ( 'NONE',  ( -0.000000000000000000, 1.000000000000000000, -0.000000000000000000 ) ) ;
#922 = CARTESIAN_POINT ( 'NONE',  ( 40.00000000000000000, -49.98684021638359809, 0.000000000000000000 ) ) ;
#923 = CIRCLE ( 'NONE', #473, 0.5000000000000004441 ) ;
#924 = CARTESIAN_POINT ( 'NONE',  ( -2.251376439619338563E-32, -23.46460805221748913, 1.763623774964930391 ) ) ;
#925 = AXIS2_PLACEMENT_3D ( 'NONE', #3517, #255, #1635 ) ;
#926 = FACE_OUTER_BOUND ( 'NONE', #3422, .T. ) ;
#927 = CARTESIAN_POINT ( 'NONE',  ( -0.5000000000000004441, -21.86494816465562252, 12.50000000000000000 ) ) ;
#928 = DIRECTION ( 'NONE',  ( 0.000000000000000000, 0.000000000000000000, 1.000000000000000000 ) ) ;
#929 = EDGE_CURVE ( 'NONE', #1142, #3246, #574, .T. ) ;
#930 = ORIENTED_EDGE ( 'NONE', *, *, #2953, .F. ) ;
#931 = DIRECTION ( 'NONE',  ( -0.000000000000000000, 1.000000000000000000, -0.000000000000000000 ) ) ;
#932 = CARTESIAN_POINT ( 'NONE',  ( 40.00000000000000000, -49.98684021638359809, -3.500000000000001332 ) ) ;
#933 = ORIENTED_EDGE ( 'NONE', *, *, #363, .F. ) ;
#934 = ORIENTED_EDGE ( 'NONE', *, *, #2433, .T. ) ;
#935 = CARTESIAN_POINT ( 'NONE',  ( -23.00000000000080291, -21.86494816465562252, -12.00000000000000000 ) ) ;
#936 = ORIENTED_EDGE ( 'NONE', *, *, #2660, .F. ) ;
#937 = ORIENTED_EDGE ( 'NONE', *, *, #2994, .F. ) ;
#938 = CARTESIAN_POINT ( 'NONE',  ( 1.899999999999999911, -7.500000000000227374, 6.350000000000363798 ) ) ;
#939 = CARTESIAN_POINT ( 'NONE',  ( 0.000000000000000000, -2.272487753529617294E-13, -4.350000000000363798 ) ) ;
#940 = FACE_OUTER_BOUND ( 'NONE', #1833, .T. ) ;
#941 = EDGE_CURVE ( 'NONE', #3276, #819, #2189, .T. ) ;
#942 = CARTESIAN_POINT ( 'NONE',  ( 1.899999999999999911, 0.000000000000000000, 0.000000000000000000 ) ) ;
#943 = LINE ( 'NONE', #428, #577 ) ;
#944 = CARTESIAN_POINT ( 'NONE',  ( -0.5000000000000004441, -44.48684021638313624, 12.50000000000000000 ) ) ;
#945 = DIRECTION ( 'NONE',  ( -0.000000000000000000, -0.000000000000000000, -1.000000000000000000 ) ) ;
#946 = VERTEX_POINT ( 'NONE', #286 ) ;
#947 = FACE_OUTER_BOUND ( 'NONE', #876, .T. ) ;
#948 = DIRECTION ( 'NONE',  ( 1.000000000000000000, 0.000000000000000000, 0.000000000000000000 ) ) ;
#949 = ORIENTED_EDGE ( 'NONE', *, *, #3479, .F. ) ;
#950 = VERTEX_POINT ( 'NONE', #1920 ) ;
#951 = CARTESIAN_POINT ( 'NONE',  ( 4.500000000000000000, 1.638349949533650969E-15, -8.499999999999998224 ) ) ;
#952 = ADVANCED_FACE ( 'NONE', ( #248 ), #2224, .T. ) ;
#953 = ORIENTED_EDGE ( 'NONE', *, *, #2730, .F. ) ;
#954 = EDGE_LOOP ( 'NONE', ( #267, #134, #3060, #1958 ) ) ;
#955 = DIRECTION ( 'NONE',  ( 0.000000000000000000, -0.000000000000000000, 1.000000000000000000 ) ) ;
#956 = CARTESIAN_POINT ( 'NONE',  ( 0.000000000000000000, -5.500000000000227374, -2.350000000000363798 ) ) ;
#957 = CARTESIAN_POINT ( 'NONE',  ( -4.544975507059234587E-13, -26.28194685182588586, 1.500000000000000222 ) ) ;
#958 = FACE_OUTER_BOUND ( 'NONE', #3509, .T. ) ;
#959 = CARTESIAN_POINT ( 'NONE',  ( 4.500000000000000000, -4.901923788646854518, 6.999999999999999112 ) ) ;
#960 = VECTOR ( 'NONE', #1043, 1000.000000000000000 ) ;
#961 = DIRECTION ( 'NONE',  ( -1.000000000000000000, 0.000000000000000000, 0.000000000000000000 ) ) ;
#962 = AXIS2_PLACEMENT_3D ( 'NONE', #2691, #1309, #1606 ) ;
#963 = CALENDAR_DATE ( 2026, 26, 7 ) ;
#964 = PLANE ( 'NONE',  #3223 ) ;
#965 = DIRECTION ( 'NONE',  ( 1.000000000000000000, 0.000000000000000000, -0.000000000000000000 ) ) ;
#966 = DIRECTION ( 'NONE',  ( -0.000000000000000000, -0.000000000000000000, -1.000000000000000000 ) ) ;
#967 = AXIS2_PLACEMENT_3D ( 'NONE', #1289, #986, #196 ) ;
#968 = CIRCLE ( 'NONE', #1898, 2.500000000000000444 ) ;
#969 = B_SPLINE_CURVE_WITH_KNOTS ( 'NONE', 3,
 ( #802, #1917, #3030, #2469, #3047, #1639, #2742, #3569 ),
 .UNSPECIFIED., .F., .F.,
 ( 4, 2, 2, 4 ),
 ( 0.000000000000000000, 0.0007032483401336833305, 0.001406496680267366661, 0.002812993360534733322 ),
 .UNSPECIFIED. ) ;
#970 = EDGE_LOOP ( 'NONE', ( #2880, #1299, #3458, #2320, #854 ) ) ;
#971 = VERTEX_POINT ( 'NONE', #32 ) ;
#972 = ADVANCED_FACE ( 'NONE', ( #1953 ), #1119, .F. ) ;
#973 = CARTESIAN_POINT ( 'NONE',  ( -23.00000000000080291, -21.86494816465562252, -12.50000000000000000 ) ) ;
#974 = ORIENTED_EDGE ( 'NONE', *, *, #3264, .T. ) ;
#975 = ORIENTED_EDGE ( 'NONE', *, *, #1331, .F. ) ;
#976 = AXIS2_PLACEMENT_3D ( 'NONE', #1227, #2864, #407 ) ;
#977 = ADVANCED_FACE ( 'NONE', ( #497 ), #232, .F. ) ;
#978 = DIRECTION ( 'NONE',  ( 0.000000000000000000, 0.000000000000000000, -1.000000000000000000 ) ) ;
#979 = CARTESIAN_POINT ( 'NONE',  ( 0.000000000000000000, -8.432575659723033468, 4.350000000000363798 ) ) ;
#980 = DIRECTION ( 'NONE',  ( 0.000000000000000000, 0.000000000000000000, 1.000000000000000000 ) ) ;
#981 = VECTOR ( 'NONE', #170, 1000.000000000000000 ) ;
#982 = CARTESIAN_POINT ( 'NONE',  ( -11.50892857142892467, -37.61948012925205376, -1.500000000000000000 ) ) ;
#983 = AXIS2_PLACEMENT_3D ( 'NONE', #2861, #1207, #2323 ) ;
#984 = DIRECTION ( 'NONE',  ( 0.8928571428576543845, -0.000000000000000000, 0.4503400076032177402 ) ) ;
#985 = CARTESIAN_POINT ( 'NONE',  ( 0.000000000000000000, -6.548928066507642143E-13, 12.00000000000000000 ) ) ;
#986 = DIRECTION ( 'NONE',  ( -0.000000000000000000, 1.000000000000000000, -0.000000000000000000 ) ) ;
#987 = VERTEX_POINT ( 'NONE', #2174 ) ;
#988 = AXIS2_PLACEMENT_3D ( 'NONE', #414, #990, #2068 ) ;
#989 = DIRECTION ( 'NONE',  ( 0.000000000000000000, 0.000000000000000000, 1.000000000000000000 ) ) ;
#990 = DIRECTION ( 'NONE',  ( 0.000000000000000000, 0.000000000000000000, 1.000000000000000000 ) ) ;
#991 = CARTESIAN_POINT ( 'NONE',  ( 1.899999999999999911, -5.500000000000227374, 5.500000000000000000 ) ) ;
#992 = VECTOR ( 'NONE', #3331, 1000.000000000000000 ) ;
#993 = EDGE_CURVE ( 'NONE', #494, #186, #353, .T. ) ;
#994 = EDGE_CURVE ( 'NONE', #1351, #738, #2471, .T. ) ;
#995 = ORIENTED_EDGE ( 'NONE', *, *, #2455, .F. ) ;
#996 = DIRECTION ( 'NONE',  ( 3.538148871801207999E-15, 0.000000000000000000, -1.000000000000000000 ) ) ;
#997 = EDGE_LOOP ( 'NONE', ( #761, #3156, #342, #438 ) ) ;
#998 = ORIENTED_EDGE ( 'NONE', *, *, #1429, .T. ) ;
#999 = DIRECTION ( 'NONE',  ( 0.000000000000000000, 0.000000000000000000, 1.000000000000000000 ) ) ;
#1000 = LINE ( 'NONE', #2359, #3298 ) ;
#1001 = FACE_OUTER_BOUND ( 'NONE', #2481, .T. ) ;
#1002 = LINE ( 'NONE', #2926, #1125 ) ;
#1003 = DIRECTION ( 'NONE',  ( -1.000000000000000000, 0.000000000000000000, 0.000000000000000000 ) ) ;
#1004 = CARTESIAN_POINT ( 'NONE',  ( 40.00000000000000000, -49.98684021638359809, 0.000000000000000000 ) ) ;
#1005 = VERTEX_POINT ( 'NONE', #318 ) ;
#1006 = EDGE_CURVE ( 'NONE', #2820, #3274, #1737, .T. ) ;
#1007 = CARTESIAN_POINT ( 'NONE',  ( -3.343611441978565413, -4.316666676558724269, -1.520024859788758897 ) ) ;
#1008 = CARTESIAN_POINT ( 'NONE',  ( -3.000000000000455191, 4.008004870492412941, -1.500000000000000000 ) ) ;
#1009 = DIRECTION ( 'NONE',  ( 1.000000000000000000, -0.000000000000000000, 0.000000000000000000 ) ) ;
#1010 = VERTEX_POINT ( 'NONE', #887 ) ;
#1011 = AXIS2_PLACEMENT_3D ( 'NONE', #485, #677, #1562 ) ;
#1012 = ORIENTED_EDGE ( 'NONE', *, *, #1385, .T. ) ;
#1013 = EDGE_LOOP ( 'NONE', ( #1768, #1221, #14, #1750 ) ) ;
#1014 = EDGE_CURVE ( 'NONE', #321, #3187, #3140, .T. ) ;
#1015 = DIRECTION ( 'NONE',  ( 0.000000000000000000, 5.506706202140776441E-14, -1.000000000000000000 ) ) ;
#1016 = EDGE_CURVE ( 'NONE', #946, #2772, #2523, .T. ) ;
#1017 = CARTESIAN_POINT ( 'NONE',  ( 40.00000000000000000, -49.48684021638359809, 19.50000000000006750 ) ) ;
#1018 = DIRECTION ( 'NONE',  ( 0.000000000000000000, 0.000000000000000000, 1.000000000000000000 ) ) ;
#1019 = CARTESIAN_POINT ( 'NONE',  ( 2.400000000000000355, 1.541976423090494844E-15, -7.999999999999998224 ) ) ;
#1020 = ORIENTED_EDGE ( 'NONE', *, *, #1595, .T. ) ;
#1021 = COORDINATED_UNIVERSAL_TIME_OFFSET ( 8, 0, .AHEAD. ) ;
#1022 = CIRCLE ( 'NONE', #897, 5.000000000000079048 ) ;
#1023 = FACE_OUTER_BOUND ( 'NONE', #1522, .T. ) ;
#1024 = CARTESIAN_POINT ( 'NONE',  ( 0.000000000000000000, 0.000000000000000000, 0.000000000000000000 ) ) ;
#1025 = DIRECTION ( 'NONE',  ( 1.000000000000000000, 0.000000000000000000, 0.000000000000000000 ) ) ;
#1026 = CIRCLE ( 'NONE', #453, 0.4999999999999990008 ) ;
#1027 = AXIS2_PLACEMENT_3D ( 'NONE', #1004, #3501, #3466 ) ;
#1028 = AXIS2_PLACEMENT_3D ( 'NONE', #627, #2231, #38 ) ;
#1029 = EDGE_LOOP ( 'NONE', ( #1099, #1483, #1163, #1421 ) ) ;
#1030 = ORIENTED_EDGE ( 'NONE', *, *, #870, .F. ) ;
#1031 = CYLINDRICAL_SURFACE ( 'NONE', #1856, 3.149999999999636202 ) ;
#1032 = EDGE_CURVE ( 'NONE', #2379, #2895, #2096, .T. ) ;
#1033 = AXIS2_PLACEMENT_3D ( 'NONE', #214, #3158, #452 ) ;
#1034 = AXIS2_PLACEMENT_3D ( 'NONE', #3117, #1758, #1548 ) ;
#1035 = AXIS2_PLACEMENT_3D ( 'NONE', #481, #3548, #243 ) ;
#1036 = EDGE_CURVE ( 'NONE', #56, #950, #1763, .T. ) ;
#1037 = CARTESIAN_POINT ( 'NONE',  ( -6.500000000000328626, -44.48684021638313624, 12.00000000000000000 ) ) ;
#1038 = DIRECTION ( 'NONE',  ( 0.000000000000000000, 1.000000000000000000, 0.000000000000000000 ) ) ;
#1039 = DIRECTION ( 'NONE',  ( -1.000000000000000000, 0.000000000000000000, 0.000000000000000000 ) ) ;
#1040 = CIRCLE ( 'NONE', #1379, 0.4999999999999971689 ) ;
#1041 = ORIENTED_EDGE ( 'NONE', *, *, #651, .T. ) ;
#1042 = CIRCLE ( 'NONE', #1204, 20.00000000000006750 ) ;
#1043 = DIRECTION ( 'NONE',  ( 0.000000000000000000, 1.000000000000000000, -0.000000000000000000 ) ) ;
#1044 = EDGE_CURVE ( 'NONE', #418, #2588, #3000, .T. ) ;
#1045 = DIRECTION ( 'NONE',  ( 0.000000000000000000, 0.000000000000000000, -1.000000000000000000 ) ) ;
#1046 = CARTESIAN_POINT ( 'NONE',  ( -0.000000000000000000, -25.07077438970992489, -1.580677242503941926 ) ) ;
#1047 = AXIS2_PLACEMENT_3D ( 'NONE', #146, #2624, #471 ) ;
#1048 = VECTOR ( 'NONE', #1212, 1000.000000000000000 ) ;
#1049 = CARTESIAN_POINT ( 'NONE',  ( 2.400000000000000355, 0.000000000000000000, 7.999999999999998224 ) ) ;
#1050 = ORIENTED_EDGE ( 'NONE', *, *, #1871, .T. ) ;
#1051 = ORIENTED_EDGE ( 'NONE', *, *, #2743, .T. ) ;
#1052 = ORIENTED_EDGE ( 'NONE', *, *, #1643, .T. ) ;
#1053 = LINE ( 'NONE', #1354, #3351 ) ;
#1054 = CARTESIAN_POINT ( 'NONE',  ( -2.500000000000000000, -6.817463260588851881E-13, -12.50000000000000000 ) ) ;
#1055 = CYLINDRICAL_SURFACE ( 'NONE', #3015, 5.000000000000079048 ) ;
#1056 = DIRECTION ( 'NONE',  ( 0.000000000000000000, 1.000000000000000000, -0.000000000000000000 ) ) ;
#1057 = ORIENTED_EDGE ( 'NONE', *, *, #2000, .F. ) ;
#1058 = CARTESIAN_POINT ( 'NONE',  ( -9.151785714285331608, -40.85117899378349193, -2.000000000000000000 ) ) ;
#1059 = DIRECTION ( 'NONE',  ( 1.000000000000000000, -0.000000000000000000, 0.000000000000000000 ) ) ;
#1060 = DIRECTION ( 'NONE',  ( 0.000000000000000000, 0.000000000000000000, 1.000000000000000000 ) ) ;
#1061 = ORIENTED_EDGE ( 'NONE', *, *, #3210, .T. ) ;
#1062 = VERTEX_POINT ( 'NONE', #3070 ) ;
#1063 = EDGE_CURVE ( 'NONE', #3435, #1611, #2049, .T. ) ;
#1064 = EDGE_CURVE ( 'NONE', #3160, #3457, #1918, .T. ) ;
#1065 = ORIENTED_EDGE ( 'NONE', *, *, #1277, .T. ) ;
#1066 = DIRECTION ( 'NONE',  ( 1.000000000000000000, 0.000000000000000000, 0.000000000000000000 ) ) ;
#1067 = CARTESIAN_POINT ( 'NONE',  ( 1.899999999999999911, 0.000000000000000000, 5.999999999999998224 ) ) ;
#1068 = CARTESIAN_POINT ( 'NONE',  ( 4.500000000000000000, -16.50000000000022737, 4.350000000000363798 ) ) ;
#1069 = DIRECTION ( 'NONE',  ( 0.000000000000000000, -1.000000000000000000, 0.000000000000000000 ) ) ;
#1070 = ORIENTED_EDGE ( 'NONE', *, *, #352, .T. ) ;
#1071 = FACE_OUTER_BOUND ( 'NONE', #422, .T. ) ;
#1072 = DIRECTION ( 'NONE',  ( 0.000000000000000000, 0.000000000000000000, -1.000000000000000000 ) ) ;
#1073 = AXIS2_PLACEMENT_3D ( 'NONE', #2107, #2664, #199 ) ;
#1074 = LINE ( 'NONE', #804, #469 ) ;
#1075 = AXIS2_PLACEMENT_3D ( 'NONE', #3173, #427, #1530 ) ;
#1076 = VERTEX_POINT ( 'NONE', #2291 ) ;
#1077 = AXIS2_PLACEMENT_3D ( 'NONE', #2325, #2102, #1510 ) ;
#1078 = EDGE_LOOP ( 'NONE', ( #1683, #1199, #2804, #306 ) ) ;
#1079 = EDGE_CURVE ( 'NONE', #1326, #203, #2722, .T. ) ;
#1080 = ORIENTED_EDGE ( 'NONE', *, *, #527, .F. ) ;
#1081 = DIRECTION ( 'NONE',  ( 0.000000000000000000, 0.000000000000000000, -1.000000000000000000 ) ) ;
#1082 = CARTESIAN_POINT ( 'NONE',  ( 0.000000000000000000, -14.50000000000022560, -6.350000000000363798 ) ) ;
#1083 = CARTESIAN_POINT ( 'NONE',  ( -6.500000000000328626, -44.48684021638313624, 12.50000000000000000 ) ) ;
#1084 = CARTESIAN_POINT ( 'NONE',  ( -2.500000000000000444, -44.48684021638313624, 12.00000000000000000 ) ) ;
#1085 = AXIS2_PLACEMENT_3D ( 'NONE', #368, #1722, #2059 ) ;
#1086 = ORIENTED_EDGE ( 'NONE', *, *, #1014, .T. ) ;
#1087 = AXIS2_PLACEMENT_3D ( 'NONE', #3497, #2382, #2940 ) ;
#1088 = CARTESIAN_POINT ( 'NONE',  ( 4.000000000000000000, -5.334936490539109677, -6.750000000000012434 ) ) ;
#1089 = CARTESIAN_POINT ( 'NONE',  ( 1.899999999999999911, -7.500000000000227374, 6.350000000000363798 ) ) ;
#1090 = AXIS2_PLACEMENT_3D ( 'NONE', #1124, #1180, #2248 ) ;
#1091 = DIRECTION ( 'NONE',  ( 0.000000000000000000, 0.000000000000000000, -1.000000000000000000 ) ) ;
#1092 = AXIS2_PLACEMENT_3D ( 'NONE', #451, #3157, #1808 ) ;
#1093 = EDGE_CURVE ( 'NONE', #2462, #1923, #1217, .T. ) ;
#1094 = VECTOR ( 'NONE', #542, 1000.000000000000000 ) ;
#1095 = ORIENTED_EDGE ( 'NONE', *, *, #2589, .F. ) ;
#1096 = ORIENTED_EDGE ( 'NONE', *, *, #813, .F. ) ;
#1097 = ORIENTED_EDGE ( 'NONE', *, *, #6, .T. ) ;
#1098 = DIRECTION ( 'NONE',  ( 2.775557561562881885E-15, 0.000000000000000000, 1.000000000000000000 ) ) ;
#1099 = ORIENTED_EDGE ( 'NONE', *, *, #264, .F. ) ;
#1100 = DIRECTION ( 'NONE',  ( 0.000000000000000000, 1.000000000000000000, 0.000000000000000000 ) ) ;
#1101 = DIRECTION ( 'NONE',  ( 0.000000000000000000, 0.000000000000000000, 1.000000000000000000 ) ) ;
#1102 = CARTESIAN_POINT ( 'NONE',  ( 1.899999999999999911, 0.000000000000000000, 0.000000000000000000 ) ) ;
#1103 = VERTEX_POINT ( 'NONE', #3434 ) ;
#1104 = CARTESIAN_POINT ( 'NONE',  ( 0.000000000000000000, -7.500000000000229150, -6.350000000000363798 ) ) ;
#1105 = CARTESIAN_POINT ( 'NONE',  ( 4.000000000000000000, -5.500000000000227374, -6.000000000000000000 ) ) ;
#1106 = ADVANCED_FACE ( 'NONE', ( #947 ), #2381, .T. ) ;
#1107 = DIRECTION ( 'NONE',  ( 0.000000000000000000, 0.000000000000000000, 1.000000000000000000 ) ) ;
#1108 = ORIENTED_EDGE ( 'NONE', *, *, #1795, .T. ) ;
#1109 = ORIENTED_EDGE ( 'NONE', *, *, #2661, .F. ) ;
#1110 = ORIENTED_EDGE ( 'NONE', *, *, #2193, .F. ) ;
#1111 = CARTESIAN_POINT ( 'NONE',  ( 2.400000000000000355, 0.000000000000000000, -6.000000000000000000 ) ) ;
#1112 = ORIENTED_EDGE ( 'NONE', *, *, #1014, .F. ) ;
#1113 = FACE_OUTER_BOUND ( 'NONE', #656, .T. ) ;
#1114 = CARTESIAN_POINT ( 'NONE',  ( -9.151785714285331608, -40.85117899378349193, 1.500000000000000000 ) ) ;
#1115 = CARTESIAN_POINT ( 'NONE',  ( 4.500000000000000000, 0.000000000000000000, 0.000000000000000000 ) ) ;
#1116 = ORIENTED_EDGE ( 'NONE', *, *, #2006, .F. ) ;
#1117 = FACE_OUTER_BOUND ( 'NONE', #2785, .T. ) ;
#1118 = LINE ( 'NONE', #1971, #619 ) ;
#1119 = CYLINDRICAL_SURFACE ( 'NONE', #2839, 0.5000000000000000000 ) ;
#1120 = ORIENTED_EDGE ( 'NONE', *, *, #1385, .F. ) ;
#1121 = ORIENTED_EDGE ( 'NONE', *, *, #1787, .T. ) ;
#1122 = TOROIDAL_SURFACE ( 'NONE', #1654, 5.500000000000079048, 0.5000000000000000000 ) ;
#1123 = EDGE_LOOP ( 'NONE', ( #1825, #2395, #436, #894 ) ) ;
#1124 = CARTESIAN_POINT ( 'NONE',  ( 40.00000000000000000, -52.48684021638359809, 0.000000000000000000 ) ) ;
#1125 = VECTOR ( 'NONE', #1776, 1000.000000000000000 ) ;
#1126 = ORIENTED_EDGE ( 'NONE', *, *, #261, .F. ) ;
#1127 = DIRECTION ( 'NONE',  ( 0.000000000000000000, 1.000000000000000000, -0.000000000000000000 ) ) ;
#1128 = FACE_OUTER_BOUND ( 'NONE', #2295, .T. ) ;
#1129 = VECTOR ( 'NONE', #2532, 1000.000000000000000 ) ;
#1130 = DIRECTION ( 'NONE',  ( 0.000000000000000000, -1.000000000000000000, 0.000000000000000000 ) ) ;
#1131 = ORIENTED_EDGE ( 'NONE', *, *, #1829, .T. ) ;
#1132 = ADVANCED_FACE ( 'NONE', ( #1158 ), #8, .F. ) ;
#1133 = DIRECTION ( 'NONE',  ( 0.000000000000000000, 0.000000000000000000, -1.000000000000000000 ) ) ;
#1134 = CARTESIAN_POINT ( 'NONE',  ( 8.476199467703743551, -52.48684021638359809, -12.50000000000008704 ) ) ;
#1135 = VECTOR ( 'NONE', #1820, 1000.000000000000000 ) ;
#1136 = EDGE_CURVE ( 'NONE', #2220, #1586, #2797, .T. ) ;
#1137 = ORIENTED_EDGE ( 'NONE', *, *, #535, .F. ) ;
#1138 = DIRECTION ( 'NONE',  ( -1.000000000000000000, -0.000000000000000000, -0.000000000000000000 ) ) ;
#1139 = LINE ( 'NONE', #2013, #1433 ) ;
#1140 = CIRCLE ( 'NONE', #517, 2.500000000000024869 ) ;
#1141 = ORIENTED_EDGE ( 'NONE', *, *, #896, .F. ) ;
#1142 = VERTEX_POINT ( 'NONE', #596 ) ;
#1143 = TOROIDAL_SURFACE ( 'NONE', #408, 4.500000000000078160, 0.5000000000000000000 ) ;
#1144 = ORIENTED_EDGE ( 'NONE', *, *, #77, .F. ) ;
#1145 = CARTESIAN_POINT ( 'NONE',  ( 1.899999999999999911, -5.500000000000227374, -4.350000000000363798 ) ) ;
#1146 = AXIS2_PLACEMENT_3D ( 'NONE', #3470, #1310, #965 ) ;
#1147 = EDGE_CURVE ( 'NONE', #3299, #2109, #1709, .T. ) ;
#1148 = ORIENTED_EDGE ( 'NONE', *, *, #1555, .T. ) ;
#1149 = AXIS2_PLACEMENT_3D ( 'NONE', #2637, #157, #3137 ) ;
#1150 = CARTESIAN_POINT ( 'NONE',  ( 2.820550528229669673, -48.98684021638359809, 1.500000000000000000 ) ) ;
#1151 = DIRECTION ( 'NONE',  ( 0.000000000000000000, 0.000000000000000000, -1.000000000000000000 ) ) ;
#1152 = DIRECTION ( 'NONE',  ( 0.000000000000000000, 0.000000000000000000, 1.000000000000000000 ) ) ;
#1153 = LINE ( 'NONE', #830, #3337 ) ;
#1154 = CYLINDRICAL_SURFACE ( 'NONE', #462, 0.9999999999999237277 ) ;
#1155 = ADVANCED_FACE ( 'NONE', ( #357 ), #3184, .T. ) ;
#1156 = ADVANCED_FACE ( 'NONE', ( #374 ), #2896, .T. ) ;
#1157 = EDGE_CURVE ( 'NONE', #2904, #1835, #699, .T. ) ;
#1158 = FACE_OUTER_BOUND ( 'NONE', #9, .T. ) ;
#1159 = DIRECTION ( 'NONE',  ( 0.000000000000000000, 1.000000000000000000, 0.000000000000000000 ) ) ;
#1160 = EDGE_CURVE ( 'NONE', #2444, #2570, #3523, .T. ) ;
#1161 = ORIENTED_EDGE ( 'NONE', *, *, #3181, .T. ) ;
#1162 = VERTEX_POINT ( 'NONE', #213 ) ;
#1163 = ORIENTED_EDGE ( 'NONE', *, *, #1280, .T. ) ;
#1164 = CARTESIAN_POINT ( 'NONE',  ( 4.000000000000000000, 0.000000000000000000, -6.000000000000000000 ) ) ;
#1165 = ORIENTED_EDGE ( 'NONE', *, *, #1811, .F. ) ;
#1166 = ADVANCED_FACE ( 'NONE', ( #2404 ), #1232, .F. ) ;
#1167 = EDGE_CURVE ( 'NONE', #2356, #1516, #735, .T. ) ;
#1168 = LINE ( 'NONE', #1374, #845 ) ;
#1169 = LINE ( 'NONE', #579, #2014 ) ;
#1170 = CYLINDRICAL_SURFACE ( 'NONE', #1851, 0.5000000000000004441 ) ;
#1171 = CC_DESIGN_PERSON_AND_ORGANIZATION_ASSIGNMENT ( #1535, #3235, ( #1237 ) ) ;
#1172 = FACE_OUTER_BOUND ( 'NONE', #523, .T. ) ;
#1173 = LINE ( 'NONE', #1724, #218 ) ;
#1174 = CARTESIAN_POINT ( 'NONE',  ( 30.99319984790730587, -49.98684021638359809, -17.85714285713886795 ) ) ;
#1175 = ORIENTED_EDGE ( 'NONE', *, *, #89, .F. ) ;
#1176 = CARTESIAN_POINT ( 'NONE',  ( -12.64106017222522915, -38.83258446419901588, 1.519694858615268318 ) ) ;
#1177 = CARTESIAN_POINT ( 'NONE',  ( 31.21836985173787937, -51.98684021638314334, 17.41071428572464797 ) ) ;
#1178 = ORIENTED_EDGE ( 'NONE', *, *, #1818, .T. ) ;
#1179 = ORIENTED_EDGE ( 'NONE', *, *, #55, .F. ) ;
#1180 = DIRECTION ( 'NONE',  ( 0.000000000000000000, 1.000000000000000000, 0.000000000000000000 ) ) ;
#1181 = AXIS2_PLACEMENT_3D ( 'NONE', #2285, #39, #26 ) ;
#1182 = VERTEX_POINT ( 'NONE', #2124 ) ;
#1183 = EDGE_CURVE ( 'NONE', #1389, #2462, #2086, .T. ) ;
#1184 = CARTESIAN_POINT ( 'NONE',  ( 1.899999999999999911, 0.000000000000000000, 4.350000000000363798 ) ) ;
#1185 = DIRECTION ( 'NONE',  ( 1.000000000000000000, 0.000000000000000000, -0.000000000000000000 ) ) ;
#1186 = DIRECTION ( 'NONE',  ( 0.000000000000000000, 0.000000000000000000, -1.000000000000000000 ) ) ;
#1187 = CIRCLE ( 'NONE', #3162, 4.500000000000078160 ) ;
#1188 = DIRECTION ( 'NONE',  ( 1.000000000000000000, -6.227212477865202780E-15, 0.000000000000000000 ) ) ;
#1189 = AXIS2_PLACEMENT_3D ( 'NONE', #2002, #1100, #2284 ) ;
#1190 = CARTESIAN_POINT ( 'NONE',  ( -6.500000000000328626, -44.48684021638313624, -2.000000000000000000 ) ) ;
#1191 = DIRECTION ( 'NONE',  ( 0.000000000000000000, 0.000000000000000000, 1.000000000000000000 ) ) ;
#1192 = VECTOR ( 'NONE', #2625, 1000.000000000000000 ) ;
#1193 = VERTEX_POINT ( 'NONE', #3178 ) ;
#1194 = CARTESIAN_POINT ( 'NONE',  ( 0.000000000000000000, -6.834810495348619952E-13, -12.00000000000000000 ) ) ;
#1195 = FACE_OUTER_BOUND ( 'NONE', #3036, .T. ) ;
#1196 = CIRCLE ( 'NONE', #3236, 3.000000000000024869 ) ;
#1197 = AXIS2_PLACEMENT_3D ( 'NONE', #1019, #179, #1272 ) ;
#1198 = ORIENTED_EDGE ( 'NONE', *, *, #1160, .T. ) ;
#1199 = ORIENTED_EDGE ( 'NONE', *, *, #2276, .F. ) ;
#1200 = AXIS2_PLACEMENT_3D ( 'NONE', #762, #2114, #727 ) ;
#1201 = ADVANCED_FACE ( 'NONE', ( #1784 ), #719, .F. ) ;
#1202 = PRODUCT_DEFINITION_SHAPE ( 'NONE', 'NONE',  #2998 ) ;
#1203 = DIRECTION ( 'NONE',  ( 0.000000000000000000, 0.000000000000000000, -1.000000000000000000 ) ) ;
#1204 = AXIS2_PLACEMENT_3D ( 'NONE', #2268, #2530, #60 ) ;
#1205 = VERTEX_POINT ( 'NONE', #3201 ) ;
#1206 = DIRECTION ( 'NONE',  ( 0.000000000000000000, 1.000000000000000000, -0.000000000000000000 ) ) ;
#1207 = DIRECTION ( 'NONE',  ( 0.000000000000000000, 0.000000000000000000, 1.000000000000000000 ) ) ;
#1208 = AXIS2_PLACEMENT_3D ( 'NONE', #1868, #1537, #484 ) ;
#1209 = DIRECTION ( 'NONE',  ( 0.000000000000000000, 0.000000000000000000, 1.000000000000000000 ) ) ;
#1210 = AXIS2_PLACEMENT_3D ( 'NONE', #2991, #3266, #1877 ) ;
#1211 = LINE ( 'NONE', #194, #2525 ) ;
#1212 = DIRECTION ( 'NONE',  ( 0.000000000000000000, 0.000000000000000000, 1.000000000000000000 ) ) ;
#1213 = CYLINDRICAL_SURFACE ( 'NONE', #285, 0.8500000000003643530 ) ;
#1214 = FACE_OUTER_BOUND ( 'NONE', #33, .T. ) ;
#1215 = ADVANCED_FACE ( 'NONE', ( #2931 ), #2682, .F. ) ;
#1216 = VERTEX_POINT ( 'NONE', #2141 ) ;
#1217 = LINE ( 'NONE', #2331, #2036 ) ;
#1218 = CARTESIAN_POINT ( 'NONE',  ( -0.4999999999999995559, 0.000000000000000000, 0.000000000000000000 ) ) ;
#1219 = CC_DESIGN_DATE_AND_TIME_ASSIGNMENT ( #1514, #2402, ( #2998 ) ) ;
#1220 = EDGE_LOOP ( 'NONE', ( #2147, #3536, #2089, #1175 ) ) ;
#1221 = ORIENTED_EDGE ( 'NONE', *, *, #1900, .F. ) ;
#1222 = DIRECTION ( 'NONE',  ( -0.000000000000000000, -0.000000000000000000, -1.000000000000000000 ) ) ;
#1223 = ORIENTED_EDGE ( 'NONE', *, *, #1557, .T. ) ;
#1224 = ORIENTED_EDGE ( 'NONE', *, *, #3024, .T. ) ;
#1225 = DIRECTION ( 'NONE',  ( 1.000000000000000000, 0.000000000000000000, -0.000000000000000000 ) ) ;
#1226 = CARTESIAN_POINT ( 'NONE',  ( 40.00000000000000000, -49.98684021638359809, 3.500000000000001332 ) ) ;
#1227 = CARTESIAN_POINT ( 'NONE',  ( 2.400000000000000355, -7.500000000000229150, -5.500000000000000000 ) ) ;
#1228 = APPLICATION_CONTEXT ( 'configuration controlled 3d designs of mechanical parts and assemblies' ) ;
#1229 = CARTESIAN_POINT ( 'NONE',  ( 4.500000000000000000, -14.50000000000022560, -4.350000000000363798 ) ) ;
#1230 = DIRECTION ( 'NONE',  ( 1.000000000000000000, 0.000000000000000000, 0.000000000000000000 ) ) ;
#1231 = CARTESIAN_POINT ( 'NONE',  ( -3.000000000000000000, 4.008004870492412941, 2.000000000000000000 ) ) ;
#1232 = CYLINDRICAL_SURFACE ( 'NONE', #1625, 0.9999999999999419353 ) ;
#1233 = DIRECTION ( 'NONE',  ( 0.000000000000000000, 0.000000000000000000, 1.000000000000000000 ) ) ;
#1234 = EDGE_CURVE ( 'NONE', #2266, #1611, #923, .T. ) ;
#1235 = ORIENTED_EDGE ( 'NONE', *, *, #1079, .T. ) ;
#1236 = ORIENTED_EDGE ( 'NONE', *, *, #2947, .F. ) ;
#1237 = PRODUCT_DEFINITION_FORMATION_WITH_SPECIFIED_SOURCE ( '任何', '', #2151, .NOT_KNOWN. ) ;
#1238 = DIRECTION ( 'NONE',  ( -0.000000000000000000, 1.000000000000000000, -0.000000000000000000 ) ) ;
#1239 = ORIENTED_EDGE ( 'NONE', *, *, #3512, .F. ) ;
#1240 = VERTEX_POINT ( 'NONE', #1517 ) ;
#1241 = LINE ( 'NONE', #938, #3049 ) ;
#1242 = DIRECTION ( 'NONE',  ( 0.000000000000000000, -0.000000000000000000, -1.000000000000000000 ) ) ;
#1243 = CARTESIAN_POINT ( 'NONE',  ( -11.21428571428605636, -38.02344248731859722, -2.000000000000000000 ) ) ;
#1244 = CARTESIAN_POINT ( 'NONE',  ( 0.000000000000000000, -5.500000000000223821, 2.350000000000363798 ) ) ;
#1245 = CARTESIAN_POINT ( 'NONE',  ( 2.400000000000000355, 0.000000000000000000, 0.000000000000000000 ) ) ;
#1246 = CARTESIAN_POINT ( 'NONE',  ( -6.500000000000328626, -48.98684021638359809, 2.000000000000000000 ) ) ;
#1247 = CIRCLE ( 'NONE', #3508, 3.149999999999636646 ) ;
#1248 = EDGE_CURVE ( 'NONE', #807, #661, #630, .T. ) ;
#1249 = EDGE_CURVE ( 'NONE', #661, #56, #2956, .T. ) ;
#1250 = EDGE_LOOP ( 'NONE', ( #2631, #3558, #1922, #3183 ) ) ;
#1251 = APPROVAL_DATE_TIME ( #144, #2245 ) ;
#1252 = CARTESIAN_POINT ( 'NONE',  ( -3.500000000000003109, -5.979487307218745329, -1.500000000000000000 ) ) ;
#1253 = DIRECTION ( 'NONE',  ( -0.000000000000000000, -1.000000000000000000, -1.927470528863119049E-16 ) ) ;
#1254 = DIRECTION ( 'NONE',  ( 1.000000000000000000, 0.000000000000000000, 0.000000000000000000 ) ) ;
#1255 = AXIS2_PLACEMENT_3D ( 'NONE', #1600, #2702, #1355 ) ;
#1256 = ADVANCED_FACE ( 'NONE', ( #2665 ), #1384, .T. ) ;
#1257 = AXIS2_PLACEMENT_3D ( 'NONE', #2441, #2729, #16 ) ;
#1258 = ORIENTED_EDGE ( 'NONE', *, *, #3294, .F. ) ;
#1259 = CIRCLE ( 'NONE', #2371, 100.0000000000154046 ) ;
#1260 = DIRECTION ( 'NONE',  ( 1.000000000000000000, 0.000000000000000000, 0.000000000000000000 ) ) ;
#1261 = ORIENTED_EDGE ( 'NONE', *, *, #1443, .F. ) ;
#1262 = ORIENTED_EDGE ( 'NONE', *, *, #395, .T. ) ;
#1263 = AXIS2_PLACEMENT_3D ( 'NONE', #3515, #3483, #1547 ) ;
#1264 = CARTESIAN_POINT ( 'NONE',  ( 4.000000000000000000, 0.000000000000000000, 0.000000000000000000 ) ) ;
#1265 = DIRECTION ( 'NONE',  ( 1.000000000000000000, 0.000000000000000000, 0.000000000000000000 ) ) ;
#1266 = ADVANCED_FACE ( 'NONE', ( #2389 ), #2347, .F. ) ;
#1267 = CIRCLE ( 'NONE', #1619, 50.49999999990111377 ) ;
#1268 = DIRECTION ( 'NONE',  ( -1.000000000000000000, 0.000000000000000000, 0.000000000000000000 ) ) ;
#1269 = AXIS2_PLACEMENT_3D ( 'NONE', #1049, #3150, #138 ) ;
#1270 = FACE_OUTER_BOUND ( 'NONE', #1078, .T. ) ;
#1271 = DIRECTION ( 'NONE',  ( 0.8079247161331156724, 0.5892857142857144126, -3.340544959519776051E-14 ) ) ;
#1272 = DIRECTION ( 'NONE',  ( 0.000000000000000000, -1.927470528863118062E-16, 1.000000000000000000 ) ) ;
#1273 = ORIENTED_EDGE ( 'NONE', *, *, #2064, .T. ) ;
#1274 = PERSON_AND_ORGANIZATION ( #645, #541 ) ;
#1275 = AXIS2_PLACEMENT_3D ( 'NONE', #2304, #299, #1186 ) ;
#1276 = DIRECTION ( 'NONE',  ( -0.000000000000000000, -0.000000000000000000, -1.000000000000000000 ) ) ;
#1277 = EDGE_CURVE ( 'NONE', #3107, #3065, #3243, .T. ) ;
#1278 = EDGE_CURVE ( 'NONE', #3543, #289, #2780, .T. ) ;
#1279 = ORIENTED_EDGE ( 'NONE', *, *, #2983, .F. ) ;
#1280 = EDGE_CURVE ( 'NONE', #705, #2733, #1681, .T. ) ;
#1281 = ADVANCED_FACE ( 'NONE', ( #3255 ), #2981, .T. ) ;
#1282 = ORIENTED_EDGE ( 'NONE', *, *, #1036, .F. ) ;
#1283 = ORIENTED_EDGE ( 'NONE', *, *, #1032, .F. ) ;
#1284 = DIRECTION ( 'NONE',  ( 0.000000000000000000, -1.006139616066606554E-13, -1.000000000000000000 ) ) ;
#1285 = DIRECTION ( 'NONE',  ( -0.000000000000000000, -1.000000000000000000, 0.000000000000000000 ) ) ;
#1286 = AXIS2_PLACEMENT_3D ( 'NONE', #1115, #3080, #608 ) ;
#1287 = CARTESIAN_POINT ( 'NONE',  ( 4.000000000000000000, -5.500000000000227374, 5.999999999999998224 ) ) ;
#1288 = DIRECTION ( 'NONE',  ( -1.000000000000000000, 0.000000000000000000, 0.000000000000000000 ) ) ;
#1289 = CARTESIAN_POINT ( 'NONE',  ( 40.00000000000000000, -51.98684021638314334, 0.000000000000000000 ) ) ;
#1290 = ORIENTED_EDGE ( 'NONE', *, *, #1434, .F. ) ;
#1291 = CALENDAR_DATE ( 2026, 26, 7 ) ;
#1292 = CARTESIAN_POINT ( 'NONE',  ( 1.899999999999999911, 0.000000000000000000, -4.350000000000363798 ) ) ;
#1293 = DIRECTION ( 'NONE',  ( 0.000000000000000000, 0.000000000000000000, 1.000000000000000000 ) ) ;
#1294 = DIRECTION ( 'NONE',  ( 0.000000000000000000, 0.000000000000000000, 1.000000000000000000 ) ) ;
#1295 = LOCAL_TIME ( 18, 25, 37.00000000000000000, #1826 ) ;
#1296 = ADVANCED_FACE ( 'NONE', ( #2364 ), #234, .T. ) ;
#1297 = ADVANCED_FACE ( 'NONE', ( #2119 ), #697, .T. ) ;
#1298 = ORIENTED_EDGE ( 'NONE', *, *, #602, .F. ) ;
#1299 = ORIENTED_EDGE ( 'NONE', *, *, #1723, .T. ) ;
#1300 = DIRECTION ( 'NONE',  ( -0.5892857142857121922, 0.8079247161331172267, 0.000000000000000000 ) ) ;
#1301 = EDGE_CURVE ( 'NONE', #2531, #2904, #1576, .T. ) ;
#1302 = CARTESIAN_POINT ( 'NONE',  ( 1.899999999999999911, -0.000000000000000000, -6.350000000000363798 ) ) ;
#1303 = PLANE ( 'NONE',  #1865 ) ;
#1304 = B_SPLINE_CURVE_WITH_KNOTS ( 'NONE', 3,
 ( #2005, #1774, #924, #2324, #3374, #2043, #957, #2340 ),
 .UNSPECIFIED., .F., .F.,
 ( 4, 2, 2, 4 ),
 ( -3.033150177639005584E-05, 0.002394413449176473543, 0.003606785924652905397, 0.004819158400129337251 ),
 .UNSPECIFIED. ) ;
#1305 = LINE ( 'NONE', #2415, #2426 ) ;
#1306 = ORIENTED_EDGE ( 'NONE', *, *, #3526, .T. ) ;
#1307 = PERSON_AND_ORGANIZATION ( #645, #541 ) ;
#1308 = AXIS2_PLACEMENT_3D ( 'NONE', #2222, #1651, #2453 ) ;
#1309 = DIRECTION ( 'NONE',  ( 0.000000000000000000, 1.000000000000000000, -0.000000000000000000 ) ) ;
#1310 = DIRECTION ( 'NONE',  ( 0.000000000000000000, -0.000000000000000000, 1.000000000000000000 ) ) ;
#1311 = CIRCLE ( 'NONE', #962, 19.50000000000006750 ) ;
#1312 = TOROIDAL_SURFACE ( 'NONE', #842, 22.50000000000080291, 0.5000000000000000000 ) ;
#1313 = TOROIDAL_SURFACE ( 'NONE', #1489, 6.000000000000000000, 0.5000000000000000000 ) ;
#1314 = CARTESIAN_POINT ( 'NONE',  ( 40.00000000000000000, -52.48684021638359809, 0.000000000000000000 ) ) ;
#1315 = VERTEX_POINT ( 'NONE', #2678 ) ;
#1316 = ORIENTED_EDGE ( 'NONE', *, *, #1984, .F. ) ;
#1317 = EDGE_CURVE ( 'NONE', #50, #2300, #3186, .T. ) ;
#1318 = VERTEX_POINT ( 'NONE', #985 ) ;
#1319 = CARTESIAN_POINT ( 'NONE',  ( -3.499999999999999556, -21.86494816465573976, 1.500000000000000000 ) ) ;
#1320 = VECTOR ( 'NONE', #1741, 1000.000000000000000 ) ;
#1321 = TOROIDAL_SURFACE ( 'NONE', #1027, 3.500000000000001332, 0.5000000000000000000 ) ;
#1322 = DIRECTION ( 'NONE',  ( 0.000000000000000000, 1.000000000000000000, -0.000000000000000000 ) ) ;
#1323 = DIRECTION ( 'NONE',  ( 1.000000000000000000, 0.000000000000000000, -0.000000000000000000 ) ) ;
#1324 = DIRECTION ( 'NONE',  ( -0.000000000000000000, -1.000000000000000000, 0.000000000000000000 ) ) ;
#1325 = VECTOR ( 'NONE', #823, 1000.000000000000000 ) ;
#1326 = VERTEX_POINT ( 'NONE', #1823 ) ;
#1327 = AXIS2_PLACEMENT_3D ( 'NONE', #3427, #3527, #1471 ) ;
#1328 = CARTESIAN_POINT ( 'NONE',  ( 4.000000000000000000, -4.035898384862449007, 7.499999999999940492 ) ) ;
#1329 = FACE_OUTER_BOUND ( 'NONE', #2870, .T. ) ;
#1330 = AXIS2_PLACEMENT_3D ( 'NONE', #1478, #2578, #1830 ) ;
#1331 = EDGE_CURVE ( 'NONE', #1193, #2048, #3068, .T. ) ;
#1332 = AXIS2_PLACEMENT_3D ( 'NONE', #2501, #1740, #2554 ) ;
#1333 = EDGE_CURVE ( 'NONE', #661, #1596, #1531, .T. ) ;
#1334 = CIRCLE ( 'NONE', #1579, 7.999999999999850786 ) ;
#1335 = CARTESIAN_POINT ( 'NONE',  ( 40.00000000000000000, -52.48684021638359809, 0.000000000000000000 ) ) ;
#1336 = EDGE_LOOP ( 'NONE', ( #2668, #2378, #3306, #934, #1961, #1178, #3244, #1662 ) ) ;
#1337 = ORIENTED_EDGE ( 'NONE', *, *, #2827, .T. ) ;
#1338 = ORIENTED_EDGE ( 'NONE', *, *, #394, .T. ) ;
#1339 = DIRECTION ( 'NONE',  ( -1.000000000000000000, -0.000000000000000000, -0.000000000000000000 ) ) ;
#1340 = FACE_OUTER_BOUND ( 'NONE', #1966, .T. ) ;
#1341 = CARTESIAN_POINT ( 'NONE',  ( 4.000000000000000000, -7.500000000000229150, 8.499999999999998224 ) ) ;
#1342 = DIRECTION ( 'NONE',  ( 0.000000000000000000, 1.000000000000000000, 0.000000000000000000 ) ) ;
#1343 = CARTESIAN_POINT ( 'NONE',  ( 2.400000000000000355, 0.000000000000000000, -6.500000000000000888 ) ) ;
#1344 = AXIS2_PLACEMENT_3D ( 'NONE', #367, #2573, #3063 ) ;
#1345 = CARTESIAN_POINT ( 'NONE',  ( 2.400000000000000355, -16.50000000000022737, -8.500000000000001776 ) ) ;
#1346 = DIRECTION ( 'NONE',  ( 0.000000000000000000, 0.000000000000000000, -1.000000000000000000 ) ) ;
#1347 = EDGE_CURVE ( 'NONE', #1978, #2039, #3215, .T. ) ;
#1348 = ADVANCED_FACE ( 'NONE', ( #3430 ), #2727, .T. ) ;
#1349 = DIRECTION ( 'NONE',  ( 0.000000000000000000, 0.4999999999999920619, -0.8660254037844432595 ) ) ;
#1350 = EDGE_CURVE ( 'NONE', #702, #2226, #1803, .T. ) ;
#1351 = VERTEX_POINT ( 'NONE', #2910 ) ;
#1352 = VERTEX_POINT ( 'NONE', #730 ) ;
#1353 = ORIENTED_EDGE ( 'NONE', *, *, #3498, .T. ) ;
#1354 = CARTESIAN_POINT ( 'NONE',  ( 4.500000000000000000, -6.821800069278793899E-13, 6.499999999999999112 ) ) ;
#1355 = DIRECTION ( 'NONE',  ( 0.000000000000000000, 0.000000000000000000, 1.000000000000000000 ) ) ;
#1356 = DIRECTION ( 'NONE',  ( 0.000000000000000000, 1.000000000000000000, 5.457440055423035750E-14 ) ) ;
#1357 = DIRECTION ( 'NONE',  ( 0.000000000000000000, 0.000000000000000000, -1.000000000000000000 ) ) ;
#1358 = APPROVAL_PERSON_ORGANIZATION ( #2106, #1832, #1866 ) ;
#1359 = ORIENTED_EDGE ( 'NONE', *, *, #1405, .F. ) ;
#1360 = FACE_OUTER_BOUND ( 'NONE', #402, .T. ) ;
#1361 = EDGE_CURVE ( 'NONE', #1835, #1162, #943, .T. ) ;
#1362 = CARTESIAN_POINT ( 'NONE',  ( -6.500000000000328626, -52.48684021638314334, -12.50000000000000000 ) ) ;
#1363 = EDGE_CURVE ( 'NONE', #1788, #987, #2046, .T. ) ;
#1364 = AXIS2_PLACEMENT_3D ( 'NONE', #3237, #1276, #2641 ) ;
#1365 = DIRECTION ( 'NONE',  ( 1.000000000000000000, 0.000000000000000000, -0.000000000000000000 ) ) ;
#1366 = AXIS2_PLACEMENT_3D ( 'NONE', #1693, #2794, #101 ) ;
#1367 = ORIENTED_EDGE ( 'NONE', *, *, #3069, .F. ) ;
#1368 = AXIS2_PLACEMENT_3D ( 'NONE', #3408, #3209, #2076 ) ;
#1369 = ORIENTED_EDGE ( 'NONE', *, *, #315, .F. ) ;
#1370 = VERTEX_POINT ( 'NONE', #1229 ) ;
#1371 = CARTESIAN_POINT ( 'NONE',  ( 4.500000000000000000, -1.228581458936417455E-13, -2.350000000000363798 ) ) ;
#1372 = VERTEX_POINT ( 'NONE', #1551 ) ;
#1373 = AXIS2_PLACEMENT_3D ( 'NONE', #2576, #1990, #3067 ) ;
#1374 = CARTESIAN_POINT ( 'NONE',  ( -3.000000000000000000, -21.86494816465573976, -12.00000000000000000 ) ) ;
#1375 = CARTESIAN_POINT ( 'NONE',  ( 0.000000000000000000, -5.500000000000227374, 5.500000000000000000 ) ) ;
#1376 = FACE_OUTER_BOUND ( 'NONE', #3425, .T. ) ;
#1377 = EDGE_LOOP ( 'NONE', ( #2280, #482, #620, #2566 ) ) ;
#1378 = AXIS2_PLACEMENT_3D ( 'NONE', #3232, #1824, #1778 ) ;
#1379 = AXIS2_PLACEMENT_3D ( 'NONE', #2634, #2975, #1300 ) ;
#1380 = DIRECTION ( 'NONE',  ( -1.000000000000000000, -0.000000000000000000, -0.000000000000000000 ) ) ;
#1381 = AXIS2_PLACEMENT_3D ( 'NONE', #3367, #877, #1203 ) ;
#1382 = VERTEX_POINT ( 'NONE', #3487 ) ;
#1383 = DIRECTION ( 'NONE',  ( 0.000000000000000000, 0.000000000000000000, 1.000000000000000000 ) ) ;
#1384 = TOROIDAL_SURFACE ( 'NONE', #1047, 2.500000000000000888, 0.5000000000000000000 ) ;
#1385 = EDGE_CURVE ( 'NONE', #946, #2789, #464, .T. ) ;
#1386 = AXIS2_PLACEMENT_3D ( 'NONE', #3231, #1891, #1617 ) ;
#1387 = ORIENTED_EDGE ( 'NONE', *, *, #1676, .F. ) ;
#1388 = ORIENTED_EDGE ( 'NONE', *, *, #1434, .T. ) ;
#1389 = VERTEX_POINT ( 'NONE', #2398 ) ;
#1390 = CARTESIAN_POINT ( 'NONE',  ( 8.476199467703743551, -49.48684021638359809, -12.00000000000008349 ) ) ;
#1391 = EDGE_LOOP ( 'NONE', ( #3258, #1938, #1717, #937 ) ) ;
#1392 = DIRECTION ( 'NONE',  ( 1.000000000000000000, 0.000000000000000000, 0.000000000000000000 ) ) ;
#1393 = DIRECTION ( 'NONE',  ( 0.000000000000000000, 1.000000000000000000, -0.000000000000000000 ) ) ;
#1394 = DIRECTION ( 'NONE',  ( 0.000000000000000000, 0.000000000000000000, 1.000000000000000000 ) ) ;
#1395 = VERTEX_POINT ( 'NONE', #2617 ) ;
#1396 = CARTESIAN_POINT ( 'NONE',  ( 3.716091340918798558, -49.32282220321043553, 1.624403219741537008 ) ) ;
#1397 = FACE_OUTER_BOUND ( 'NONE', #2551, .T. ) ;
#1398 = ORIENTED_EDGE ( 'NONE', *, *, #1984, .T. ) ;
#1399 = CARTESIAN_POINT ( 'NONE',  ( 40.00000000000000000, -52.48684021638359809, 3.000000000000001332 ) ) ;
#1400 = VERTEX_POINT ( 'NONE', #927 ) ;
#1401 = ORIENTED_EDGE ( 'NONE', *, *, #2455, .T. ) ;
#1402 = EDGE_CURVE ( 'NONE', #1193, #418, #1334, .T. ) ;
#1403 = CIRCLE ( 'NONE', #2117, 0.5000000000000004441 ) ;
#1404 = ORIENTED_EDGE ( 'NONE', *, *, #202, .F. ) ;
#1405 = EDGE_CURVE ( 'NONE', #2957, #1578, #1509, .T. ) ;
#1406 = CARTESIAN_POINT ( 'NONE',  ( 4.500000000000000000, -8.432575659723033468, 4.350000000000363798 ) ) ;
#1407 = ORIENTED_EDGE ( 'NONE', *, *, #941, .F. ) ;
#1408 = DIRECTION ( 'NONE',  ( 0.000000000000000000, -1.000000000000000000, 0.000000000000000000 ) ) ;
#1409 = CARTESIAN_POINT ( 'NONE',  ( 4.500000000000000000, -5.500000000000227374, -2.350000000000363798 ) ) ;
#1410 = CARTESIAN_POINT ( 'NONE',  ( 2.400000000000000355, -7.500000000000229150, 8.499999999999998224 ) ) ;
#1411 = ORIENTED_EDGE ( 'NONE', *, *, #2376, .T. ) ;
#1412 = EDGE_CURVE ( 'NONE', #1162, #1193, #72, .T. ) ;
#1413 = DIRECTION ( 'NONE',  ( 0.000000000000000000, 0.000000000000000000, -1.000000000000000000 ) ) ;
#1414 = CARTESIAN_POINT ( 'NONE',  ( 1.899999999999999911, 1.541976423090494844E-15, -7.999999999999998224 ) ) ;
#1415 = ORIENTED_EDGE ( 'NONE', *, *, #2276, .T. ) ;
#1416 = CARTESIAN_POINT ( 'NONE',  ( 8.476199467703624535, -51.98684021638314334, 62.49999999999999289 ) ) ;
#1417 = DIRECTION ( 'NONE',  ( 0.000000000000000000, 0.000000000000000000, -1.000000000000000000 ) ) ;
#1418 = ORIENTED_EDGE ( 'NONE', *, *, #2328, .T. ) ;
#1419 = EDGE_LOOP ( 'NONE', ( #1369, #2165, #2510, #3053 ) ) ;
#1420 = CIRCLE ( 'NONE', #1894, 19.50000000000006750 ) ;
#1421 = ORIENTED_EDGE ( 'NONE', *, *, #1652, .F. ) ;
#1422 = CARTESIAN_POINT ( 'NONE',  ( 4.500000000000000000, -4.035898384862549371, 5.999999999999998224 ) ) ;
#1423 = AXIS2_PLACEMENT_3D ( 'NONE', #3338, #884, #2027 ) ;
#1424 = ORIENTED_EDGE ( 'NONE', *, *, #1032, .T. ) ;
#1425 = CIRCLE ( 'NONE', #565, 0.5000000000000004441 ) ;
#1426 = CYLINDRICAL_SURFACE ( 'NONE', #222, 5.000000000000002665 ) ;
#1427 = CARTESIAN_POINT ( 'NONE',  ( -23.00000000000080291, -21.86494816465562252, 12.00000000000000000 ) ) ;
#1428 = AXIS2_PLACEMENT_3D ( 'NONE', #346, #3386, #1689 ) ;
#1429 = EDGE_CURVE ( 'NONE', #3329, #2881, #3532, .T. ) ;
#1430 = CARTESIAN_POINT ( 'NONE',  ( 8.476199467703738222, -52.48684021638314334, 12.00000000000000000 ) ) ;
#1431 = ADVANCED_FACE ( 'NONE', ( #3250 ), #3283, .T. ) ;
#1432 = DIRECTION ( 'NONE',  ( 1.000000000000000000, 0.000000000000000000, 0.000000000000000000 ) ) ;
#1433 = VECTOR ( 'NONE', #3071, 1000.000000000000000 ) ;
#1434 = EDGE_CURVE ( 'NONE', #321, #2127, #474, .T. ) ;
#1435 = DIRECTION ( 'NONE',  ( 1.000000000000000000, 0.000000000000000000, 0.000000000000000000 ) ) ;
#1436 = DESIGN_CONTEXT ( 'detailed design', #2007, 'design' ) ;
#1437 = DIRECTION ( 'NONE',  ( 1.000000000000000000, 0.000000000000000000, 1.224646799147352961E-16 ) ) ;
#1438 = AXIS2_PLACEMENT_3D ( 'NONE', #2253, #1704, #2808 ) ;
#1439 = DIRECTION ( 'NONE',  ( 1.000000000000000000, -0.000000000000000000, 0.000000000000000000 ) ) ;
#1440 = DIRECTION ( 'NONE',  ( 0.8928571428569376245, -1.591926139999851342E-12, 0.4503400076046391587 ) ) ;
#1441 = VECTOR ( 'NONE', #2901, 1000.000000000000000 ) ;
#1442 = ADVANCED_FACE ( 'NONE', ( #780 ), #275, .T. ) ;
#1443 = EDGE_CURVE ( 'NONE', #569, #1182, #2902, .T. ) ;
#1444 = ORIENTED_EDGE ( 'NONE', *, *, #2644, .F. ) ;
#1445 = ORIENTED_EDGE ( 'NONE', *, *, #1951, .T. ) ;
#1446 = AXIS2_PLACEMENT_3D ( 'NONE', #1506, #667, #1242 ) ;
#1447 = ORIENTED_EDGE ( 'NONE', *, *, #533, .T. ) ;
#1448 = CARTESIAN_POINT ( 'NONE',  ( -6.500000000000328626, -44.48684021638313624, -12.00000000000000000 ) ) ;
#1449 = VECTOR ( 'NONE', #2420, 1000.000000000000000 ) ;
#1450 = ORIENTED_EDGE ( 'NONE', *, *, #2190, .F. ) ;
#1451 = VECTOR ( 'NONE', #1288, 1000.000000000000000 ) ;
#1452 = CARTESIAN_POINT ( 'NONE',  ( 1.899999999999999911, -4.035898384862449007, 7.499999999999940492 ) ) ;
#1453 = DIRECTION ( 'NONE',  ( 0.000000000000000000, 1.000000000000000000, 1.927470528863119049E-16 ) ) ;
#1454 = DIRECTION ( 'NONE',  ( 0.000000000000000000, 0.000000000000000000, -1.000000000000000000 ) ) ;
#1455 = DIRECTION ( 'NONE',  ( 0.000000000000000000, 1.000000000000000000, 0.000000000000000000 ) ) ;
#1456 = CARTESIAN_POINT ( 'NONE',  ( 8.476199467727326464, -51.98684021638314334, -62.49999999990119903 ) ) ;
#1457 = FACE_OUTER_BOUND ( 'NONE', #3519, .T. ) ;
#1458 = ORIENTED_EDGE ( 'NONE', *, *, #1947, .F. ) ;
#1459 = DIRECTION ( 'NONE',  ( -0.8928571428570143409, 0.000000000000000000, 0.4503400076044867251 ) ) ;
#1460 = DIRECTION ( 'NONE',  ( 0.000000000000000000, 0.000000000000000000, 1.000000000000000000 ) ) ;
#1461 = EDGE_CURVE ( 'NONE', #1382, #705, #416, .T. ) ;
#1462 = ADVANCED_FACE ( 'NONE', ( #2168 ), #764, .T. ) ;
#1463 = VERTEX_POINT ( 'NONE', #2752 ) ;
#1464 = ORIENTED_EDGE ( 'NONE', *, *, #89, .T. ) ;
#1465 = ORIENTED_EDGE ( 'NONE', *, *, #136, .F. ) ;
#1466 = AXIS2_PLACEMENT_3D ( 'NONE', #580, #99, #1721 ) ;
#1467 = LINE ( 'NONE', #1422, #1502 ) ;
#1468 = EDGE_LOOP ( 'NONE', ( #2486, #1120, #59, #489 ) ) ;
#1469 = CIRCLE ( 'NONE', #821, 1.499999999999923173 ) ;
#1470 = DIRECTION ( 'NONE',  ( 1.000000000000000000, 0.000000000000000000, -1.224646799147352961E-16 ) ) ;
#1471 = DIRECTION ( 'NONE',  ( 0.000000000000000000, -6.938893903907222067E-15, -1.000000000000000000 ) ) ;
#1472 = DIRECTION ( 'NONE',  ( 0.000000000000000000, -1.000000000000000000, 0.000000000000000000 ) ) ;
#1473 = CARTESIAN_POINT ( 'NONE',  ( 40.00000000000000000, -49.98684021638359809, 20.00000000000006750 ) ) ;
#1474 = DIRECTION ( 'NONE',  ( 1.000000000000000000, 0.000000000000000000, 0.000000000000000000 ) ) ;
#1475 = DIRECTION ( 'NONE',  ( -1.000000000000000000, 6.938893903907228378E-15, 0.000000000000000000 ) ) ;
#1476 = EDGE_CURVE ( 'NONE', #1697, #1556, #1861, .T. ) ;
#1477 = EDGE_LOOP ( 'NONE', ( #1597, #2015, #2985, #581, #3325, #2936, #539, #1661 ) ) ;
#1478 = CARTESIAN_POINT ( 'NONE',  ( -6.500000000000328626, -44.48684021638313624, -12.00000000000000000 ) ) ;
#1479 = CYLINDRICAL_SURFACE ( 'NONE', #2247, 6.500000000000000000 ) ;
#1480 = AXIS2_PLACEMENT_3D ( 'NONE', #201, #1233, #2405 ) ;
#1481 = ORIENTED_EDGE ( 'NONE', *, *, #1363, .F. ) ;
#1482 = ORIENTED_EDGE ( 'NONE', *, *, #751, .F. ) ;
#1483 = ORIENTED_EDGE ( 'NONE', *, *, #2835, .F. ) ;
#1484 = DIRECTION ( 'NONE',  ( 0.000000000000000000, 0.000000000000000000, 1.000000000000000000 ) ) ;
#1485 = CARTESIAN_POINT ( 'NONE',  ( 4.500000000000000000, 0.000000000000000000, 6.499999999999999112 ) ) ;
#1486 = CIRCLE ( 'NONE', #2756, 6.000000000000000000 ) ;
#1487 = DIRECTION ( 'NONE',  ( 1.000000000000000000, 0.000000000000000000, 0.000000000000000000 ) ) ;
#1488 = EDGE_CURVE ( 'NONE', #836, #2281, #3562, .T. ) ;
#1489 = AXIS2_PLACEMENT_3D ( 'NONE', #1264, #688, #3149 ) ;
#1490 = DIRECTION ( 'NONE',  ( -0.000000000000000000, -1.000000000000000000, 0.000000000000000000 ) ) ;
#1491 = DIRECTION ( 'NONE',  ( -0.5892857142857166330, 0.8079247161331138960, 0.000000000000000000 ) ) ;
#1492 = DIRECTION ( 'NONE',  ( 0.000000000000000000, 0.000000000000000000, -1.000000000000000000 ) ) ;
#1493 = AXIS2_PLACEMENT_3D ( 'NONE', #2454, #496, #1072 ) ;
#1494 = CYLINDRICAL_SURFACE ( 'NONE', #2074, 3.000000000000000888 ) ;
#1495 = ORIENTED_EDGE ( 'NONE', *, *, #263, .F. ) ;
#1496 = DIRECTION ( 'NONE',  ( -0.000000000000000000, -0.000000000000000000, -1.000000000000000000 ) ) ;
#1497 = DIRECTION ( 'NONE',  ( -1.000000000000000000, -0.000000000000000000, -0.000000000000000000 ) ) ;
#1498 = AXIS2_PLACEMENT_3D ( 'NONE', #2739, #1056, #493 ) ;
#1499 = ORIENTED_EDGE ( 'NONE', *, *, #1623, .T. ) ;
#1500 = ORIENTED_EDGE ( 'NONE', *, *, #3229, .T. ) ;
#1501 = CARTESIAN_POINT ( 'NONE',  ( -9.446428571428210574, -40.44721663571695558, -12.00000000000000000 ) ) ;
#1502 = VECTOR ( 'NONE', #3403, 1000.000000000000000 ) ;
#1503 = ORIENTED_EDGE ( 'NONE', *, *, #3473, .T. ) ;
#1504 = ORIENTED_EDGE ( 'NONE', *, *, #2445, .T. ) ;
#1505 = DIRECTION ( 'NONE',  ( 1.000000000000000000, -0.000000000000000000, 0.000000000000000000 ) ) ;
#1506 = CARTESIAN_POINT ( 'NONE',  ( -6.500000000000328626, -52.48684021638314334, -12.50000000000000000 ) ) ;
#1507 = VECTOR ( 'NONE', #3506, 1000.000000000000000 ) ;
#1508 = CARTESIAN_POINT ( 'NONE',  ( 0.000000000000000000, -7.500000000000229150, -4.350000000000363798 ) ) ;
#1509 = CIRCLE ( 'NONE', #1149, 6.000000000000000000 ) ;
#1510 = DIRECTION ( 'NONE',  ( 0.000000000000000000, 0.000000000000000000, -1.000000000000000000 ) ) ;
#1511 = DIRECTION ( 'NONE',  ( 0.000000000000000000, -1.000000000000000000, 0.000000000000000000 ) ) ;
#1512 = DIRECTION ( 'NONE',  ( -1.000000000000000000, 0.000000000000000000, 0.000000000000000000 ) ) ;
#1513 = EDGE_CURVE ( 'NONE', #1864, #2444, #2959, .T. ) ;
#1514 = DATE_AND_TIME ( #1845, #1295 ) ;
#1515 = CARTESIAN_POINT ( 'NONE',  ( 4.500000000000000000, -4.035898384862549371, 6.499999999999999112 ) ) ;
#1516 = VERTEX_POINT ( 'NONE', #3547 ) ;
#1517 = CARTESIAN_POINT ( 'NONE',  ( 1.899999999999999911, -16.50000000000022737, 7.999999999999998224 ) ) ;
#1518 =( LENGTH_UNIT ( ) NAMED_UNIT ( * ) SI_UNIT ( .MILLI., .METRE. ) );
#1519 = EDGE_LOOP ( 'NONE', ( #2400, #995, #1258, #1921 ) ) ;
#1520 = EDGE_LOOP ( 'NONE', ( #3203, #3297, #2987, #421 ) ) ;
#1521 = CARTESIAN_POINT ( 'NONE',  ( 4.500000000000000000, -16.50000000000022737, 4.350000000000363798 ) ) ;
#1522 = EDGE_LOOP ( 'NONE', ( #2800, #3480, #266, #2349, #570, #1843, #3400, #3453, #2214, #3530 ) ) ;
#1523 = ORIENTED_EDGE ( 'NONE', *, *, #3088, .T. ) ;
#1524 = EDGE_CURVE ( 'NONE', #589, #912, #2154, .T. ) ;
#1525 = ADVANCED_FACE ( 'NONE', ( #2977 ), #1303, .F. ) ;
#1526 = CARTESIAN_POINT ( 'NONE',  ( -12.44135084792358192, -38.40816025261804612, 1.500000000000000000 ) ) ;
#1527 = DIRECTION ( 'NONE',  ( 0.000000000000000000, 0.000000000000000000, 1.000000000000000000 ) ) ;
#1528 = DIRECTION ( 'NONE',  ( 0.000000000000000000, 0.000000000000000000, -1.000000000000000000 ) ) ;
#1529 = DIRECTION ( 'NONE',  ( -0.000000000000000000, -0.000000000000000000, -1.000000000000000000 ) ) ;
#1530 = DIRECTION ( 'NONE',  ( 0.000000000000000000, 0.000000000000000000, -1.000000000000000000 ) ) ;
#1531 = LINE ( 'NONE', #123, #3126 ) ;
#1532 = DIRECTION ( 'NONE',  ( -1.000000000000000000, 0.000000000000000000, 0.000000000000000000 ) ) ;
#1533 = EDGE_CURVE ( 'NONE', #2662, #236, #2465, .T. ) ;
#1534 = ORIENTED_EDGE ( 'NONE', *, *, #896, .T. ) ;
#1535 = PERSON_AND_ORGANIZATION ( #645, #541 ) ;
#1536 = DIRECTION ( 'NONE',  ( 1.000000000000000000, 0.000000000000000000, 0.000000000000000000 ) ) ;
#1537 = DIRECTION ( 'NONE',  ( 0.000000000000000000, 0.000000000000000000, 1.000000000000000000 ) ) ;
#1538 = CARTESIAN_POINT ( 'NONE',  ( -23.00000000000080291, -21.86494816465562252, 12.50000000000000000 ) ) ;
#1539 = ORIENTED_EDGE ( 'NONE', *, *, #3526, .F. ) ;
#1540 = EDGE_CURVE ( 'NONE', #249, #278, #296, .T. ) ;
#1541 = AXIS2_PLACEMENT_3D ( 'NONE', #1538, #700, #948 ) ;
#1542 = DIRECTION ( 'NONE',  ( 1.000000000000000000, 0.000000000000000000, 0.000000000000000000 ) ) ;
#1543 = ORIENTED_EDGE ( 'NONE', *, *, #2683, .F. ) ;
#1544 = VERTEX_POINT ( 'NONE', #3304 ) ;
#1545 = FACE_OUTER_BOUND ( 'NONE', #1650, .T. ) ;
#1546 = FACE_OUTER_BOUND ( 'NONE', #1336, .T. ) ;
#1547 = DIRECTION ( 'NONE',  ( 0.000000000000000000, 0.000000000000000000, 1.000000000000000000 ) ) ;
#1548 = DIRECTION ( 'NONE',  ( 1.000000000000000000, 0.000000000000000000, 0.000000000000000000 ) ) ;
#1549 = B_SPLINE_CURVE_WITH_KNOTS ( 'NONE', 3,
 ( #3318, #3469, #163, #3490, #698, #1007, #2403, #1252 ),
 .UNSPECIFIED., .F., .F.,
 ( 4, 2, 2, 4 ),
 ( -6.324555633429195694E-05, 0.004945308070477614018, 0.007449584883883568313, 0.009953861697289519139 ),
 .UNSPECIFIED. ) ;
#1550 = DIRECTION ( 'NONE',  ( -0.000000000000000000, 1.000000000000000000, 0.000000000000000000 ) ) ;
#1551 = CARTESIAN_POINT ( 'NONE',  ( 40.00000000000000000, -49.98684021638359809, -3.000000000000001332 ) ) ;
#1552 = AXIS2_PLACEMENT_3D ( 'NONE', #2943, #984, #1575 ) ;
#1553 = EDGE_CURVE ( 'NONE', #2508, #361, #130, .T. ) ;
#1554 = DIRECTION ( 'NONE',  ( 0.000000000000000000, 0.000000000000000000, -1.000000000000000000 ) ) ;
#1555 = EDGE_CURVE ( 'NONE', #808, #173, #862, .T. ) ;
#1556 = VERTEX_POINT ( 'NONE', #224 ) ;
#1557 = EDGE_CURVE ( 'NONE', #2662, #660, #2435, .T. ) ;
#1558 = CIRCLE ( 'NONE', #2527, 0.5000000000000004441 ) ;
#1559 = PERSON_AND_ORGANIZATION ( #645, #541 ) ;
#1560 = DIRECTION ( 'NONE',  ( 0.000000000000000000, 1.000000000000000000, -0.000000000000000000 ) ) ;
#1561 = CARTESIAN_POINT ( 'NONE',  ( -5.000000000000000000, -6.821800069278793899E-13, 12.50000000000000000 ) ) ;
#1562 = DIRECTION ( 'NONE',  ( 1.000000000000000000, 0.000000000000000000, 0.000000000000000000 ) ) ;
#1563 = ADVANCED_FACE ( 'NONE', ( #3534 ), #1055, .F. ) ;
#1564 = AXIS2_PLACEMENT_3D ( 'NONE', #3440, #3459, #2905 ) ;
#1565 = VECTOR ( 'NONE', #1159, 1000.000000000000000 ) ;
#1566 = ORIENTED_EDGE ( 'NONE', *, *, #404, .F. ) ;
#1567 = VERTEX_POINT ( 'NONE', #2553 ) ;
#1568 = ORIENTED_EDGE ( 'NONE', *, *, #1160, .F. ) ;
#1569 = VECTOR ( 'NONE', #1908, 1000.000000000000000 ) ;
#1570 = CARTESIAN_POINT ( 'NONE',  ( 2.400000000000000355, -4.035898384862449007, 7.499999999999940492 ) ) ;
#1571 = DIRECTION ( 'NONE',  ( 0.000000000000000000, 0.000000000000000000, 1.000000000000000000 ) ) ;
#1572 = AXIS2_PLACEMENT_3D ( 'NONE', #1797, #1527, #405 ) ;
#1573 = CARTESIAN_POINT ( 'NONE',  ( 4.500000000000000000, -16.50000000000022737, -6.350000000000363798 ) ) ;
#1574 = VECTOR ( 'NONE', #931, 1000.000000000000000 ) ;
#1575 = DIRECTION ( 'NONE',  ( 0.4503400076032177402, 0.000000000000000000, -0.8928571428576543845 ) ) ;
#1576 = LINE ( 'NONE', #2658, #2610 ) ;
#1577 = DIRECTION ( 'NONE',  ( -1.000000000000000000, 0.000000000000000000, -0.000000000000000000 ) ) ;
#1578 = VERTEX_POINT ( 'NONE', #1739 ) ;
#1579 = AXIS2_PLACEMENT_3D ( 'NONE', #713, #3174, #2927 ) ;
#1580 = EDGE_CURVE ( 'NONE', #1240, #946, #311, .T. ) ;
#1581 = DIRECTION ( 'NONE',  ( -1.000000000000000000, -0.000000000000000000, -0.000000000000000000 ) ) ;
#1582 = DIRECTION ( 'NONE',  ( 0.000000000000000000, 1.000000000000000000, 0.000000000000000000 ) ) ;
#1583 = DIRECTION ( 'NONE',  ( 0.000000000000000000, 0.000000000000000000, -1.000000000000000000 ) ) ;
#1584 = ADVANCED_FACE ( 'NONE', ( #1128 ), #1668, .T. ) ;
#1585 = ORIENTED_EDGE ( 'NONE', *, *, #1405, .T. ) ;
#1586 = VERTEX_POINT ( 'NONE', #2271 ) ;
#1587 = DIRECTION ( 'NONE',  ( 0.000000000000000000, 0.000000000000000000, -1.000000000000000000 ) ) ;
#1588 = DIRECTION ( 'NONE',  ( 0.000000000000000000, 0.000000000000000000, 1.000000000000000000 ) ) ;
#1589 = DIRECTION ( 'NONE',  ( 1.000000000000000000, 0.000000000000000000, 0.000000000000000000 ) ) ;
#1590 = CARTESIAN_POINT ( 'NONE',  ( -23.00000000000080291, -21.86494816465562252, 12.50000000000000000 ) ) ;
#1591 = ORIENTED_EDGE ( 'NONE', *, *, #3199, .T. ) ;
#1592 = PLANE ( 'NONE',  #1769 ) ;
#1593 = CARTESIAN_POINT ( 'NONE',  ( 4.500000000000000000, -4.035898384862449007, 7.499999999999940492 ) ) ;
#1594 = COORDINATED_UNIVERSAL_TIME_OFFSET ( 8, 0, .AHEAD. ) ;
#1595 = EDGE_CURVE ( 'NONE', #1351, #1370, #2252, .T. ) ;
#1596 = VERTEX_POINT ( 'NONE', #864 ) ;
#1597 = ORIENTED_EDGE ( 'NONE', *, *, #3498, .F. ) ;
#1598 = ORIENTED_EDGE ( 'NONE', *, *, #2640, .T. ) ;
#1599 = DIRECTION ( 'NONE',  ( 0.000000000000000000, 1.000000000000000000, 0.000000000000000000 ) ) ;
#1600 = CARTESIAN_POINT ( 'NONE',  ( -2.500000000000000000, 0.000000000000000000, 0.000000000000000000 ) ) ;
#1601 = CARTESIAN_POINT ( 'NONE',  ( 40.00000000000000000, -52.48684021638359809, 0.000000000000000000 ) ) ;
#1602 = CARTESIAN_POINT ( 'NONE',  ( -6.500000000000328626, -51.98684021638314334, 12.00000000000000000 ) ) ;
#1603 = VERTEX_POINT ( 'NONE', #1703 ) ;
#1604 = ADVANCED_FACE ( 'NONE', ( #2003 ), #1986, .F. ) ;
#1605 = VECTOR ( 'NONE', #816, 1000.000000000000000 ) ;
#1606 = DIRECTION ( 'NONE',  ( 0.000000000000000000, 0.000000000000000000, 1.000000000000000000 ) ) ;
#1607 = CARTESIAN_POINT ( 'NONE',  ( -4.544975507059233578E-13, -26.28194966815588884, -1.500000000000000000 ) ) ;
#1608 = CIRCLE ( 'NONE', #1552, 0.4999999999999993339 ) ;
#1609 = VECTOR ( 'NONE', #1816, 1000.000000000000000 ) ;
#1610 = CARTESIAN_POINT ( 'NONE',  ( 8.476199467727326464, -49.98684021638359809, -62.49999999990119903 ) ) ;
#1611 = VERTEX_POINT ( 'NONE', #2791 ) ;
#1612 = ORIENTED_EDGE ( 'NONE', *, *, #2087, .T. ) ;
#1613 = ORIENTED_EDGE ( 'NONE', *, *, #3032, .F. ) ;
#1614 = CARTESIAN_POINT ( 'NONE',  ( 38.71851134746695067, -48.98684021638359809, -2.000000000000000000 ) ) ;
#1615 = AXIS2_PLACEMENT_3D ( 'NONE', #632, #2535, #2272 ) ;
#1616 = DIRECTION ( 'NONE',  ( 1.000000000000000000, 0.000000000000000000, 0.000000000000000000 ) ) ;
#1617 = DIRECTION ( 'NONE',  ( 0.000000000000000000, 0.000000000000000000, 1.000000000000000000 ) ) ;
#1618 = CARTESIAN_POINT ( 'NONE',  ( 2.400000000000000355, 0.000000000000000000, 5.999999999999998224 ) ) ;
#1619 = AXIS2_PLACEMENT_3D ( 'NONE', #2916, #1238, #996 ) ;
#1620 = ORIENTED_EDGE ( 'NONE', *, *, #1347, .T. ) ;
#1621 = VECTOR ( 'NONE', #916, 1000.000000000000000 ) ;
#1622 = CARTESIAN_POINT ( 'NONE',  ( 31.21836985170962109, -51.98684021638314334, -17.41071428571039803 ) ) ;
#1623 = EDGE_CURVE ( 'NONE', #2588, #2048, #2813, .T. ) ;
#1624 = CARTESIAN_POINT ( 'NONE',  ( -23.00000000000080291, -21.86494816465562252, -12.00000000000000000 ) ) ;
#1625 = AXIS2_PLACEMENT_3D ( 'NONE', #1593, #2951, #3491 ) ;
#1626 = AXIS2_PLACEMENT_3D ( 'NONE', #1840, #1003, #3465 ) ;
#1627 = CARTESIAN_POINT ( 'NONE',  ( 38.71851134746695067, -49.48684021638359809, 12.00000000000000000 ) ) ;
#1628 = ORIENTED_EDGE ( 'NONE', *, *, #788, .T. ) ;
#1629 = ORIENTED_EDGE ( 'NONE', *, *, #2213, .T. ) ;
#1630 = VERTEX_POINT ( 'NONE', #1114 ) ;
#1631 = CARTESIAN_POINT ( 'NONE',  ( 1.899999999999999911, -16.50000000000022737, -6.350000000000363798 ) ) ;
#1632 = EDGE_CURVE ( 'NONE', #2300, #538, #1420, .T. ) ;
#1633 = EDGE_CURVE ( 'NONE', #1142, #1326, #328, .T. ) ;
#1634 = DIRECTION ( 'NONE',  ( 0.000000000000000000, -1.000000000000000000, 0.000000000000000000 ) ) ;
#1635 = DIRECTION ( 'NONE',  ( 0.000000000000000000, 0.000000000000000000, -1.000000000000000000 ) ) ;
#1636 = DIRECTION ( 'NONE',  ( 0.000000000000000000, 0.000000000000000000, 1.000000000000000000 ) ) ;
#1637 = ORIENTED_EDGE ( 'NONE', *, *, #633, .F. ) ;
#1638 = CARTESIAN_POINT ( 'NONE',  ( 40.00000000000000000, -51.98684021638314334, 0.000000000000000000 ) ) ;
#1639 = CARTESIAN_POINT ( 'NONE',  ( -13.24296099556402773, -40.08150937012914738, -1.763438356659139838 ) ) ;
#1640 = FACE_OUTER_BOUND ( 'NONE', #1854, .T. ) ;
#1641 = EDGE_LOOP ( 'NONE', ( #3139, #204, #226, #2312 ) ) ;
#1642 = ORIENTED_EDGE ( 'NONE', *, *, #1412, .F. ) ;
#1643 = EDGE_CURVE ( 'NONE', #3107, #824, #844, .T. ) ;
#1644 = ORIENTED_EDGE ( 'NONE', *, *, #1932, .F. ) ;
#1645 = CARTESIAN_POINT ( 'NONE',  ( 1.899999999999999911, 0.000000000000000000, 4.350000000000363798 ) ) ;
#1646 = LINE ( 'NONE', #1054, #558 ) ;
#1647 = DIRECTION ( 'NONE',  ( 1.000000000000000000, 0.000000000000000000, 0.000000000000000000 ) ) ;
#1648 = CARTESIAN_POINT ( 'NONE',  ( -0.5000000000000000000, -21.86494816465562252, -12.00000000000000000 ) ) ;
#1649 = CIRCLE ( 'NONE', #1541, 22.50000000000080291 ) ;
#1650 = EDGE_LOOP ( 'NONE', ( #2372, #2899, #1223, #908 ) ) ;
#1651 = DIRECTION ( 'NONE',  ( 1.000000000000000000, -0.000000000000000000, 0.000000000000000000 ) ) ;
#1652 = EDGE_CURVE ( 'NONE', #1923, #2733, #591, .T. ) ;
#1653 = CARTESIAN_POINT ( 'NONE',  ( 2.145628619524740682E-29, -25.87757170622578329, -1.519897524786354204 ) ) ;
#1654 = AXIS2_PLACEMENT_3D ( 'NONE', #2728, #2966, #483 ) ;
#1655 = EDGE_CURVE ( 'NONE', #1318, #2226, #1169, .T. ) ;
#1656 = CARTESIAN_POINT ( 'NONE',  ( -6.500000000000328626, -44.48684021638313624, -12.50000000000000000 ) ) ;
#1657 = TOROIDAL_SURFACE ( 'NONE', #2017, 6.000000000000000000, 0.5000000000000000000 ) ;
#1658 = AXIS2_PLACEMENT_3D ( 'NONE', #1648, #828, #1357 ) ;
#1659 = VERTEX_POINT ( 'NONE', #366 ) ;
#1660 = AXIS2_PLACEMENT_3D ( 'NONE', #1037, #1876, #1928 ) ;
#1661 = ORIENTED_EDGE ( 'NONE', *, *, #240, .T. ) ;
#1662 = ORIENTED_EDGE ( 'NONE', *, *, #1147, .T. ) ;
#1663 = DIRECTION ( 'NONE',  ( 0.000000000000000000, 0.000000000000000000, -1.000000000000000000 ) ) ;
#1664 = AXIS2_PLACEMENT_3D ( 'NONE', #2160, #1380, #1883 ) ;
#1665 = ORIENTED_EDGE ( 'NONE', *, *, #788, .F. ) ;
#1666 = VECTOR ( 'NONE', #2812, 1000.000000000000000 ) ;
#1667 = CARTESIAN_POINT ( 'NONE',  ( 40.00000000000000000, -51.98684021638314334, 19.50000000000006750 ) ) ;
#1668 = CYLINDRICAL_SURFACE ( 'NONE', #2754, 0.5000000000000004441 ) ;
#1669 = CYLINDRICAL_SURFACE ( 'NONE', #1466, 0.8500000000003652412 ) ;
#1670 = VECTOR ( 'NONE', #904, 1000.000000000000000 ) ;
#1671 = CARTESIAN_POINT ( 'NONE',  ( 40.00000000000000000, -49.48684021638359809, 0.000000000000000000 ) ) ;
#1672 = AXIS2_PLACEMENT_3D ( 'NONE', #225, #1324, #2219 ) ;
#1673 = AXIS2_PLACEMENT_3D ( 'NONE', #154, #3533, #1587 ) ;
#1674 = CARTESIAN_POINT ( 'NONE',  ( -9.446428571428210574, -40.44721663571695558, 12.00000000000000000 ) ) ;
#1675 = CARTESIAN_POINT ( 'NONE',  ( 4.500000000000000000, -5.500000000000227374, 5.500000000000000000 ) ) ;
#1676 = EDGE_CURVE ( 'NONE', #2601, #2356, #2355, .T. ) ;
#1677 = CIRCLE ( 'NONE', #983, 5.000000000000002665 ) ;
#1678 = EDGE_CURVE ( 'NONE', #19, #824, #1690, .T. ) ;
#1679 = VERTEX_POINT ( 'NONE', #1150 ) ;
#1680 = CARTESIAN_POINT ( 'NONE',  ( -23.00000000000080291, -21.86494816465562252, 2.000000000000000000 ) ) ;
#1681 = CIRCLE ( 'NONE', #125, 0.5000000000000004441 ) ;
#1682 = AXIS2_PLACEMENT_3D ( 'NONE', #1083, #2203, #1647 ) ;
#1683 = ORIENTED_EDGE ( 'NONE', *, *, #1676, .T. ) ;
#1684 = VERTEX_POINT ( 'NONE', #2514 ) ;
#1685 = EDGE_CURVE ( 'NONE', #605, #292, #3392, .T. ) ;
#1686 = ORIENTED_EDGE ( 'NONE', *, *, #917, .F. ) ;
#1687 = DIRECTION ( 'NONE',  ( 1.000000000000000000, -0.000000000000000000, 0.000000000000000000 ) ) ;
#1688 = ORIENTED_EDGE ( 'NONE', *, *, #3023, .F. ) ;
#1689 = DIRECTION ( 'NONE',  ( 0.000000000000000000, 0.000000000000000000, 1.000000000000000000 ) ) ;
#1690 = LINE ( 'NONE', #1409, #2237 ) ;
#1691 = DIRECTION ( 'NONE',  ( -1.000000000000000000, -0.000000000000000000, -0.000000000000000000 ) ) ;
#1692 = ORIENTED_EDGE ( 'NONE', *, *, #3260, .T. ) ;
#1693 = CARTESIAN_POINT ( 'NONE',  ( 2.400000000000000355, -4.035898384862474764, -6.000000000000000000 ) ) ;
#1694 = DIRECTION ( 'NONE',  ( 0.000000000000000000, 0.000000000000000000, -1.000000000000000000 ) ) ;
#1695 = DIRECTION ( 'NONE',  ( 0.000000000000000000, 0.000000000000000000, -1.000000000000000000 ) ) ;
#1696 = CARTESIAN_POINT ( 'NONE',  ( -2.500000000000000000, -6.821800069278793899E-13, -12.00000000000000000 ) ) ;
#1697 = VERTEX_POINT ( 'NONE', #2500 ) ;
#1698 = ORIENTED_EDGE ( 'NONE', *, *, #1943, .F. ) ;
#1699 = EDGE_LOOP ( 'NONE', ( #930, #2650, #1283, #3226 ) ) ;
#1700 = DIRECTION ( 'NONE',  ( 0.000000000000000000, 0.000000000000000000, -1.000000000000000000 ) ) ;
#1701 = VERTEX_POINT ( 'NONE', #901 ) ;
#1702 = LINE ( 'NONE', #2848, #1720 ) ;
#1703 = CARTESIAN_POINT ( 'NONE',  ( -2.500000000000000000, -6.821800069278793899E-13, -12.50000000000000000 ) ) ;
#1704 = DIRECTION ( 'NONE',  ( 0.000000000000000000, 1.000000000000000000, 0.000000000000000000 ) ) ;
#1705 = CARTESIAN_POINT ( 'NONE',  ( 4.500000000000000000, -5.500000000000227374, 2.350000000000362910 ) ) ;
#1706 = CARTESIAN_POINT ( 'NONE',  ( -6.500000000000328626, -49.48684021638359809, -12.50000000000000000 ) ) ;
#1707 = ADVANCED_FACE ( 'NONE', ( #3114 ), #2849, .F. ) ;
#1708 = EDGE_CURVE ( 'NONE', #2904, #1005, #1549, .T. ) ;
#1709 = LINE ( 'NONE', #2814, #294 ) ;
#1710 = CARTESIAN_POINT ( 'NONE',  ( 1.899999999999999911, -5.500000000000227374, 5.500000000000000000 ) ) ;
#1711 = ORIENTED_EDGE ( 'NONE', *, *, #2827, .F. ) ;
#1712 = ORIENTED_EDGE ( 'NONE', *, *, #1553, .T. ) ;
#1713 = CIRCLE ( 'NONE', #1073, 3.000000000000000888 ) ;
#1714 = ORIENTED_EDGE ( 'NONE', *, *, #3032, .T. ) ;
#1715 = CARTESIAN_POINT ( 'NONE',  ( 4.999999999999999112, -48.98684021638359809, 1.500000000000000000 ) ) ;
#1716 = CIRCLE ( 'NONE', #2360, 0.5000000000000004441 ) ;
#1717 = ORIENTED_EDGE ( 'NONE', *, *, #3494, .F. ) ;
#1718 = DIRECTION ( 'NONE',  ( 0.000000000000000000, 0.000000000000000000, 1.000000000000000000 ) ) ;
#1719 = CARTESIAN_POINT ( 'NONE',  ( -6.500000000000328626, -51.98684021638314334, -12.00000000000000000 ) ) ;
#1720 = VECTOR ( 'NONE', #606, 1000.000000000000000 ) ;
#1721 = DIRECTION ( 'NONE',  ( 0.000000000000000000, 0.000000000000000000, 1.000000000000000000 ) ) ;
#1722 = DIRECTION ( 'NONE',  ( 1.000000000000000000, 0.000000000000000000, 0.000000000000000000 ) ) ;
#1723 = EDGE_CURVE ( 'NONE', #135, #1630, #2520, .T. ) ;
#1724 = CARTESIAN_POINT ( 'NONE',  ( -6.500000000000328626, -51.98684021638314334, -12.50000000000000000 ) ) ;
#1725 = CARTESIAN_POINT ( 'NONE',  ( -6.500000000000328626, -48.98684021638359809, 1.500000000000000000 ) ) ;
#1726 = AXIS2_PLACEMENT_3D ( 'NONE', #1675, #3323, #281 ) ;
#1727 = CIRCLE ( 'NONE', #2091, 7.999999999999850786 ) ;
#1728 = ORIENTED_EDGE ( 'NONE', *, *, #3574, .T. ) ;
#1729 = CARTESIAN_POINT ( 'NONE',  ( -2.499999999999996447, -21.86494816465574687, 12.00000000000000000 ) ) ;
#1730 = DIRECTION ( 'NONE',  ( -0.000000000000000000, -1.000000000000000000, -0.000000000000000000 ) ) ;
#1731 = VECTOR ( 'NONE', #2358, 1000.000000000000000 ) ;
#1732 = ORIENTED_EDGE ( 'NONE', *, *, #547, .F. ) ;
#1733 = ORIENTED_EDGE ( 'NONE', *, *, #1317, .T. ) ;
#1734 = VECTOR ( 'NONE', #2568, 1000.000000000000000 ) ;
#1735 = ORIENTED_EDGE ( 'NONE', *, *, #3046, .F. ) ;
#1736 = CARTESIAN_POINT ( 'NONE',  ( -3.166533819897507929, -1.820725522860985990, 1.622152011165432617 ) ) ;
#1737 = CIRCLE ( 'NONE', #1976, 49.99999999999999289 ) ;
#1738 = ORIENTED_EDGE ( 'NONE', *, *, #2565, .T. ) ;
#1739 = CARTESIAN_POINT ( 'NONE',  ( 4.500000000000000000, -6.821800069278795918E-13, 6.000000000000000000 ) ) ;
#1740 = DIRECTION ( 'NONE',  ( 1.000000000000000000, -0.000000000000000000, 0.000000000000000000 ) ) ;
#1741 = DIRECTION ( 'NONE',  ( 0.000000000000000000, 1.000000000000000000, -0.000000000000000000 ) ) ;
#1742 = EDGE_CURVE ( 'NONE', #2444, #203, #2869, .T. ) ;
#1743 = ADVANCED_FACE ( 'NONE', ( #3219 ), #1494, .T. ) ;
#1744 = FACE_OUTER_BOUND ( 'NONE', #1220, .T. ) ;
#1745 = CARTESIAN_POINT ( 'NONE',  ( 40.00000000000000000, -52.48684021638359809, 0.000000000000000000 ) ) ;
#1746 = EDGE_LOOP ( 'NONE', ( #2715, #1086, #110, #643 ) ) ;
#1747 = DIRECTION ( 'NONE',  ( 0.4503400076044867251, 0.000000000000000000, 0.8928571428570143409 ) ) ;
#1748 = CARTESIAN_POINT ( 'NONE',  ( 40.00000000000000000, -51.98684021638314334, 20.00000000000006750 ) ) ;
#1749 = TOROIDAL_SURFACE ( 'NONE', #1875, 19.50000000000006750, 0.5000000000000000000 ) ;
#1750 = ORIENTED_EDGE ( 'NONE', *, *, #1361, .F. ) ;
#1751 = ORIENTED_EDGE ( 'NONE', *, *, #2391, .F. ) ;
#1752 = CARTESIAN_POINT ( 'NONE',  ( -13.64814814814920041, -40.89462946920713193, -2.000000000000000000 ) ) ;
#1753 = EDGE_CURVE ( 'NONE', #537, #34, #1247, .T. ) ;
#1754 = ORIENTED_EDGE ( 'NONE', *, *, #1678, .F. ) ;
#1755 = CARTESIAN_POINT ( 'NONE',  ( 40.00000000000000000, -49.48684021638359809, 0.000000000000000000 ) ) ;
#1756 = PLANE ( 'NONE',  #1572 ) ;
#1757 = DIRECTION ( 'NONE',  ( 0.000000000000000000, 0.000000000000000000, 1.000000000000000000 ) ) ;
#1758 = DIRECTION ( 'NONE',  ( 0.000000000000000000, 0.000000000000000000, 1.000000000000000000 ) ) ;
#1759 = DIRECTION ( 'NONE',  ( 0.000000000000000000, 1.000000000000000000, 0.000000000000000000 ) ) ;
#1760 = DIRECTION ( 'NONE',  ( -0.000000000000000000, -0.000000000000000000, -1.000000000000000000 ) ) ;
#1761 = DIRECTION ( 'NONE',  ( 0.000000000000000000, 1.000000000000000000, 0.000000000000000000 ) ) ;
#1762 = EDGE_LOOP ( 'NONE', ( #1940, #1613, #3197, #2206 ) ) ;
#1763 = LINE ( 'NONE', #1194, #2487 ) ;
#1764 = DIRECTION ( 'NONE',  ( 0.000000000000000000, -1.000000000000000000, 0.000000000000000000 ) ) ;
#1765 = ORIENTED_EDGE ( 'NONE', *, *, #1278, .F. ) ;
#1766 = ORIENTED_EDGE ( 'NONE', *, *, #1787, .F. ) ;
#1767 = CARTESIAN_POINT ( 'NONE',  ( -6.500000000000328626, -44.48684021638313624, 2.000000000000000000 ) ) ;
#1768 = ORIENTED_EDGE ( 'NONE', *, *, #659, .F. ) ;
#1769 = AXIS2_PLACEMENT_3D ( 'NONE', #2207, #2158, #2439 ) ;
#1770 = ORIENTED_EDGE ( 'NONE', *, *, #74, .F. ) ;
#1771 = DIRECTION ( 'NONE',  ( -1.000000000000000000, 0.000000000000000000, 0.000000000000000000 ) ) ;
#1772 = LINE ( 'NONE', #567, #181 ) ;
#1773 = AXIS2_PLACEMENT_3D ( 'NONE', #1190, #3120, #1435 ) ;
#1774 = CARTESIAN_POINT ( 'NONE',  ( 2.382280164152717731E-16, -22.66455203619003100, 1.882106019936925279 ) ) ;
#1775 = TOROIDAL_SURFACE ( 'NONE', #1428, 19.50000000000006750, 0.5000000000000000000 ) ;
#1776 = DIRECTION ( 'NONE',  ( -1.000000000000000000, -0.000000000000000000, -0.000000000000000000 ) ) ;
#1777 = DIRECTION ( 'NONE',  ( 0.000000000000000000, 0.000000000000000000, 1.000000000000000000 ) ) ;
#1778 = DIRECTION ( 'NONE',  ( 0.000000000000000000, 0.000000000000000000, -1.000000000000000000 ) ) ;
#1779 = CIRCLE ( 'NONE', #1960, 0.9999999999999419353 ) ;
#1780 = SECURITY_CLASSIFICATION_LEVEL ( 'unclassified' ) ;
#1781 = CARTESIAN_POINT ( 'NONE',  ( 4.500000000000000000, -7.500000000000229150, -5.500000000000000000 ) ) ;
#1782 = AXIS2_PLACEMENT_3D ( 'NONE', #2047, #1437, #1694 ) ;
#1783 = ORIENTED_EDGE ( 'NONE', *, *, #2100, .T. ) ;
#1784 = FACE_OUTER_BOUND ( 'NONE', #919, .T. ) ;
#1785 =( NAMED_UNIT ( * ) PLANE_ANGLE_UNIT ( ) SI_UNIT ( $, .RADIAN. ) );
#1786 = CIRCLE ( 'NONE', #1853, 0.5000000000000004441 ) ;
#1787 = EDGE_CURVE ( 'NONE', #1603, #417, #450, .T. ) ;
#1788 = VERTEX_POINT ( 'NONE', #3505 ) ;
#1789 = ORIENTED_EDGE ( 'NONE', *, *, #1347, .F. ) ;
#1790 = CIRCLE ( 'NONE', #2599, 20.00000000000006750 ) ;
#1791 = CARTESIAN_POINT ( 'NONE',  ( -6.500000000000328626, -49.48684021638359809, -12.50000000000000000 ) ) ;
#1792 = AXIS2_PLACEMENT_3D ( 'NONE', #1226, #2424, #3409 ) ;
#1793 = ORIENTED_EDGE ( 'NONE', *, *, #994, .T. ) ;
#1794 = ORIENTED_EDGE ( 'NONE', *, *, #1063, .T. ) ;
#1795 = EDGE_CURVE ( 'NONE', #3160, #2531, #2600, .T. ) ;
#1796 = LINE ( 'NONE', #1836, #2656 ) ;
#1797 = CARTESIAN_POINT ( 'NONE',  ( 4.999999999999547917, -44.48684021638337072, 1.500000000000000000 ) ) ;
#1798 = VECTOR ( 'NONE', #1935, 1000.000000000000000 ) ;
#1799 = DIRECTION ( 'NONE',  ( 0.000000000000000000, 0.000000000000000000, 1.000000000000000000 ) ) ;
#1800 = FACE_OUTER_BOUND ( 'NONE', #1893, .T. ) ;
#1801 = VECTOR ( 'NONE', #2723, 1000.000000000000000 ) ;
#1802 = CARTESIAN_POINT ( 'NONE',  ( 8.476199467703507295, -51.98684021638314334, -12.00000000000008349 ) ) ;
#1803 = LINE ( 'NONE', #195, #1048 ) ;
#1804 = CYLINDRICAL_SURFACE ( 'NONE', #1197, 0.5000000000000004441 ) ;
#1805 = PERSON_AND_ORGANIZATION_ROLE ( 'creator' ) ;
#1806 = ADVANCED_FACE ( 'NONE', ( #2367 ), #734, .F. ) ;
#1807 = CARTESIAN_POINT ( 'NONE',  ( 4.500000000000000000, -7.500000000000229150, -4.350000000000363798 ) ) ;
#1808 = DIRECTION ( 'NONE',  ( 1.000000000000000000, 0.000000000000000000, 0.000000000000000000 ) ) ;
#1809 = ORIENTED_EDGE ( 'NONE', *, *, #1157, .T. ) ;
#1810 = CARTESIAN_POINT ( 'NONE',  ( 2.400000000000000355, -16.50000000000022737, -8.000000000000001776 ) ) ;
#1811 = EDGE_CURVE ( 'NONE', #1216, #1596, #786, .T. ) ;
#1812 = VERTEX_POINT ( 'NONE', #755 ) ;
#1813 = EDGE_CURVE ( 'NONE', #2035, #3385, #1022, .T. ) ;
#1814 = ORIENTED_EDGE ( 'NONE', *, *, #2855, .T. ) ;
#1815 = TOROIDAL_SURFACE ( 'NONE', #716, 3.500000000000001332, 0.5000000000000000000 ) ;
#1816 = DIRECTION ( 'NONE',  ( -1.000000000000000000, -0.000000000000000000, -0.000000000000000000 ) ) ;
#1817 = DIRECTION ( 'NONE',  ( 0.000000000000000000, 0.000000000000000000, -1.000000000000000000 ) ) ;
#1818 = EDGE_CURVE ( 'NONE', #1182, #2528, #3280, .T. ) ;
#1819 = FACE_OUTER_BOUND ( 'NONE', #2336, .T. ) ;
#1820 = DIRECTION ( 'NONE',  ( 0.000000000000000000, 0.000000000000000000, 1.000000000000000000 ) ) ;
#1821 = EDGE_CURVE ( 'NONE', #321, #1516, #2123, .T. ) ;
#1822 = DIRECTION ( 'NONE',  ( -1.000000000000000000, 0.000000000000000000, -0.000000000000000000 ) ) ;
#1823 = CARTESIAN_POINT ( 'NONE',  ( -3.000000000000000000, -21.86494816465574331, 12.00000000000000000 ) ) ;
#1824 = DIRECTION ( 'NONE',  ( 1.000000000000000000, -0.000000000000000000, 0.000000000000000000 ) ) ;
#1825 = ORIENTED_EDGE ( 'NONE', *, *, #929, .T. ) ;
#1826 = COORDINATED_UNIVERSAL_TIME_OFFSET ( 8, 0, .AHEAD. ) ;
#1827 = EDGE_CURVE ( 'NONE', #2195, #2957, #2621, .T. ) ;
#1828 = DIRECTION ( 'NONE',  ( 0.000000000000000000, 0.000000000000000000, 1.000000000000000000 ) ) ;
#1829 = EDGE_CURVE ( 'NONE', #1103, #1389, #1713, .T. ) ;
#1830 = DIRECTION ( 'NONE',  ( 1.000000000000000000, 0.000000000000000000, 0.000000000000000000 ) ) ;
#1831 = CARTESIAN_POINT ( 'NONE',  ( 4.500000000000000000, 0.000000000000000000, 2.350000000000363798 ) ) ;
#1832 = APPROVAL ( #753, '未指定' ) ;
#1833 = EDGE_LOOP ( 'NONE', ( #723, #3364, #2915, #2122, #24, #1121, #456, #2509, #3493, #1714 ) ) ;
#1834 = ORIENTED_EDGE ( 'NONE', *, *, #1903, .F. ) ;
#1835 = VERTEX_POINT ( 'NONE', #1231 ) ;
#1836 = CARTESIAN_POINT ( 'NONE',  ( 0.000000000000000000, -21.86494816465562252, -12.50000000000000000 ) ) ;
#1837 = CARTESIAN_POINT ( 'NONE',  ( -103.0000000000158593, 4.008004870496739258, -1.500000000000000000 ) ) ;
#1838 = CARTESIAN_POINT ( 'NONE',  ( 1.899999999999999911, -7.500000000000229150, 8.000000000000024869 ) ) ;
#1839 = DIRECTION ( 'NONE',  ( 1.000000000000000000, -0.000000000000000000, 0.000000000000000000 ) ) ;
#1840 = CARTESIAN_POINT ( 'NONE',  ( 40.00000000000000000, -49.98684021638359809, 19.50000000000006750 ) ) ;
#1841 = CIRCLE ( 'NONE', #3560, 6.500000000000000000 ) ;
#1842 = FACE_OUTER_BOUND ( 'NONE', #1029, .T. ) ;
#1843 = ORIENTED_EDGE ( 'NONE', *, *, #77, .T. ) ;
#1844 = CIRCLE ( 'NONE', #3228, 19.50000000000006750 ) ;
#1845 = CALENDAR_DATE ( 2026, 26, 7 ) ;
#1846 = ADVANCED_FACE ( 'NONE', ( #1214 ), #964, .T. ) ;
#1847 = DIRECTION ( 'NONE',  ( 1.000000000000000000, 0.000000000000000000, 0.000000000000000000 ) ) ;
#1848 = ADVANCED_FACE ( 'NONE', ( #2329, #1023 ), #2140, .T. ) ;
#1849 = DIRECTION ( 'NONE',  ( 0.5892857142855687513, -0.8079247161332219207, 0.000000000000000000 ) ) ;
#1850 = CALENDAR_DATE ( 2026, 26, 7 ) ;
#1851 = AXIS2_PLACEMENT_3D ( 'NONE', #2286, #3333, #27 ) ;
#1852 = AXIS2_PLACEMENT_3D ( 'NONE', #991, #1009, #1583 ) ;
#1853 = AXIS2_PLACEMENT_3D ( 'NONE', #3216, #410, #2679 ) ;
#1854 = EDGE_LOOP ( 'NONE', ( #457, #381, #1401, #1914, #586, #1585, #2645, #372, #2516, #2818 ) ) ;
#1855 = EDGE_LOOP ( 'NONE', ( #1612, #776, #1869, #2457 ) ) ;
#1856 = AXIS2_PLACEMENT_3D ( 'NONE', #2149, #2215, #3314 ) ;
#1857 = FACE_OUTER_BOUND ( 'NONE', #1641, .T. ) ;
#1858 = VECTOR ( 'NONE', #644, 1000.000000000000000 ) ;
#1859 = VECTOR ( 'NONE', #1138, 1000.000000000000000 ) ;
#1860 = DIRECTION ( 'NONE',  ( 1.000000000000000000, 0.000000000000000000, 0.000000000000000000 ) ) ;
#1861 = LINE ( 'NONE', #1341, #1801 ) ;
#1862 = DIRECTION ( 'NONE',  ( 1.000000000000000000, 0.000000000000000000, 0.000000000000000000 ) ) ;
#1863 = EDGE_CURVE ( 'NONE', #3086, #131, #166, .T. ) ;
#1864 = VERTEX_POINT ( 'NONE', #3269 ) ;
#1865 = AXIS2_PLACEMENT_3D ( 'NONE', #1068, #2962, #1323 ) ;
#1866 = APPROVAL_ROLE ( '' ) ;
#1867 = DIRECTION ( 'NONE',  ( 0.000000000000000000, 0.000000000000000000, -1.000000000000000000 ) ) ;
#1868 = CARTESIAN_POINT ( 'NONE',  ( -23.00000000000080291, -21.86494816465562252, -1.500000000000000000 ) ) ;
#1869 = ORIENTED_EDGE ( 'NONE', *, *, #3264, .F. ) ;
#1870 = ORIENTED_EDGE ( 'NONE', *, *, #239, .T. ) ;
#1871 = EDGE_CURVE ( 'NONE', #1788, #321, #449, .T. ) ;
#1872 = ORIENTED_EDGE ( 'NONE', *, *, #3446, .F. ) ;
#1873 = CARTESIAN_POINT ( 'NONE',  ( 0.000000000000000000, -14.50000000000022560, 4.350000000000363798 ) ) ;
#1874 = CC_DESIGN_PERSON_AND_ORGANIZATION_ASSIGNMENT ( #1559, #1805, ( #2998 ) ) ;
#1875 = AXIS2_PLACEMENT_3D ( 'NONE', #3388, #1472, #881 ) ;
#1876 = DIRECTION ( 'NONE',  ( 0.000000000000000000, 0.000000000000000000, 1.000000000000000000 ) ) ;
#1877 = DIRECTION ( 'NONE',  ( 0.000000000000000000, -1.734723475976806700E-15, -1.000000000000000000 ) ) ;
#1878 = PLANE ( 'NONE',  #1498 ) ;
#1879 = AXIS2_PLACEMENT_3D ( 'NONE', #348, #312, #1394 ) ;
#1880 = ORIENTED_EDGE ( 'NONE', *, *, #3576, .F. ) ;
#1881 = DIRECTION ( 'NONE',  ( 0.000000000000000000, 0.000000000000000000, -1.000000000000000000 ) ) ;
#1882 = DIRECTION ( 'NONE',  ( -0.000000000000000000, -1.000000000000000000, -0.000000000000000000 ) ) ;
#1883 = DIRECTION ( 'NONE',  ( 0.000000000000000000, 0.000000000000000000, 1.000000000000000000 ) ) ;
#1884 = LINE ( 'NONE', #3132, #1731 ) ;
#1885 = ORIENTED_EDGE ( 'NONE', *, *, #1580, .T. ) ;
#1886 = EDGE_LOOP ( 'NONE', ( #1481, #1050, #2283, #3468 ) ) ;
#1887 = ORIENTED_EDGE ( 'NONE', *, *, #2644, .T. ) ;
#1888 = DIRECTION ( 'NONE',  ( -1.000000000000000000, 0.000000000000000000, 0.000000000000000000 ) ) ;
#1889 = ADVANCED_FACE ( 'NONE', ( #783 ), #1122, .T. ) ;
#1890 = CARTESIAN_POINT ( 'NONE',  ( 2.400000000000000355, -7.500000000000229150, 7.999999999999998224 ) ) ;
#1891 = DIRECTION ( 'NONE',  ( -1.000000000000000000, 0.000000000000000000, 0.000000000000000000 ) ) ;
#1892 = DIRECTION ( 'NONE',  ( 1.000000000000000000, 0.000000000000000000, -0.000000000000000000 ) ) ;
#1893 = EDGE_LOOP ( 'NONE', ( #1057, #3112, #550, #2451 ) ) ;
#1894 = AXIS2_PLACEMENT_3D ( 'NONE', #2232, #3094, #1101 ) ;
#1895 = LINE ( 'NONE', #2999, #3159 ) ;
#1896 = CARTESIAN_POINT ( 'NONE',  ( 40.00000000000000000, -49.98684021638359809, 0.000000000000000000 ) ) ;
#1897 = AXIS2_PLACEMENT_3D ( 'NONE', #1802, #729, #122 ) ;
#1898 = AXIS2_PLACEMENT_3D ( 'NONE', #863, #590, #3371 ) ;
#1899 = DIRECTION ( 'NONE',  ( 0.000000000000000000, 0.000000000000000000, 1.000000000000000000 ) ) ;
#1900 = EDGE_CURVE ( 'NONE', #300, #2821, #3288, .T. ) ;
#1901 = VECTOR ( 'NONE', #1691, 1000.000000000000000 ) ;
#1902 = VECTOR ( 'NONE', #584, 1000.000000000000000 ) ;
#1903 = EDGE_CURVE ( 'NONE', #1315, #1659, #2741, .T. ) ;
#1904 = ORIENTED_EDGE ( 'NONE', *, *, #1524, .T. ) ;
#1905 = EDGE_LOOP ( 'NONE', ( #2255, #401, #2793, #78 ) ) ;
#1906 = AXIS2_PLACEMENT_3D ( 'NONE', #1896, #563, #3289 ) ;
#1907 = EDGE_LOOP ( 'NONE', ( #2583, #2458, #2054, #1279 ) ) ;
#1908 = DIRECTION ( 'NONE',  ( -1.000000000000000000, 0.000000000000000000, 0.000000000000000000 ) ) ;
#1909 = EDGE_CURVE ( 'NONE', #2266, #1062, #1895, .T. ) ;
#1910 = CARTESIAN_POINT ( 'NONE',  ( 0.000000000000000000, -5.500000000000227374, -4.350000000000363798 ) ) ;
#1911 = DIRECTION ( 'NONE',  ( 0.000000000000000000, 1.000000000000000000, -1.006139616066547357E-13 ) ) ;
#1912 = CARTESIAN_POINT ( 'NONE',  ( 4.500000000000000000, -5.500000000000227374, 2.350000000000362910 ) ) ;
#1913 = CIRCLE ( 'NONE', #1200, 20.00000000000006750 ) ;
#1914 = ORIENTED_EDGE ( 'NONE', *, *, #3370, .T. ) ;
#1915 = AXIS2_PLACEMENT_3D ( 'NONE', #1314, #2041, #98 ) ;
#1916 = DIRECTION ( 'NONE',  ( 0.000000000000000000, 0.8660254037844674624, -0.4999999999999503175 ) ) ;
#1917 = CARTESIAN_POINT ( 'NONE',  ( -12.54122638789356614, -38.62139485213371159, -1.500000000000000000 ) ) ;
#1918 = CIRCLE ( 'NONE', #3415, 20.00000000000081002 ) ;
#1919 = EDGE_CURVE ( 'NONE', #2281, #2333, #3098, .T. ) ;
#1920 = CARTESIAN_POINT ( 'NONE',  ( 0.000000000000000000, -6.821800069278793899E-13, -12.00000000000000000 ) ) ;
#1921 = ORIENTED_EDGE ( 'NONE', *, *, #1829, .F. ) ;
#1922 = ORIENTED_EDGE ( 'NONE', *, *, #2190, .T. ) ;
#1923 = VERTEX_POINT ( 'NONE', #1345 ) ;
#1924 = CYLINDRICAL_SURFACE ( 'NONE', #2311, 0.5000000000000000000 ) ;
#1925 = ADVANCED_FACE ( 'NONE', ( #1071 ), #514, .F. ) ;
#1926 = ADVANCED_FACE ( 'NONE', ( #1360 ), #3334, .T. ) ;
#1927 = ADVANCED_FACE ( 'NONE', ( #2488 ), #1592, .F. ) ;
#1928 = DIRECTION ( 'NONE',  ( 1.000000000000000000, 0.000000000000000000, 0.000000000000000000 ) ) ;
#1929 = DIRECTION ( 'NONE',  ( -1.000000000000000000, -0.000000000000000000, -0.000000000000000000 ) ) ;
#1930 = DIRECTION ( 'NONE',  ( 1.000000000000000000, -6.261928644989202682E-15, 0.000000000000000000 ) ) ;
#1931 = ORIENTED_EDGE ( 'NONE', *, *, #2721, .F. ) ;
#1932 = EDGE_CURVE ( 'NONE', #417, #950, #733, .T. ) ;
#1933 = CARTESIAN_POINT ( 'NONE',  ( -6.500000000000328626, -49.98684021638359809, -12.50000000000000000 ) ) ;
#1934 = CARTESIAN_POINT ( 'NONE',  ( -3.500000000000003109, -5.979487307218745329, 1.500000000000000000 ) ) ;
#1935 = DIRECTION ( 'NONE',  ( 0.000000000000000000, -1.000000000000000000, 0.000000000000000000 ) ) ;
#1936 = EDGE_LOOP ( 'NONE', ( #2933, #1543, #2769, #500 ) ) ;
#1937 = ORIENTED_EDGE ( 'NONE', *, *, #2351, .F. ) ;
#1938 = ORIENTED_EDGE ( 'NONE', *, *, #2297, .F. ) ;
#1939 = LINE ( 'NONE', #1645, #750 ) ;
#1940 = ORIENTED_EDGE ( 'NONE', *, *, #993, .T. ) ;
#1941 = CARTESIAN_POINT ( 'NONE',  ( 8.476199467703732893, -52.48684021638314334, -12.00000000000000000 ) ) ;
#1942 = DIRECTION ( 'NONE',  ( 1.000000000000000000, 0.000000000000000000, 0.000000000000000000 ) ) ;
#1943 = EDGE_CURVE ( 'NONE', #1103, #2, #2131, .T. ) ;
#1944 = CARTESIAN_POINT ( 'NONE',  ( -10.91964285714318628, -38.42740484538514778, 12.50000000000000000 ) ) ;
#1945 = AXIS2_PLACEMENT_3D ( 'NONE', #2348, #736, #3179 ) ;
#1946 = ORIENTED_EDGE ( 'NONE', *, *, #3213, .F. ) ;
#1947 = EDGE_CURVE ( 'NONE', #3511, #3065, #3307, .T. ) ;
#1948 = LINE ( 'NONE', #561, #3102 ) ;
#1949 = CARTESIAN_POINT ( 'NONE',  ( 4.816413087218485600, -49.48684021638348440, -1.941945195067984908 ) ) ;
#1950 = AXIS2_PLACEMENT_3D ( 'NONE', #1807, #2346, #145 ) ;
#1951 = EDGE_CURVE ( 'NONE', #2075, #1205, #1026, .T. ) ;
#1952 = ORIENTED_EDGE ( 'NONE', *, *, #1249, .T. ) ;
#1953 = FACE_OUTER_BOUND ( 'NONE', #1013, .T. ) ;
#1954 = AXIS2_PLACEMENT_3D ( 'NONE', #206, #2737, #1860 ) ;
#1955 = VERTEX_POINT ( 'NONE', #1933 ) ;
#1956 = AXIS2_PLACEMENT_3D ( 'NONE', #3482, #999, #2673 ) ;
#1957 = ORIENTED_EDGE ( 'NONE', *, *, #3091, .F. ) ;
#1958 = ORIENTED_EDGE ( 'NONE', *, *, #3476, .T. ) ;
#1959 = DIRECTION ( 'NONE',  ( -0.000000000000000000, 1.000000000000000000, -0.000000000000000000 ) ) ;
#1960 = AXIS2_PLACEMENT_3D ( 'NONE', #1570, #192, #1284 ) ;
#1961 = ORIENTED_EDGE ( 'NONE', *, *, #1443, .T. ) ;
#1962 = AXIS2_PLACEMENT_3D ( 'NONE', #1105, #2223, #1346 ) ;
#1963 = CARTESIAN_POINT ( 'NONE',  ( 31.21836985173716883, -52.48684021638314334, 17.41071428572429269 ) ) ;
#1964 = CARTESIAN_POINT ( 'NONE',  ( -6.500000000000328626, -44.48684021638313624, 1.500000000000000000 ) ) ;
#1965 = AXIS2_PLACEMENT_3D ( 'NONE', #2635, #2116, #3484 ) ;
#1966 = EDGE_LOOP ( 'NONE', ( #1712, #2105, #3345, #878 ) ) ;
#1967 = CIRCLE ( 'NONE', #1672, 50.49999999990110666 ) ;
#1968 = VECTOR ( 'NONE', #703, 1000.000000000000000 ) ;
#1969 = PLANE ( 'NONE',  #2296 ) ;
#1970 = EDGE_CURVE ( 'NONE', #173, #3065, #280, .T. ) ;
#1971 = CARTESIAN_POINT ( 'NONE',  ( 0.000000000000000000, -16.50000000000022737, 4.350000000000363798 ) ) ;
#1972 = CIRCLE ( 'NONE', #1327, 0.5000000000000004441 ) ;
#1973 = ORIENTED_EDGE ( 'NONE', *, *, #1063, .F. ) ;
#1974 = DIRECTION ( 'NONE',  ( 0.000000000000000000, 0.000000000000000000, -1.000000000000000000 ) ) ;
#1975 = DIRECTION ( 'NONE',  ( -0.000000000000000000, -0.000000000000000000, -1.000000000000000000 ) ) ;
#1976 = AXIS2_PLACEMENT_3D ( 'NONE', #1416, #1991, #2031 ) ;
#1977 = AXIS2_PLACEMENT_3D ( 'NONE', #1601, #1038, #796 ) ;
#1978 = VERTEX_POINT ( 'NONE', #1104 ) ;
#1979 = EDGE_LOOP ( 'NONE', ( #1052, #1754, #1957, #1447 ) ) ;
#1980 = ORIENTED_EDGE ( 'NONE', *, *, #304, .F. ) ;
#1981 = CARTESIAN_POINT ( 'NONE',  ( -3.000000000000000000, 4.008004870492412941, 2.000000000000000000 ) ) ;
#1982 = ORIENTED_EDGE ( 'NONE', *, *, #3476, .F. ) ;
#1983 = EDGE_CURVE ( 'NONE', #538, #2379, #1311, .T. ) ;
#1984 = EDGE_CURVE ( 'NONE', #3543, #1596, #388, .T. ) ;
#1985 = CARTESIAN_POINT ( 'NONE',  ( 4.000000000000000000, -16.50000000000022737, 7.999999999999998224 ) ) ;
#1986 = CYLINDRICAL_SURFACE ( 'NONE', #42, 20.00000000000081002 ) ;
#1987 = DIRECTION ( 'NONE',  ( -0.000000000000000000, -0.4999999999999913403, -0.8660254037844437036 ) ) ;
#1988 = ORIENTED_EDGE ( 'NONE', *, *, #870, .T. ) ;
#1989 = CARTESIAN_POINT ( 'NONE',  ( 0.000000000000000000, -7.500000000000227374, 6.350000000000363798 ) ) ;
#1990 = DIRECTION ( 'NONE',  ( 0.000000000000000000, 0.000000000000000000, 1.000000000000000000 ) ) ;
#1991 = DIRECTION ( 'NONE',  ( 0.000000000000000000, -1.000000000000000000, 0.000000000000000000 ) ) ;
#1992 = CARTESIAN_POINT ( 'NONE',  ( 4.999999999999547917, -44.48684021638337072, 1.500000000000000000 ) ) ;
#1993 = ORIENTED_EDGE ( 'NONE', *, *, #2521, .F. ) ;
#1994 = EDGE_LOOP ( 'NONE', ( #766, #1298, #2842, #3531 ) ) ;
#1995 = AXIS2_PLACEMENT_3D ( 'NONE', #2838, #2564, #3379 ) ;
#1996 = ORIENTED_EDGE ( 'NONE', *, *, #2000, .T. ) ;
#1997 = DIRECTION ( 'NONE',  ( 1.000000000000000000, -0.000000000000000000, 0.000000000000000000 ) ) ;
#1998 = CIRCLE ( 'NONE', #2924, 0.5000000000000005551 ) ;
#1999 = CIRCLE ( 'NONE', #662, 5.000000000000002665 ) ;
#2000 = EDGE_CURVE ( 'NONE', #1679, #3147, #376, .T. ) ;
#2001 = VERTEX_POINT ( 'NONE', #1989 ) ;
#2002 = CARTESIAN_POINT ( 'NONE',  ( 4.000000000000000000, -6.821800069278793899E-13, 5.999999999999998224 ) ) ;
#2003 = FACE_OUTER_BOUND ( 'NONE', #2225, .T. ) ;
#2004 = FACE_OUTER_BOUND ( 'NONE', #2111, .T. ) ;
#2005 = CARTESIAN_POINT ( 'NONE',  ( 0.000000000000000000, -21.86494816465562252, 2.000000000000000000 ) ) ;
#2006 = EDGE_CURVE ( 'NONE', #417, #1010, #1153, .T. ) ;
#2007 = APPLICATION_CONTEXT ( 'configuration controlled 3d designs of mechanical parts and assemblies' ) ;
#2008 = FACE_OUTER_BOUND ( 'NONE', #3475, .T. ) ;
#2009 =( GEOMETRIC_REPRESENTATION_CONTEXT ( 3 ) GLOBAL_UNCERTAINTY_ASSIGNED_CONTEXT ( ( #70 ) ) GLOBAL_UNIT_ASSIGNED_CONTEXT ( ( #1518, #1785, #2952 ) ) REPRESENTATION_CONTEXT ( 'NONE', 'WORKASPACE' ) );
#2010 = CARTESIAN_POINT ( 'NONE',  ( 3.173492497693925607, -49.14517619757954492, -1.520611316087045806 ) ) ;
#2011 = ORIENTED_EDGE ( 'NONE', *, *, #2835, .T. ) ;
#2012 = CARTESIAN_POINT ( 'NONE',  ( -13.64814814814920041, -40.89462946920713193, 2.000000000000000000 ) ) ;
#2013 = CARTESIAN_POINT ( 'NONE',  ( 40.00000000000000000, -52.48684021638359809, -3.000000000000001332 ) ) ;
#2014 = VECTOR ( 'NONE', #3354, 1000.000000000000000 ) ;
#2015 = ORIENTED_EDGE ( 'NONE', *, *, #1402, .T. ) ;
#2016 = ORIENTED_EDGE ( 'NONE', *, *, #655, .T. ) ;
#2017 = AXIS2_PLACEMENT_3D ( 'NONE', #1245, #3136, #3194 ) ;
#2018 = ORIENTED_EDGE ( 'NONE', *, *, #3471, .F. ) ;
#2019 = ADVANCED_FACE ( 'NONE', ( #3066 ), #330, .F. ) ;
#2020 = EDGE_CURVE ( 'NONE', #1567, #2508, #1173, .T. ) ;
#2021 = DIRECTION ( 'NONE',  ( 0.000000000000000000, 0.000000000000000000, 1.000000000000000000 ) ) ;
#2022 = ORIENTED_EDGE ( 'NONE', *, *, #535, .T. ) ;
#2023 = DIRECTION ( 'NONE',  ( 1.000000000000000000, -0.000000000000000000, 0.000000000000000000 ) ) ;
#2024 = DIRECTION ( 'NONE',  ( 0.000000000000000000, 0.000000000000000000, 1.000000000000000000 ) ) ;
#2025 = CARTESIAN_POINT ( 'NONE',  ( 4.000000000000000000, -7.500000000000227374, -8.000000000000000000 ) ) ;
#2026 = LINE ( 'NONE', #67, #513 ) ;
#2027 = DIRECTION ( 'NONE',  ( 0.000000000000000000, 0.000000000000000000, 1.000000000000000000 ) ) ;
#2028 = CARTESIAN_POINT ( 'NONE',  ( 2.820550528229669673, -48.98684021638359809, -1.500000000000000000 ) ) ;
#2029 = AXIS2_PLACEMENT_3D ( 'NONE', #951, #3478, #3204 ) ;
#2030 = ORIENTED_EDGE ( 'NONE', *, *, #2521, .T. ) ;
#2031 = DIRECTION ( 'NONE',  ( 0.000000000000000000, 0.000000000000000000, -1.000000000000000000 ) ) ;
#2032 = DIRECTION ( 'NONE',  ( 0.000000000000000000, 0.000000000000000000, 1.000000000000000000 ) ) ;
#2033 = VECTOR ( 'NONE', #3324, 1000.000000000000000 ) ;
#2034 = ORIENTED_EDGE ( 'NONE', *, *, #638, .F. ) ;
#2035 = VERTEX_POINT ( 'NONE', #1674 ) ;
#2036 = VECTOR ( 'NONE', #909, 1000.000000000000000 ) ;
#2037 = CARTESIAN_POINT ( 'NONE',  ( 0.000000000000000000, 0.000000000000000000, 0.000000000000000000 ) ) ;
#2038 = AXIS2_PLACEMENT_3D ( 'NONE', #653, #1760, #670 ) ;
#2039 = VERTEX_POINT ( 'NONE', #906 ) ;
#2040 = CARTESIAN_POINT ( 'NONE',  ( 4.500000000000000000, 0.000000000000000000, 8.499999999999998224 ) ) ;
#2041 = DIRECTION ( 'NONE',  ( 0.000000000000000000, 1.000000000000000000, 0.000000000000000000 ) ) ;
#2042 = PLANE ( 'NONE',  #486 ) ;
#2043 = CARTESIAN_POINT ( 'NONE',  ( 9.860761315262647568E-29, -25.87756607473217940, 1.519897793857814872 ) ) ;
#2044 = EDGE_CURVE ( 'NONE', #1370, #1352, #1948, .T. ) ;
#2045 = CARTESIAN_POINT ( 'NONE',  ( 40.00000000000000000, -49.98684021638359809, 3.000000000000001332 ) ) ;
#2046 = LINE ( 'NONE', #959, #3361 ) ;
#2047 = CARTESIAN_POINT ( 'NONE',  ( 40.00000000000000000, -49.98684021638359809, -19.50000000000006750 ) ) ;
#2048 = VERTEX_POINT ( 'NONE', #3375 ) ;
#2049 = LINE ( 'NONE', #3084, #1859 ) ;
#2050 = DIRECTION ( 'NONE',  ( 0.000000000000000000, 0.000000000000000000, -1.000000000000000000 ) ) ;
#2051 = ORIENTED_EDGE ( 'NONE', *, *, #3369, .T. ) ;
#2052 = ORIENTED_EDGE ( 'NONE', *, *, #3122, .T. ) ;
#2053 = DIRECTION ( 'NONE',  ( 0.000000000000000000, 0.000000000000000000, 1.000000000000000000 ) ) ;
#2054 = ORIENTED_EDGE ( 'NONE', *, *, #2560, .T. ) ;
#2055 = ORIENTED_EDGE ( 'NONE', *, *, #2319, .F. ) ;
#2056 = AXIS2_PLACEMENT_3D ( 'NONE', #1177, #1440, #597 ) ;
#2057 = FACE_OUTER_BOUND ( 'NONE', #1762, .T. ) ;
#2058 = CARTESIAN_POINT ( 'NONE',  ( 8.476199467703736445, -49.98684021638359809, 12.49999999999999645 ) ) ;
#2059 = DIRECTION ( 'NONE',  ( 0.000000000000000000, 0.000000000000000000, -1.000000000000000000 ) ) ;
#2060 = EDGE_CURVE ( 'NONE', #2075, #1567, #2816, .T. ) ;
#2061 = DIRECTION ( 'NONE',  ( 1.000000000000000000, 0.000000000000000000, 0.000000000000000000 ) ) ;
#2062 = DIRECTION ( 'NONE',  ( 0.000000000000000000, 1.000000000000000000, -0.000000000000000000 ) ) ;
#2063 = CARTESIAN_POINT ( 'NONE',  ( -3.000000000000000000, 0.000000000000000000, 0.000000000000000000 ) ) ;
#2064 = EDGE_CURVE ( 'NONE', #1372, #2136, #2584, .T. ) ;
#2065 = CIRCLE ( 'NONE', #3389, 3.149999999999636646 ) ;
#2066 = CARTESIAN_POINT ( 'NONE',  ( -6.500000000000328626, -44.48684021638313624, 12.00000000000000000 ) ) ;
#2067 = ORIENTED_EDGE ( 'NONE', *, *, #2445, .F. ) ;
#2068 = DIRECTION ( 'NONE',  ( 1.000000000000000000, 0.000000000000000000, 0.000000000000000000 ) ) ;
#2069 = ADVANCED_FACE ( 'NONE', ( #2008 ), #635, .F. ) ;
#2070 = ORIENTED_EDGE ( 'NONE', *, *, #2550, .F. ) ;
#2071 = ORIENTED_EDGE ( 'NONE', *, *, #2477, .T. ) ;
#2072 = LINE ( 'NONE', #1791, #1441 ) ;
#2073 = ORIENTED_EDGE ( 'NONE', *, *, #3384, .T. ) ;
#2074 = AXIS2_PLACEMENT_3D ( 'NONE', #1781, #1581, #1828 ) ;
#2075 = VERTEX_POINT ( 'NONE', #3097 ) ;
#2076 = DIRECTION ( 'NONE',  ( -1.000000000000000000, -5.457440055423041430E-14, 0.000000000000000000 ) ) ;
#2077 = CARTESIAN_POINT ( 'NONE',  ( -6.500000000000332179, -49.48684021638359809, -12.00000000000000000 ) ) ;
#2078 = LINE ( 'NONE', #3461, #2954 ) ;
#2079 = VECTOR ( 'NONE', #1634, 1000.000000000000000 ) ;
#2080 = DIRECTION ( 'NONE',  ( 0.000000000000000000, -0.000000000000000000, -1.000000000000000000 ) ) ;
#2081 = VECTOR ( 'NONE', #1322, 1000.000000000000000 ) ;
#2082 = CYLINDRICAL_SURFACE ( 'NONE', #1075, 12.50000000000000000 ) ;
#2083 = CARTESIAN_POINT ( 'NONE',  ( 40.00000000000000000, -51.98684021638314334, 0.000000000000000000 ) ) ;
#2084 = CARTESIAN_POINT ( 'NONE',  ( 2.400000000000000355, -4.035898384862599997, 5.999999999999998224 ) ) ;
#2085 = DIRECTION ( 'NONE',  ( -0.000000000000000000, 0.000000000000000000, -1.000000000000000000 ) ) ;
#2086 = LINE ( 'NONE', #2914, #3528 ) ;
#2087 = EDGE_CURVE ( 'NONE', #1062, #2986, #105, .T. ) ;
#2088 = AXIS2_PLACEMENT_3D ( 'NONE', #3428, #1209, #1487 ) ;
#2089 = ORIENTED_EDGE ( 'NONE', *, *, #892, .F. ) ;
#2090 = ADVANCED_FACE ( 'NONE', ( #1744 ), #2654, .T. ) ;
#2091 = AXIS2_PLACEMENT_3D ( 'NONE', #3037, #809, #2788 ) ;
#2092 = CARTESIAN_POINT ( 'NONE',  ( -3.000000000000000000, -6.821800069278793899E-13, -12.00000000000000000 ) ) ;
#2093 = ORIENTED_EDGE ( 'NONE', *, *, #2542, .F. ) ;
#2094 = LINE ( 'NONE', #2591, #1609 ) ;
#2095 = DIRECTION ( 'NONE',  ( 0.000000000000000000, 1.000000000000000000, 0.000000000000000000 ) ) ;
#2096 = CIRCLE ( 'NONE', #68, 0.5000000000000002220 ) ;
#2097 = DIRECTION ( 'NONE',  ( 0.000000000000000000, 0.000000000000000000, 1.000000000000000000 ) ) ;
#2098 = CYLINDRICAL_SURFACE ( 'NONE', #403, 0.5000000000000000000 ) ;
#2099 = ADVANCED_FACE ( 'NONE', ( #1117 ), #1969, .T. ) ;
#2100 = EDGE_CURVE ( 'NONE', #760, #2986, #501, .T. ) ;
#2101 = AXIS2_PLACEMENT_3D ( 'NONE', #1246, #2181, #3500 ) ;
#2102 = DIRECTION ( 'NONE',  ( 1.000000000000000000, -0.000000000000000000, 0.000000000000000000 ) ) ;
#2103 = CARTESIAN_POINT ( 'NONE',  ( 1.899999999999999911, -16.50000000000022737, 6.350000000000363798 ) ) ;
#2104 = LINE ( 'NONE', #731, #2997 ) ;
#2105 = ORIENTED_EDGE ( 'NONE', *, *, #431, .F. ) ;
#2106 = PERSON_AND_ORGANIZATION ( #645, #541 ) ;
#2107 = CARTESIAN_POINT ( 'NONE',  ( 4.000000000000000000, -7.500000000000229150, -5.500000000000000000 ) ) ;
#2108 = DIRECTION ( 'NONE',  ( 0.000000000000000000, 0.000000000000000000, 1.000000000000000000 ) ) ;
#2109 = VERTEX_POINT ( 'NONE', #2781 ) ;
#2110 = DIRECTION ( 'NONE',  ( 0.000000000000000000, 0.000000000000000000, 1.000000000000000000 ) ) ;
#2111 = EDGE_LOOP ( 'NONE', ( #1424, #2350, #2478, #2786 ) ) ;
#2112 = ORIENTED_EDGE ( 'NONE', *, *, #2505, .T. ) ;
#2113 = CARTESIAN_POINT ( 'NONE',  ( -0.5000000000000004441, -6.821800069278793899E-13, 12.50000000000000000 ) ) ;
#2114 = DIRECTION ( 'NONE',  ( -0.000000000000000000, -1.000000000000000000, 0.000000000000000000 ) ) ;
#2115 = ADVANCED_FACE ( 'NONE', ( #582 ), #301, .T. ) ;
#2116 = DIRECTION ( 'NONE',  ( 0.000000000000000000, 1.000000000000000000, -0.000000000000000000 ) ) ;
#2117 = AXIS2_PLACEMENT_3D ( 'NONE', #932, #2261, #2050 ) ;
#2118 = CARTESIAN_POINT ( 'NONE',  ( -9.446428571428210574, -40.44721663571695558, 2.000000000000000000 ) ) ;
#2119 = FACE_OUTER_BOUND ( 'NONE', #1855, .T. ) ;
#2120 = CARTESIAN_POINT ( 'NONE',  ( 4.500000000000000000, -2.272487753529617294E-13, -2.350000000000363798 ) ) ;
#2121 = AXIS2_PLACEMENT_3D ( 'NONE', #1710, #358, #1460 ) ;
#2122 = ORIENTED_EDGE ( 'NONE', *, *, #813, .T. ) ;
#2123 = LINE ( 'NONE', #1515, #2700 ) ;
#2124 = CARTESIAN_POINT ( 'NONE',  ( 40.00000000000000000, -52.48684021638314334, 19.50000000000006750 ) ) ;
#2125 = ORIENTED_EDGE ( 'NONE', *, *, #1461, .T. ) ;
#2126 = APPROVAL_PERSON_ORGANIZATION ( #1307, #2245, #673 ) ;
#2127 = VERTEX_POINT ( 'NONE', #3082 ) ;
#2128 = ORIENTED_EDGE ( 'NONE', *, *, #3239, .F. ) ;
#2129 = EDGE_CURVE ( 'NONE', #3329, #3385, #594, .T. ) ;
#2130 = CARTESIAN_POINT ( 'NONE',  ( 8.476199467703624535, -49.48684021638359809, 62.49999999999999289 ) ) ;
#2131 = CIRCLE ( 'NONE', #2581, 0.4999999999999998335 ) ;
#2132 = DIRECTION ( 'NONE',  ( 0.000000000000000000, 0.000000000000000000, 1.000000000000000000 ) ) ;
#2133 = DIRECTION ( 'NONE',  ( 1.000000000000000000, 0.000000000000000000, -0.000000000000000000 ) ) ;
#2134 = CIRCLE ( 'NONE', #1077, 3.000000000000024869 ) ;
#2135 = FACE_OUTER_BOUND ( 'NONE', #439, .T. ) ;
#2136 = VERTEX_POINT ( 'NONE', #2045 ) ;
#2137 = VECTOR ( 'NONE', #765, 1000.000000000000000 ) ;
#2138 = VECTOR ( 'NONE', #2651, 1000.000000000000000 ) ;
#2139 = SHAPE_DEFINITION_REPRESENTATION ( #1202, #2726 ) ;
#2140 = PLANE ( 'NONE',  #498 ) ;
#2141 = CARTESIAN_POINT ( 'NONE',  ( 0.000000000000000000, -21.86494816465562252, -2.000000000000000000 ) ) ;
#2142 = AXIS2_PLACEMENT_3D ( 'NONE', #2519, #46, #2289 ) ;
#2143 = EDGE_CURVE ( 'NONE', #987, #3276, #2134, .T. ) ;
#2144 = TOROIDAL_SURFACE ( 'NONE', #1034, 23.50000000000080647, 0.5000000000000000000 ) ;
#2145 = AXIS2_PLACEMENT_3D ( 'NONE', #2978, #543, #2204 ) ;
#2146 = ORIENTED_EDGE ( 'NONE', *, *, #1248, .F. ) ;
#2147 = ORIENTED_EDGE ( 'NONE', *, *, #2193, .T. ) ;
#2148 = CIRCLE ( 'NONE', #2832, 50.49999999999999289 ) ;
#2149 = CARTESIAN_POINT ( 'NONE',  ( 4.500000000000000000, -5.500000000000227374, -5.500000000000000888 ) ) ;
#2150 = AXIS2_PLACEMENT_3D ( 'NONE', #3350, #859, #1700 ) ;
#2151 = PRODUCT ( '挂钩支架', '挂钩支架', '', ( #2643 ) ) ;
#2152 = AXIS2_PLACEMENT_3D ( 'NONE', #2083, #3153, #178 ) ;
#2153 = DIRECTION ( 'NONE',  ( 1.000000000000000000, -0.000000000000000000, -0.000000000000000000 ) ) ;
#2154 = LINE ( 'NONE', #2413, #3420 ) ;
#2155 = DIRECTION ( 'NONE',  ( 0.000000000000000000, 0.000000000000000000, -1.000000000000000000 ) ) ;
#2156 = ORIENTED_EDGE ( 'NONE', *, *, #1863, .T. ) ;
#2157 = AXIS2_PLACEMENT_3D ( 'NONE', #2343, #1511, #2889 ) ;
#2158 = DIRECTION ( 'NONE',  ( 0.000000000000000000, 0.000000000000000000, 1.000000000000000000 ) ) ;
#2159 = DIRECTION ( 'NONE',  ( -1.000000000000000000, 0.000000000000000000, 0.000000000000000000 ) ) ;
#2160 = CARTESIAN_POINT ( 'NONE',  ( 40.00000000000000000, -51.98684021638314334, -19.50000000000006750 ) ) ;
#2161 = CARTESIAN_POINT ( 'NONE',  ( -6.500000000000328626, -49.98684021638359809, 12.50000000000000000 ) ) ;
#2162 = ADVANCED_FACE ( 'NONE', ( #1270 ), #1657, .T. ) ;
#2163 = ORIENTED_EDGE ( 'NONE', *, *, #2868, .F. ) ;
#2164 = EDGE_LOOP ( 'NONE', ( #3286, #890, #2859, #1793 ) ) ;
#2165 = ORIENTED_EDGE ( 'NONE', *, *, #3087, .F. ) ;
#2166 = CYLINDRICAL_SURFACE ( 'NONE', #3525, 0.5000000000000004441 ) ;
#2167 = FACE_OUTER_BOUND ( 'NONE', #3495, .T. ) ;
#2168 = FACE_OUTER_BOUND ( 'NONE', #997, .T. ) ;
#2169 = CARTESIAN_POINT ( 'NONE',  ( 4.000000000000000000, -6.821800069278793899E-13, 6.499999999999999112 ) ) ;
#2170 = ORIENTED_EDGE ( 'NONE', *, *, #3275, .F. ) ;
#2171 = DIRECTION ( 'NONE',  ( 0.5892857142857570452, -0.8079247161330843641, 0.000000000000000000 ) ) ;
#2172 = CYLINDRICAL_SURFACE ( 'NONE', #1257, 0.5000000000000004441 ) ;
#2173 = EDGE_CURVE ( 'NONE', #2136, #1372, #3044, .T. ) ;
#2174 = CARTESIAN_POINT ( 'NONE',  ( 2.400000000000000355, -4.901923788646854518, 6.999999999999999112 ) ) ;
#2175 = ADVANCED_FACE ( 'NONE', ( #2909 ), #2363, .T. ) ;
#2176 = VERTEX_POINT ( 'NONE', #2118 ) ;
#2177 = ORIENTED_EDGE ( 'NONE', *, *, #2477, .F. ) ;
#2178 = EDGE_LOOP ( 'NONE', ( #646, #324, #2198, #2337, #2648, #3542, #2843, #1337 ) ) ;
#2179 = CARTESIAN_POINT ( 'NONE',  ( 40.00000000000000000, -52.48684021638359809, 0.000000000000000000 ) ) ;
#2180 = DIRECTION ( 'NONE',  ( 0.000000000000000000, 0.000000000000000000, -1.000000000000000000 ) ) ;
#2181 = DIRECTION ( 'NONE',  ( 1.000000000000000000, 0.000000000000000000, 0.000000000000000000 ) ) ;
#2182 = EDGE_CURVE ( 'NONE', #2601, #2266, #1486, .T. ) ;
#2183 = LINE ( 'NONE', #3285, #2137 ) ;
#2184 = EDGE_LOOP ( 'NONE', ( #1688, #1407, #3357, #599 ) ) ;
#2185 = VECTOR ( 'NONE', #2757, 1000.000000000000000 ) ;
#2186 = DIRECTION ( 'NONE',  ( 0.000000000000000000, 0.000000000000000000, 1.000000000000000000 ) ) ;
#2187 = CARTESIAN_POINT ( 'NONE',  ( 1.899999999999999911, -5.500000000000227374, -5.500000000000000888 ) ) ;
#2188 = AXIS2_PLACEMENT_3D ( 'NONE', #365, #1505, #97 ) ;
#2189 = LINE ( 'NONE', #2732, #1798 ) ;
#2190 = EDGE_CURVE ( 'NONE', #1556, #3276, #1002, .T. ) ;
#2191 = EDGE_CURVE ( 'NONE', #1630, #2881, #1187, .T. ) ;
#2192 = AXIS2_PLACEMENT_3D ( 'NONE', #2187, #1059, #3538 ) ;
#2193 = EDGE_CURVE ( 'NONE', #1556, #252, #1716, .T. ) ;
#2194 = ORIENTED_EDGE ( 'NONE', *, *, #725, .F. ) ;
#2195 = VERTEX_POINT ( 'NONE', #140 ) ;
#2196 = CIRCLE ( 'NONE', #1615, 0.4999999999999997224 ) ;
#2197 = VECTOR ( 'NONE', #636, 1000.000000000000000 ) ;
#2198 = ORIENTED_EDGE ( 'NONE', *, *, #53, .T. ) ;
#2199 = ADVANCED_FACE ( 'NONE', ( #926 ), #2616, .T. ) ;
#2200 = CARTESIAN_POINT ( 'NONE',  ( 40.00000000000000000, -52.48684021638314334, -19.50000000000006750 ) ) ;
#2201 = AXIS2_PLACEMENT_3D ( 'NONE', #745, #3211, #1015 ) ;
#2202 = FACE_OUTER_BOUND ( 'NONE', #3368, .T. ) ;
#2203 = DIRECTION ( 'NONE',  ( -0.000000000000000000, -0.000000000000000000, -1.000000000000000000 ) ) ;
#2204 = DIRECTION ( 'NONE',  ( 0.000000000000000000, 0.000000000000000000, -1.000000000000000000 ) ) ;
#2205 = AXIS2_PLACEMENT_3D ( 'NONE', #1656, #1107, #2712 ) ;
#2206 = ORIENTED_EDGE ( 'NONE', *, *, #724, .F. ) ;
#2207 = CARTESIAN_POINT ( 'NONE',  ( 4.999999999999547917, -44.48684021638337072, -1.500000000000000000 ) ) ;
#2208 = FACE_OUTER_BOUND ( 'NONE', #237, .T. ) ;
#2209 = VECTOR ( 'NONE', #1293, 1000.000000000000000 ) ;
#2210 = FACE_OUTER_BOUND ( 'NONE', #1477, .T. ) ;
#2211 = EDGE_LOOP ( 'NONE', ( #814, #1482, #1872, #191 ) ) ;
#2212 = ORIENTED_EDGE ( 'NONE', *, *, #3512, .T. ) ;
#2213 = EDGE_CURVE ( 'NONE', #3435, #1544, #1211, .T. ) ;
#2214 = ORIENTED_EDGE ( 'NONE', *, *, #858, .T. ) ;
#2215 = DIRECTION ( 'NONE',  ( -1.000000000000000000, -0.000000000000000000, -0.000000000000000000 ) ) ;
#2216 = EDGE_LOOP ( 'NONE', ( #1388, #76, #1993, #1112 ) ) ;
#2217 = DIRECTION ( 'NONE',  ( -1.000000000000000000, -0.000000000000000000, -0.000000000000000000 ) ) ;
#2218 = CARTESIAN_POINT ( 'NONE',  ( 1.899999999999999911, -16.50000000000022737, 0.000000000000000000 ) ) ;
#2219 = DIRECTION ( 'NONE',  ( 5.822006793068928358E-12, 0.000000000000000000, 1.000000000000000000 ) ) ;
#2220 = VERTEX_POINT ( 'NONE', #3429 ) ;
#2221 = EDGE_CURVE ( 'NONE', #3405, #847, #2937, .T. ) ;
#2222 = CARTESIAN_POINT ( 'NONE',  ( 0.000000000000000000, -5.500000000000227374, -5.500000000000000888 ) ) ;
#2223 = DIRECTION ( 'NONE',  ( 0.000000000000000000, -1.000000000000000000, 0.000000000000000000 ) ) ;
#2224 = PLANE ( 'NONE',  #2900 ) ;
#2225 = EDGE_LOOP ( 'NONE', ( #1137, #3207, #1353, #90 ) ) ;
#2226 = VERTEX_POINT ( 'NONE', #177 ) ;
#2227 = ORIENTED_EDGE ( 'NONE', *, *, #1811, .T. ) ;
#2228 = DIRECTION ( 'NONE',  ( 0.000000000000000000, 1.000000000000000000, -0.000000000000000000 ) ) ;
#2229 = ORIENTED_EDGE ( 'NONE', *, *, #2433, .F. ) ;
#2230 = EDGE_CURVE ( 'NONE', #1567, #3417, #2239, .T. ) ;
#2231 = DIRECTION ( 'NONE',  ( 1.000000000000000000, 3.469446951953610639E-15, -0.000000000000000000 ) ) ;
#2232 = CARTESIAN_POINT ( 'NONE',  ( 40.00000000000000000, -49.48684021638359809, 0.000000000000000000 ) ) ;
#2233 = FACE_OUTER_BOUND ( 'NONE', #3014, .T. ) ;
#2234 = ORIENTED_EDGE ( 'NONE', *, *, #1903, .T. ) ;
#2235 = CARTESIAN_POINT ( 'NONE',  ( 4.500000000000000000, -14.50000000000022560, -6.350000000000363798 ) ) ;
#2236 = DIRECTION ( 'NONE',  ( 1.000000000000000000, 0.000000000000000000, 0.000000000000000000 ) ) ;
#2237 = VECTOR ( 'NONE', #2533, 1000.000000000000000 ) ;
#2238 = DIRECTION ( 'NONE',  ( 0.000000000000000000, 0.8660254037844432595, 0.4999999999999920619 ) ) ;
#2239 = CIRCLE ( 'NONE', #1897, 0.5000000000000004441 ) ;
#2240 = ADVANCED_FACE ( 'NONE', ( #3152 ), #840, .T. ) ;
#2241 = AXIS2_PLACEMENT_3D ( 'NONE', #2484, #1342, #1636 ) ;
#2242 = ORIENTED_EDGE ( 'NONE', *, *, #1331, .T. ) ;
#2243 = VECTOR ( 'NONE', #556, 1000.000000000000000 ) ;
#2244 = VERTEX_POINT ( 'NONE', #3464 ) ;
#2245 = APPROVAL ( #2948, '未指定' ) ;
#2246 = ORIENTED_EDGE ( 'NONE', *, *, #1909, .T. ) ;
#2247 = AXIS2_PLACEMENT_3D ( 'NONE', #888, #108, #392 ) ;
#2248 = DIRECTION ( 'NONE',  ( 0.000000000000000000, 0.000000000000000000, 1.000000000000000000 ) ) ;
#2249 = CIRCLE ( 'NONE', #2762, 8.499999999999850786 ) ;
#2250 = ORIENTED_EDGE ( 'NONE', *, *, #1350, .T. ) ;
#2251 = DIRECTION ( 'NONE',  ( 0.000000000000000000, 0.000000000000000000, 1.000000000000000000 ) ) ;
#2252 = LINE ( 'NONE', #628, #386 ) ;
#2253 = CARTESIAN_POINT ( 'NONE',  ( -0.5000000000000004441, -21.86494816465562252, 12.00000000000000000 ) ) ;
#2254 = TOROIDAL_SURFACE ( 'NONE', #1965, 19.50000000000006750, 0.5000000000000000000 ) ;
#2255 = ORIENTED_EDGE ( 'NONE', *, *, #88, .T. ) ;
#2256 = CIRCLE ( 'NONE', #803, 100.0000000000154046 ) ;
#2257 = CARTESIAN_POINT ( 'NONE',  ( 3.173490881621036763, -49.14517552894718477, 1.520611135467006658 ) ) ;
#2258 = CARTESIAN_POINT ( 'NONE',  ( 4.264521593060681681, -49.43588898415324451, -1.772287466340018547 ) ) ;
#2259 = VECTOR ( 'NONE', #3144, 1000.000000000000000 ) ;
#2260 = CARTESIAN_POINT ( 'NONE',  ( -23.00000000000080291, -21.86494816465562252, -2.000000000000000000 ) ) ;
#2261 = DIRECTION ( 'NONE',  ( 1.000000000000000000, 0.000000000000000000, 1.224646799147352961E-16 ) ) ;
#2262 = AXIS2_PLACEMENT_3D ( 'NONE', #1024, #756, #434 ) ;
#2263 = AXIS2_PLACEMENT_3D ( 'NONE', #1375, #1589, #2703 ) ;
#2264 = EDGE_LOOP ( 'NONE', ( #2125, #2011, #1495, #2562, #345, #521, #2128, #3123, #132, #2801, #3439, #359, #2671, #2317, #1051, #3496, #1411, #2685, #2246, #1692 ) ) ;
#2265 = ORIENTED_EDGE ( 'NONE', *, *, #618, .T. ) ;
#2266 = VERTEX_POINT ( 'NONE', #2342 ) ;
#2267 = ADVANCED_FACE ( 'NONE', ( #958 ), #2082, .T. ) ;
#2268 = CARTESIAN_POINT ( 'NONE',  ( 40.00000000000000000, -49.98684021638359809, 0.000000000000000000 ) ) ;
#2269 = ORIENTED_EDGE ( 'NONE', *, *, #291, .F. ) ;
#2270 = LINE ( 'NONE', #2513, #48 ) ;
#2271 = CARTESIAN_POINT ( 'NONE',  ( 4.500000000000000000, -7.500000000000227374, -8.000000000000000000 ) ) ;
#2272 = DIRECTION ( 'NONE',  ( -0.5892857142857369501, 0.8079247161330992411, 0.000000000000000000 ) ) ;
#2273 = DIRECTION ( 'NONE',  ( -1.000000000000000000, -0.000000000000000000, -0.000000000000000000 ) ) ;
#2274 = CARTESIAN_POINT ( 'NONE',  ( 2.996263670580575411, -49.07194197533463154, -1.500000000000000000 ) ) ;
#2275 = EDGE_CURVE ( 'NONE', #1076, #3313, #1608, .T. ) ;
#2276 = EDGE_CURVE ( 'NONE', #1611, #2356, #1841, .T. ) ;
#2277 = DIRECTION ( 'NONE',  ( 1.000000000000000000, 0.000000000000000000, 0.000000000000000000 ) ) ;
#2278 = CARTESIAN_POINT ( 'NONE',  ( 4.500000000000000000, -4.035898384862474764, -7.499999999999898748 ) ) ;
#2279 = EDGE_LOOP ( 'NONE', ( #1814, #792, #1126, #791 ) ) ;
#2280 = ORIENTED_EDGE ( 'NONE', *, *, #2221, .T. ) ;
#2281 = VERTEX_POINT ( 'NONE', #1910 ) ;
#2282 = DIRECTION ( 'NONE',  ( 0.000000000000000000, 0.000000000000000000, -1.000000000000000000 ) ) ;
#2283 = ORIENTED_EDGE ( 'NONE', *, *, #1821, .T. ) ;
#2284 = DIRECTION ( 'NONE',  ( 0.000000000000000000, 0.000000000000000000, 1.000000000000000000 ) ) ;
#2285 = CARTESIAN_POINT ( 'NONE',  ( -6.500000000000328626, -44.48684021638313624, -2.000000000000000000 ) ) ;
#2286 = CARTESIAN_POINT ( 'NONE',  ( -2.500000000000000000, 12.50000000000000000, -12.00000000000000000 ) ) ;
#2287 = ADVANCED_FACE ( 'NONE', ( #2202 ), #3010, .F. ) ;
#2288 = CARTESIAN_POINT ( 'NONE',  ( 4.999999999999999112, -49.48684021638359809, 2.000000000000000000 ) ) ;
#2289 = DIRECTION ( 'NONE',  ( 0.5892857142855665309, -0.8079247161332234750, 0.000000000000000000 ) ) ;
#2290 = ORIENTED_EDGE ( 'NONE', *, *, #2129, .T. ) ;
#2291 = CARTESIAN_POINT ( 'NONE',  ( 31.21836985173716883, -49.48684021638359809, 17.41071428572429269 ) ) ;
#2292 = FACE_OUTER_BOUND ( 'NONE', #3043, .T. ) ;
#2293 = AXIS2_PLACEMENT_3D ( 'NONE', #260, #2708, #2186 ) ;
#2294 = ORIENTED_EDGE ( 'NONE', *, *, #2608, .T. ) ;
#2295 = EDGE_LOOP ( 'NONE', ( #2714, #2093, #2856, #5 ) ) ;
#2296 = AXIS2_PLACEMENT_3D ( 'NONE', #2575, #2307, #69 ) ;
#2297 = EDGE_CURVE ( 'NONE', #1603, #2444, #271, .T. ) ;
#2298 = DIRECTION ( 'NONE',  ( -0.000000000000000000, -0.000000000000000000, -1.000000000000000000 ) ) ;
#2299 = AXIS2_PLACEMENT_3D ( 'NONE', #2040, #978, #137 ) ;
#2300 = VERTEX_POINT ( 'NONE', #1017 ) ;
#2301 = EDGE_CURVE ( 'NONE', #2496, #555, #529, .T. ) ;
#2302 = DIRECTION ( 'NONE',  ( -1.000000000000000000, 0.000000000000000000, 0.000000000000000000 ) ) ;
#2303 = CARTESIAN_POINT ( 'NONE',  ( 2.400000000000000355, -16.50000000000022737, 8.499999999999998224 ) ) ;
#2304 = CARTESIAN_POINT ( 'NONE',  ( 4.500000000000000000, 0.000000000000000000, 0.000000000000000000 ) ) ;
#2305 = B_SPLINE_CURVE_WITH_KNOTS ( 'NONE', 3,
 ( #3383, #80, #2585, #3129, #1736, #2846, #2858, #1981 ),
 .UNSPECIFIED., .F., .F.,
 ( 4, 2, 2, 4 ),
 ( 0.000000000000000000, 0.002505319542250675560, 0.005010639084501351120, 0.01002127816900270224 ),
 .UNSPECIFIED. ) ;
#2306 = CARTESIAN_POINT ( 'NONE',  ( -6.500000000000328626, -44.48684021638313624, -12.50000000000000000 ) ) ;
#2307 = DIRECTION ( 'NONE',  ( -0.000000000000000000, 0.000000000000000000, -1.000000000000000000 ) ) ;
#2308 = DIRECTION ( 'NONE',  ( 0.000000000000000000, 0.000000000000000000, 1.000000000000000000 ) ) ;
#2309 = AXIS2_PLACEMENT_3D ( 'NONE', #2306, #610, #3134 ) ;
#2310 = CIRCLE ( 'NONE', #746, 20.50000000000081002 ) ;
#2311 = AXIS2_PLACEMENT_3D ( 'NONE', #1614, #839, #1663 ) ;
#2312 = ORIENTED_EDGE ( 'NONE', *, *, #1678, .T. ) ;
#2313 = DIRECTION ( 'NONE',  ( 0.000000000000000000, 1.000000000000000000, -0.000000000000000000 ) ) ;
#2314 = LINE ( 'NONE', #2603, #1565 ) ;
#2315 = AXIS2_PLACEMENT_3D ( 'NONE', #2984, #3460, #3441 ) ;
#2316 = ORIENTED_EDGE ( 'NONE', *, *, #2143, .T. ) ;
#2317 = ORIENTED_EDGE ( 'NONE', *, *, #2461, .T. ) ;
#2318 = AXIS2_PLACEMENT_3D ( 'NONE', #2595, #3444, #141 ) ;
#2319 = EDGE_CURVE ( 'NONE', #1352, #309, #241, .T. ) ;
#2320 = ORIENTED_EDGE ( 'NONE', *, *, #601, .T. ) ;
#2321 = ADVANCED_FACE ( 'NONE', ( #1340 ), #3225, .T. ) ;
#2322 = LINE ( 'NONE', #2921, #2138 ) ;
#2323 = DIRECTION ( 'NONE',  ( 1.000000000000000000, 0.000000000000000000, 0.000000000000000000 ) ) ;
#2324 = CARTESIAN_POINT ( 'NONE',  ( -0.000000000000000000, -24.66867616081990278, 1.621897777345000957 ) ) ;
#2325 = CARTESIAN_POINT ( 'NONE',  ( 2.400000000000000355, -7.500000000000229150, 5.500000000000000000 ) ) ;
#2326 = CARTESIAN_POINT ( 'NONE',  ( -11.50892857142891224, -37.61948012925204665, 2.000000000000000000 ) ) ;
#2327 = CARTESIAN_POINT ( 'NONE',  ( -6.500000000000328626, -44.48684021638313624, 2.000000000000000000 ) ) ;
#2328 = EDGE_CURVE ( 'NONE', #1370, #106, #763, .T. ) ;
#2329 = FACE_BOUND ( 'NONE', #675, .T. ) ;
#2330 = ORIENTED_EDGE ( 'NONE', *, *, #304, .T. ) ;
#2331 = CARTESIAN_POINT ( 'NONE',  ( 4.500000000000000000, -16.50000000000022737, -8.500000000000001776 ) ) ;
#2332 = CARTESIAN_POINT ( 'NONE',  ( 4.000000000000000000, 0.000000000000000000, -6.500000000000000888 ) ) ;
#2333 = VERTEX_POINT ( 'NONE', #2961 ) ;
#2334 = ORIENTED_EDGE ( 'NONE', *, *, #1871, .F. ) ;
#2335 = DIRECTION ( 'NONE',  ( 1.000000000000000000, -0.000000000000000000, 0.000000000000000000 ) ) ;
#2336 = EDGE_LOOP ( 'NONE', ( #2067, #1637, #1110, #572 ) ) ;
#2337 = ORIENTED_EDGE ( 'NONE', *, *, #659, .T. ) ;
#2338 = CARTESIAN_POINT ( 'NONE',  ( 4.999999999999999112, -49.48684021638337072, -1.500000000000000000 ) ) ;
#2339 = CARTESIAN_POINT ( 'NONE',  ( -6.500000000000328626, -48.98684021638359809, -1.500000000000000000 ) ) ;
#2340 = CARTESIAN_POINT ( 'NONE',  ( -4.544975507059234587E-13, -26.68677354515435241, 1.500000000000000000 ) ) ;
#2341 = ADVANCED_FACE ( 'NONE', ( #2412 ), #2687, .F. ) ;
#2342 = CARTESIAN_POINT ( 'NONE',  ( 1.899999999999999911, 0.000000000000000000, -6.000000000000000000 ) ) ;
#2343 = CARTESIAN_POINT ( 'NONE',  ( 8.476199467703624535, -51.98684021638314334, 62.49999999999999289 ) ) ;
#2344 = CARTESIAN_POINT ( 'NONE',  ( 1.899999999999999911, -6.649999999999864464, 5.500000000000000000 ) ) ;
#2345 = PERSON_AND_ORGANIZATION_ROLE ( 'classification_officer' ) ;
#2346 = DIRECTION ( 'NONE',  ( 0.000000000000000000, 0.000000000000000000, -1.000000000000000000 ) ) ;
#2347 = CYLINDRICAL_SURFACE ( 'NONE', #3358, 49.99999999990110666 ) ;
#2348 = CARTESIAN_POINT ( 'NONE',  ( -9.741071428571085988, -40.04325427765041212, 12.00000000000000000 ) ) ;
#2349 = ORIENTED_EDGE ( 'NONE', *, *, #1655, .T. ) ;
#2350 = ORIENTED_EDGE ( 'NONE', *, *, #869, .F. ) ;
#2351 = EDGE_CURVE ( 'NONE', #1103, #760, #2397, .T. ) ;
#2352 = LINE ( 'NONE', #3455, #1968 ) ;
#2353 = ADVANCED_FACE ( 'NONE', ( #254 ), #2362, .T. ) ;
#2354 = ORIENTED_EDGE ( 'NONE', *, *, #40, .T. ) ;
#2355 = CIRCLE ( 'NONE', #3042, 0.5000000000000004441 ) ;
#2356 = VERTEX_POINT ( 'NONE', #2976 ) ;
#2357 = CARTESIAN_POINT ( 'NONE',  ( -6.500000000000328626, -49.98684021638359809, -12.00000000000000000 ) ) ;
#2358 = DIRECTION ( 'NONE',  ( 0.000000000000000000, 0.000000000000000000, 1.000000000000000000 ) ) ;
#2359 = CARTESIAN_POINT ( 'NONE',  ( -3.499999999999999556, -44.48684021638337072, -1.500000000000000000 ) ) ;
#2360 = AXIS2_PLACEMENT_3D ( 'NONE', #409, #1759, #2888 ) ;
#2361 = CARTESIAN_POINT ( 'NONE',  ( 4.000000000000000000, -16.50000000000022737, -8.000000000000001776 ) ) ;
#2362 = TOROIDAL_SURFACE ( 'NONE', #1660, 7.499999999999850786, 0.5000000000000000000 ) ;
#2363 = CYLINDRICAL_SURFACE ( 'NONE', #2704, 0.5000000000000004441 ) ;
#2364 = FACE_OUTER_BOUND ( 'NONE', #3421, .T. ) ;
#2365 = DIRECTION ( 'NONE',  ( 1.000000000000000000, 0.000000000000000000, 0.000000000000000000 ) ) ;
#2366 = ORIENTED_EDGE ( 'NONE', *, *, #2173, .F. ) ;
#2367 = FACE_OUTER_BOUND ( 'NONE', #2164, .T. ) ;
#2368 = TOROIDAL_SURFACE ( 'NONE', #2886, 22.50000000000080291, 0.5000000000000000000 ) ;
#2369 = DIRECTION ( 'NONE',  ( 1.000000000000000000, 0.000000000000000000, 0.000000000000000000 ) ) ;
#2370 = CIRCLE ( 'NONE', #1852, 1.149999999999636646 ) ;
#2371 = AXIS2_PLACEMENT_3D ( 'NONE', #3412, #1152, #1432 ) ;
#2372 = ORIENTED_EDGE ( 'NONE', *, *, #394, .F. ) ;
#2373 = ADVANCED_FACE ( 'NONE', ( #491 ), #740, .T. ) ;
#2374 = AXIS2_PLACEMENT_3D ( 'NONE', #2431, #490, #2410 ) ;
#2375 = CARTESIAN_POINT ( 'NONE',  ( -6.500000000000328626, -44.48684021638313624, 12.00000000000000000 ) ) ;
#2376 = EDGE_CURVE ( 'NONE', #2506, #2601, #3025, .T. ) ;
#2377 = AXIS2_PLACEMENT_3D ( 'NONE', #2442, #548, #2238 ) ;
#2378 = ORIENTED_EDGE ( 'NONE', *, *, #2542, .T. ) ;
#2379 = VERTEX_POINT ( 'NONE', #2434 ) ;
#2380 = CARTESIAN_POINT ( 'NONE',  ( -6.500000000000328626, -44.48684021638313624, -1.500000000000000000 ) ) ;
#2381 = TOROIDAL_SURFACE ( 'NONE', #187, 1.499999999999941824, 0.5000000000000000000 ) ;
#2382 = DIRECTION ( 'NONE',  ( -1.000000000000000000, -0.000000000000000000, -0.000000000000000000 ) ) ;
#2383 = PLANE ( 'NONE',  #2891 ) ;
#2384 = DIRECTION ( 'NONE',  ( 0.000000000000000000, 0.000000000000000000, -1.000000000000000000 ) ) ;
#2385 = DIRECTION ( 'NONE',  ( 0.000000000000000000, -1.000000000000000000, 0.000000000000000000 ) ) ;
#2386 = ORIENTED_EDGE ( 'NONE', *, *, #3446, .T. ) ;
#2387 = APPROVAL_DATE_TIME ( #2663, #1832 ) ;
#2388 = CARTESIAN_POINT ( 'NONE',  ( -3.000000000000000000, -21.86494816465574331, -12.50000000000000000 ) ) ;
#2389 = FACE_OUTER_BOUND ( 'NONE', #3366, .T. ) ;
#2390 = PERSON_AND_ORGANIZATION ( #645, #541 ) ;
#2391 = EDGE_CURVE ( 'NONE', #1684, #1603, #1646, .T. ) ;
#2392 = ADVANCED_FACE ( 'NONE', ( #2167 ), #3265, .F. ) ;
#2393 = ORIENTED_EDGE ( 'NONE', *, *, #2721, .T. ) ;
#2394 = ORIENTED_EDGE ( 'NONE', *, *, #3485, .T. ) ;
#2395 = ORIENTED_EDGE ( 'NONE', *, *, #3101, .F. ) ;
#2396 = LINE ( 'NONE', #690, #3059 ) ;
#2397 = LINE ( 'NONE', #3499, #3563 ) ;
#2398 = CARTESIAN_POINT ( 'NONE',  ( 4.000000000000000000, -7.500000000000227374, -8.500000000000000000 ) ) ;
#2399 = DIRECTION ( 'NONE',  ( 0.000000000000000000, 1.000000000000000000, 0.000000000000000000 ) ) ;
#2400 = ORIENTED_EDGE ( 'NONE', *, *, #1943, .T. ) ;
#2401 = ADVANCED_FACE ( 'NONE', ( #2990 ), #393, .T. ) ;
#2402 = DATE_TIME_ROLE ( 'creation_date' ) ;
#2403 = CARTESIAN_POINT ( 'NONE',  ( -3.416589094373739144, -5.148509423868585344, -1.500000000000000000 ) ) ;
#2404 = FACE_OUTER_BOUND ( 'NONE', #1886, .T. ) ;
#2405 = DIRECTION ( 'NONE',  ( 1.000000000000000000, 0.000000000000000000, 0.000000000000000000 ) ) ;
#2406 = SECURITY_CLASSIFICATION ( '', '', #1780 ) ;
#2407 = EDGE_LOOP ( 'NONE', ( #2979, #522, #806, #1783 ) ) ;
#2408 = ORIENTED_EDGE ( 'NONE', *, *, #40, .F. ) ;
#2409 = EDGE_CURVE ( 'NONE', #180, #3276, #2819, .T. ) ;
#2410 = DIRECTION ( 'NONE',  ( 0.000000000000000000, -6.938893903907228378E-15, 1.000000000000000000 ) ) ;
#2411 = AXIS2_PLACEMENT_3D ( 'NONE', #212, #768, #3016 ) ;
#2412 = FACE_OUTER_BOUND ( 'NONE', #2264, .T. ) ;
#2413 = CARTESIAN_POINT ( 'NONE',  ( -4.544975507059234587E-13, -44.48684021638337072, -1.500000000000000000 ) ) ;
#2414 = VECTOR ( 'NONE', #2132, 1000.000000000000000 ) ;
#2415 = CARTESIAN_POINT ( 'NONE',  ( -6.500000000000328626, -51.98684021638314334, 12.50000000000000000 ) ) ;
#2416 = EDGE_LOOP ( 'NONE', ( #269, #1458, #1686, #1591 ) ) ;
#2417 = AXIS2_PLACEMENT_3D ( 'NONE', #797, #531, #1151 ) ;
#2418 = CIRCLE ( 'NONE', #276, 19.50000000000006750 ) ;
#2419 = DIRECTION ( 'NONE',  ( -0.8079247161330845861, -0.5892857142857570452, 0.000000000000000000 ) ) ;
#2420 = DIRECTION ( 'NONE',  ( 1.000000000000000000, -0.000000000000000000, -0.000000000000000000 ) ) ;
#2421 = FACE_OUTER_BOUND ( 'NONE', #1699, .T. ) ;
#2422 = AXIS2_PLACEMENT_3D ( 'NONE', #2872, #338, #852 ) ;
#2423 = AXIS2_PLACEMENT_3D ( 'NONE', #2834, #583, #1191 ) ;
#2424 = DIRECTION ( 'NONE',  ( -1.000000000000000000, 0.000000000000000000, 0.000000000000000000 ) ) ;
#2425 = VECTOR ( 'NONE', #461, 1000.000000000000000 ) ;
#2426 = VECTOR ( 'NONE', #1892, 1000.000000000000000 ) ;
#2427 = ORIENTED_EDGE ( 'NONE', *, *, #188, .T. ) ;
#2428 = ORIENTED_EDGE ( 'NONE', *, *, #2044, .T. ) ;
#2429 = CIRCLE ( 'NONE', #853, 0.8500000000003652412 ) ;
#2430 = ORIENTED_EDGE ( 'NONE', *, *, #158, .F. ) ;
#2431 = CARTESIAN_POINT ( 'NONE',  ( -3.500000000000000000, -21.86494816465574331, 2.000000000000000000 ) ) ;
#2432 = AXIS2_PLACEMENT_3D ( 'NONE', #935, #2053, #895 ) ;
#2433 = EDGE_CURVE ( 'NONE', #1205, #569, #2418, .T. ) ;
#2434 = CARTESIAN_POINT ( 'NONE',  ( 31.21836985170955003, -49.48684021638359809, -17.41071428571035895 ) ) ;
#2435 = LINE ( 'NONE', #2688, #524 ) ;
#2436 = DIRECTION ( 'NONE',  ( 0.000000000000000000, -1.000000000000000000, 0.000000000000000000 ) ) ;
#2437 = EDGE_LOOP ( 'NONE', ( #2443, #2717, #1539, #111 ) ) ;
#2438 = AXIS2_PLACEMENT_3D ( 'NONE', #811, #1929, #3026 ) ;
#2439 = DIRECTION ( 'NONE',  ( 1.000000000000000000, 0.000000000000000000, -0.000000000000000000 ) ) ;
#2440 = EDGE_CURVE ( 'NONE', #2820, #3299, #2941, .T. ) ;
#2441 = CARTESIAN_POINT ( 'NONE',  ( -0.5000000000000000000, -21.86494816465562252, -12.00000000000000000 ) ) ;
#2442 = CARTESIAN_POINT ( 'NONE',  ( 4.000000000000000000, -5.334936490539098131, 6.749999999999990230 ) ) ;
#2443 = ORIENTED_EDGE ( 'NONE', *, *, #88, .F. ) ;
#2444 = VERTEX_POINT ( 'NONE', #2790 ) ;
#2445 = EDGE_CURVE ( 'NONE', #1463, #1697, #1558, .T. ) ;
#2446 = ORIENTED_EDGE ( 'NONE', *, *, #261, .T. ) ;
#2447 = CARTESIAN_POINT ( 'NONE',  ( 4.500000000000000000, -7.500000000000229150, 5.500000000000000000 ) ) ;
#2448 = DIRECTION ( 'NONE',  ( -1.000000000000000000, -0.000000000000000000, -0.000000000000000000 ) ) ;
#2449 = DIRECTION ( 'NONE',  ( 0.000000000000000000, -5.457440055423036381E-14, 1.000000000000000000 ) ) ;
#2450 = FACE_OUTER_BOUND ( 'NONE', #3452, .T. ) ;
#2451 = ORIENTED_EDGE ( 'NONE', *, *, #3210, .F. ) ;
#2452 = ADVANCED_FACE ( 'NONE', ( #297 ), #3341, .T. ) ;
#2453 = DIRECTION ( 'NONE',  ( 0.000000000000000000, 0.000000000000000000, -1.000000000000000000 ) ) ;
#2454 = CARTESIAN_POINT ( 'NONE',  ( 2.400000000000000355, -7.500000000000229150, -5.500000000000000000 ) ) ;
#2455 = EDGE_CURVE ( 'NONE', #1586, #2, #968, .T. ) ;
#2456 = DIRECTION ( 'NONE',  ( 0.8079247161330974647, 0.5892857142857391706, -0.000000000000000000 ) ) ;
#2457 = ORIENTED_EDGE ( 'NONE', *, *, #3260, .F. ) ;
#2458 = ORIENTED_EDGE ( 'NONE', *, *, #655, .F. ) ;
#2459 = ADVANCED_FACE ( 'NONE', ( #2552 ), #1426, .F. ) ;
#2460 = LOCAL_TIME ( 18, 25, 37.00000000000000000, #1021 ) ;
#2461 = EDGE_CURVE ( 'NONE', #1240, #180, #1702, .T. ) ;
#2462 = VERTEX_POINT ( 'NONE', #2499 ) ;
#2463 = LINE ( 'NONE', #778, #1569 ) ;
#2464 = DIRECTION ( 'NONE',  ( 0.000000000000000000, 5.506706202140776441E-14, 1.000000000000000000 ) ) ;
#2465 = LINE ( 'NONE', #480, #1094 ) ;
#2466 = DIRECTION ( 'NONE',  ( 0.000000000000000000, 0.000000000000000000, 1.000000000000000000 ) ) ;
#2467 = VECTOR ( 'NONE', #3432, 1000.000000000000000 ) ;
#2468 = EDGE_LOOP ( 'NONE', ( #2156, #35 ) ) ;
#2469 = CARTESIAN_POINT ( 'NONE',  ( -12.84133049860749942, -39.25246687435717519, -1.580267583708062418 ) ) ;
#2470 = CIRCLE ( 'NONE', #505, 0.5000000000000004441 ) ;
#2471 = LINE ( 'NONE', #657, #3009 ) ;
#2472 = AXIS2_PLACEMENT_3D ( 'NONE', #1745, #848, #3138 ) ;
#2473 = ORIENTED_EDGE ( 'NONE', *, *, #516, .F. ) ;
#2474 = ORIENTED_EDGE ( 'NONE', *, *, #1623, .F. ) ;
#2475 = EDGE_CURVE ( 'NONE', #537, #808, #2270, .T. ) ;
#2476 = CIRCLE ( 'NONE', #2088, 7.499999999999850786 ) ;
#2477 = EDGE_CURVE ( 'NONE', #1326, #1864, #2482, .T. ) ;
#2478 = ORIENTED_EDGE ( 'NONE', *, *, #993, .F. ) ;
#2479 = CARTESIAN_POINT ( 'NONE',  ( 40.00000000000000000, -49.98684021638359809, 0.000000000000000000 ) ) ;
#2480 = VECTOR ( 'NONE', #149, 1000.000000000000000 ) ;
#2481 = EDGE_LOOP ( 'NONE', ( #2972, #2427, #3481, #1504, #1500, #721, #1885, #1012, #1109, #3262, #3103, #468 ) ) ;
#2482 = LINE ( 'NONE', #900, #1129 ) ;
#2483 = CARTESIAN_POINT ( 'NONE',  ( 1.899999999999999911, -5.500000000000227374, -5.500000000000000888 ) ) ;
#2484 = CARTESIAN_POINT ( 'NONE',  ( -0.5000000000000004441, -44.48684021638313624, 12.00000000000000000 ) ) ;
#2485 = CIRCLE ( 'NONE', #185, 50.49999999999999289 ) ;
#2486 = ORIENTED_EDGE ( 'NONE', *, *, #651, .F. ) ;
#2487 = VECTOR ( 'NONE', #2313, 1000.000000000000000 ) ;
#2488 = FACE_OUTER_BOUND ( 'NONE', #3161, .T. ) ;
#2489 = DIRECTION ( 'NONE',  ( -1.000000000000000000, 0.000000000000000000, -0.000000000000000000 ) ) ;
#2490 = AXIS2_PLACEMENT_3D ( 'NONE', #492, #1356, #2449 ) ;
#2491 = CIRCLE ( 'NONE', #1275, 2.350000000000363798 ) ;
#2492 = CARTESIAN_POINT ( 'NONE',  ( -10.91964285714328042, -38.42740484538501988, 12.00000000000000000 ) ) ;
#2493 = ADVANCED_FACE ( 'NONE', ( #1113 ), #63, .F. ) ;
#2494 = ORIENTED_EDGE ( 'NONE', *, *, #2912, .F. ) ;
#2495 = VERTEX_POINT ( 'NONE', #843 ) ;
#2496 = VERTEX_POINT ( 'NONE', #2774 ) ;
#2497 = FACE_OUTER_BOUND ( 'NONE', #2547, .T. ) ;
#2498 = ORIENTED_EDGE ( 'NONE', *, *, #240, .F. ) ;
#2499 = CARTESIAN_POINT ( 'NONE',  ( 4.000000000000000000, -16.50000000000022737, -8.500000000000001776 ) ) ;
#2500 = CARTESIAN_POINT ( 'NONE',  ( 4.000000000000000000, -16.50000000000022737, 8.499999999999998224 ) ) ;
#2501 = CARTESIAN_POINT ( 'NONE',  ( 1.899999999999999911, 0.000000000000000000, 0.000000000000000000 ) ) ;
#2502 = ORIENTED_EDGE ( 'NONE', *, *, #2919, .F. ) ;
#2503 = CARTESIAN_POINT ( 'NONE',  ( 4.631104944852205030, -49.47662260909805809, 1.883333925167484546 ) ) ;
#2504 = CARTESIAN_POINT ( 'NONE',  ( 3.716095511472915280, -49.32282334175187088, -1.624404199004066740 ) ) ;
#2505 = EDGE_CURVE ( 'NONE', #220, #3160, #1168, .T. ) ;
#2506 = VERTEX_POINT ( 'NONE', #11 ) ;
#2507 = DIRECTION ( 'NONE',  ( 0.000000000000000000, 0.000000000000000000, 1.000000000000000000 ) ) ;
#2508 = VERTEX_POINT ( 'NONE', #3353 ) ;
#2509 = ORIENTED_EDGE ( 'NONE', *, *, #158, .T. ) ;
#2510 = ORIENTED_EDGE ( 'NONE', *, *, #3553, .T. ) ;
#2511 = DIRECTION ( 'NONE',  ( -1.000000000000000000, -0.000000000000000000, -0.000000000000000000 ) ) ;
#2512 = ORIENTED_EDGE ( 'NONE', *, *, #2173, .T. ) ;
#2513 = CARTESIAN_POINT ( 'NONE',  ( 4.500000000000000000, -8.432575659723033468, 4.350000000000363798 ) ) ;
#2514 = CARTESIAN_POINT ( 'NONE',  ( -2.500000000000000000, -21.86494816465574687, -12.50000000000000000 ) ) ;
#2515 = FACE_OUTER_BOUND ( 'NONE', #3380, .T. ) ;
#2516 = ORIENTED_EDGE ( 'NONE', *, *, #562, .T. ) ;
#2517 = B_SPLINE_CURVE_WITH_KNOTS ( 'NONE', 3,
 ( #2709, #1607, #1653, #1046, #3270, #817, #3524, #3256 ),
 .UNSPECIFIED., .F., .F.,
 ( 4, 2, 2, 4 ),
 ( 0.000000000000000000, 0.001213714038514727934, 0.002427428077029455868, 0.004854856154058911737 ),
 .UNSPECIFIED. ) ;
#2518 = CARTESIAN_POINT ( 'NONE',  ( 2.400000000000000355, -4.035898384862474764, -7.499999999999898748 ) ) ;
#2519 = CARTESIAN_POINT ( 'NONE',  ( -9.151785714285427531, -40.85117899378356299, 2.000000000000000000 ) ) ;
#2520 = CIRCLE ( 'NONE', #2649, 23.50000000000080647 ) ;
#2521 = EDGE_CURVE ( 'NONE', #3187, #1578, #334, .T. ) ;
#2522 = EDGE_LOOP ( 'NONE', ( #1235, #3148, #150, #2177 ) ) ;
#2523 = LINE ( 'NONE', #3418, #757 ) ;
#2524 = LINE ( 'NONE', #52, #1192 ) ;
#2525 = VECTOR ( 'NONE', #1490, 1000.000000000000000 ) ;
#2526 = ORIENTED_EDGE ( 'NONE', *, *, #834, .F. ) ;
#2527 = AXIS2_PLACEMENT_3D ( 'NONE', #1985, #3330, #325 ) ;
#2528 = VERTEX_POINT ( 'NONE', #1963 ) ;
#2529 = ORIENTED_EDGE ( 'NONE', *, *, #593, .T. ) ;
#2530 = DIRECTION ( 'NONE',  ( -0.000000000000000000, -1.000000000000000000, 0.000000000000000000 ) ) ;
#2531 = VERTEX_POINT ( 'NONE', #2825 ) ;
#2532 = DIRECTION ( 'NONE',  ( -0.000000000000000000, 1.000000000000000000, -0.000000000000000000 ) ) ;
#2533 = DIRECTION ( 'NONE',  ( -1.000000000000000000, -0.000000000000000000, -0.000000000000000000 ) ) ;
#2534 = CARTESIAN_POINT ( 'NONE',  ( 1.899999999999999911, -0.000000000000000000, -4.350000000000363798 ) ) ;
#2535 = DIRECTION ( 'NONE',  ( 0.8079247161330992411, 0.5892857142857368391, -0.000000000000000000 ) ) ;
#2536 = ADVANCED_FACE ( 'NONE', ( #3061 ), #1775, .T. ) ;
#2537 = EDGE_CURVE ( 'NONE', #3110, #2506, #2879, .T. ) ;
#2538 = CIRCLE ( 'NONE', #691, 7.999999999999850786 ) ;
#2539 = CARTESIAN_POINT ( 'NONE',  ( 2.996262869758291814, -49.07194158747869750, 1.500000000000000222 ) ) ;
#2540 = FACE_OUTER_BOUND ( 'NONE', #1979, .T. ) ;
#2541 = CIRCLE ( 'NONE', #571, 49.99999999990110666 ) ;
#2542 = EDGE_CURVE ( 'NONE', #361, #3417, #3317, .T. ) ;
#2543 = DIRECTION ( 'NONE',  ( 0.000000000000000000, 1.000000000000000000, 0.000000000000000000 ) ) ;
#2544 = FACE_OUTER_BOUND ( 'NONE', #398, .T. ) ;
#2545 = AXIS2_PLACEMENT_3D ( 'NONE', #2260, #871, #2277 ) ;
#2546 = ORIENTED_EDGE ( 'NONE', *, *, #448, .T. ) ;
#2547 = EDGE_LOOP ( 'NONE', ( #3224, #2567, #2853, #235 ) ) ;
#2548 = ORIENTED_EDGE ( 'NONE', *, *, #2191, .F. ) ;
#2549 = DIRECTION ( 'NONE',  ( 1.000000000000000000, 0.000000000000000000, 0.000000000000000000 ) ) ;
#2550 = EDGE_CURVE ( 'NONE', #3395, #1182, #2761, .T. ) ;
#2551 = EDGE_LOOP ( 'NONE', ( #2974, #2494, #1316, #1239 ) ) ;
#2552 = FACE_OUTER_BOUND ( 'NONE', #3436, .T. ) ;
#2553 = CARTESIAN_POINT ( 'NONE',  ( 8.476199467703743551, -51.98684021638314334, -12.50000000000008704 ) ) ;
#2554 = DIRECTION ( 'NONE',  ( 0.000000000000000000, 0.000000000000000000, -1.000000000000000000 ) ) ;
#2555 = CARTESIAN_POINT ( 'NONE',  ( 4.500000000000000000, -5.500000000000227374, -2.350000000000363798 ) ) ;
#2556 = CIRCLE ( 'NONE', #1011, 23.00000000000080291 ) ;
#2557 = CARTESIAN_POINT ( 'NONE',  ( 3.532901389382991031, -49.27054642710803734, 1.582394276093805896 ) ) ;
#2558 = FACE_OUTER_BOUND ( 'NONE', #2407, .T. ) ;
#2559 = ADVANCED_FACE ( 'NONE', ( #2057 ), #382, .T. ) ;
#2560 = EDGE_CURVE ( 'NONE', #3020, #1955, #2470, .T. ) ;
#2561 = ADVANCED_FACE ( 'NONE', ( #1545 ), #2571, .T. ) ;
#2562 = ORIENTED_EDGE ( 'NONE', *, *, #2301, .F. ) ;
#2563 = CARTESIAN_POINT ( 'NONE',  ( -13.24295720854632918, -40.08150163853144221, 1.763436340764015453 ) ) ;
#2564 = DIRECTION ( 'NONE',  ( -1.000000000000000000, -0.000000000000000000, -0.000000000000000000 ) ) ;
#2565 = EDGE_CURVE ( 'NONE', #56, #1216, #1796, .T. ) ;
#2566 = ORIENTED_EDGE ( 'NONE', *, *, #352, .F. ) ;
#2567 = ORIENTED_EDGE ( 'NONE', *, *, #6, .F. ) ;
#2568 = DIRECTION ( 'NONE',  ( 0.000000000000000000, 0.000000000000000000, 1.000000000000000000 ) ) ;
#2569 = CC_DESIGN_APPROVAL ( #1832, ( #1237 ) ) ;
#2570 = VERTEX_POINT ( 'NONE', #2113 ) ;
#2571 = PLANE ( 'NONE',  #614 ) ;
#2572 = DIRECTION ( 'NONE',  ( -1.000000000000000000, 0.000000000000000000, 0.000000000000000000 ) ) ;
#2573 = DIRECTION ( 'NONE',  ( 0.000000000000000000, 1.000000000000000000, -0.000000000000000000 ) ) ;
#2574 = CARTESIAN_POINT ( 'NONE',  ( 4.000000000000000000, -7.500000000000229150, 5.500000000000000000 ) ) ;
#2575 = CARTESIAN_POINT ( 'NONE',  ( 1.899999999999999911, 0.000000000000000000, -6.350000000000363798 ) ) ;
#2576 = CARTESIAN_POINT ( 'NONE',  ( -6.500000000000328626, -44.48684021638313624, -2.000000000000000000 ) ) ;
#2577 = EDGE_LOOP ( 'NONE', ( #17, #642, #1273, #1141 ) ) ;
#2578 = DIRECTION ( 'NONE',  ( 0.000000000000000000, 0.000000000000000000, 1.000000000000000000 ) ) ;
#2579 = CARTESIAN_POINT ( 'NONE',  ( 8.476199467703743551, -52.48684021638314334, -12.00000000000008349 ) ) ;
#2580 = EDGE_CURVE ( 'NONE', #2508, #1701, #109, .T. ) ;
#2581 = AXIS2_PLACEMENT_3D ( 'NONE', #1088, #3029, #1916 ) ;
#2582 = ORIENTED_EDGE ( 'NONE', *, *, #3088, .F. ) ;
#2583 = ORIENTED_EDGE ( 'NONE', *, *, #1248, .T. ) ;
#2584 = CIRCLE ( 'NONE', #1423, 3.000000000000001332 ) ;
#2585 = CARTESIAN_POINT ( 'NONE',  ( -3.343611827832094097, -4.316671074873573488, 1.520024757206497990 ) ) ;
#2586 = AXIS2_PLACEMENT_3D ( 'NONE', #1618, #1069, #2155 ) ;
#2587 = AXIS2_PLACEMENT_3D ( 'NONE', #1890, #1127, #2251 ) ;
#2588 = VERTEX_POINT ( 'NONE', #1526 ) ;
#2589 = EDGE_CURVE ( 'NONE', #115, #836, #2613, .T. ) ;
#2590 = CIRCLE ( 'NONE', #2422, 20.00000000000006750 ) ;
#2591 = CARTESIAN_POINT ( 'NONE',  ( 4.500000000000000000, -14.50000000000022560, 4.350000000000363798 ) ) ;
#2592 = LINE ( 'NONE', #2161, #290 ) ;
#2593 = CARTESIAN_POINT ( 'NONE',  ( -23.00000000000080291, -21.86494816465562252, -1.500000000000000000 ) ) ;
#2594 = CARTESIAN_POINT ( 'NONE',  ( 8.476199467703738222, -49.98684021638359809, 12.00000000000000000 ) ) ;
#2595 = CARTESIAN_POINT ( 'NONE',  ( 2.400000000000000355, -4.035898384862474764, -7.499999999999898748 ) ) ;
#2596 = FACE_OUTER_BOUND ( 'NONE', #1936, .T. ) ;
#2597 = CIRCLE ( 'NONE', #1085, 0.5000000000000004441 ) ;
#2598 = CIRCLE ( 'NONE', #1035, 3.000000000000001332 ) ;
#2599 = AXIS2_PLACEMENT_3D ( 'NONE', #175, #708, #478 ) ;
#2600 = LINE ( 'NONE', #2388, #2467 ) ;
#2601 = VERTEX_POINT ( 'NONE', #3190 ) ;
#2602 = CARTESIAN_POINT ( 'NONE',  ( 31.21836985170955003, -49.98684021638359809, -17.41071428571035895 ) ) ;
#2603 = CARTESIAN_POINT ( 'NONE',  ( 40.00000000000000000, -52.48684021638359809, 20.00000000000006750 ) ) ;
#2604 = AXIS2_PLACEMENT_3D ( 'NONE', #3343, #1349, #2744 ) ;
#2605 = EDGE_LOOP ( 'NONE', ( #1809, #3109, #2022, #2071, #3166, #2112, #1108, #3352 ) ) ;
#2606 = ORIENTED_EDGE ( 'NONE', *, *, #21, .F. ) ;
#2607 = AXIS2_PLACEMENT_3D ( 'NONE', #1729, #3124, #3396 ) ;
#2608 = EDGE_CURVE ( 'NONE', #1659, #3147, #920, .T. ) ;
#2609 = CARTESIAN_POINT ( 'NONE',  ( -6.500000000000328626, -49.98684021638359809, 12.50000000000000000 ) ) ;
#2610 = VECTOR ( 'NONE', #2062, 1000.000000000000000 ) ;
#2611 = EDGE_LOOP ( 'NONE', ( #1224, #2787, #913, #272 ) ) ;
#2612 = ORIENTED_EDGE ( 'NONE', *, *, #1555, .F. ) ;
#2613 = LINE ( 'NONE', #152, #455 ) ;
#2614 = FACE_OUTER_BOUND ( 'NONE', #57, .T. ) ;
#2615 = CARTESIAN_POINT ( 'NONE',  ( 1.899999999999999911, -2.272487753529617294E-13, -4.350000000000363798 ) ) ;
#2616 = PLANE ( 'NONE',  #168 ) ;
#2617 = CARTESIAN_POINT ( 'NONE',  ( 40.00000000000000000, -52.48684021638359809, 3.000000000000001332 ) ) ;
#2618 = DIRECTION ( 'NONE',  ( 0.000000000000000000, 0.000000000000000000, 1.000000000000000000 ) ) ;
#2619 = COORDINATED_UNIVERSAL_TIME_OFFSET ( 8, 0, .AHEAD. ) ;
#2620 = EDGE_CURVE ( 'NONE', #2570, #1318, #905, .T. ) ;
#2621 = LINE ( 'NONE', #126, #2873 ) ;
#2622 = ADVANCED_FACE ( 'NONE', ( #117 ), #706, .F. ) ;
#2623 = EDGE_LOOP ( 'NONE', ( #3502, #1566, #1290, #2334 ) ) ;
#2624 = DIRECTION ( 'NONE',  ( 1.000000000000000000, 0.000000000000000000, 0.000000000000000000 ) ) ;
#2625 = DIRECTION ( 'NONE',  ( 0.000000000000000000, 0.000000000000000000, 1.000000000000000000 ) ) ;
#2626 = APPROVAL ( #3507, '未指定' ) ;
#2627 = ORIENTED_EDGE ( 'NONE', *, *, #1044, .F. ) ;
#2628 = ORIENTED_EDGE ( 'NONE', *, *, #1655, .F. ) ;
#2629 = CARTESIAN_POINT ( 'NONE',  ( 0.000000000000000000, -5.500000000000227374, 4.350000000000363798 ) ) ;
#2630 = ORIENTED_EDGE ( 'NONE', *, *, #229, .F. ) ;
#2631 = ORIENTED_EDGE ( 'NONE', *, *, #3229, .F. ) ;
#2632 = FACE_OUTER_BOUND ( 'NONE', #3529, .T. ) ;
#2633 = DIRECTION ( 'NONE',  ( 0.000000000000000000, 0.000000000000000000, -1.000000000000000000 ) ) ;
#2634 = CARTESIAN_POINT ( 'NONE',  ( -10.91964285714329286, -38.42740484538503409, -12.00000000000000000 ) ) ;
#2635 = CARTESIAN_POINT ( 'NONE',  ( 40.00000000000000000, -49.98684021638359809, 0.000000000000000000 ) ) ;
#2636 = CARTESIAN_POINT ( 'NONE',  ( 2.400000000000000355, 0.000000000000000000, 0.000000000000000000 ) ) ;
#2637 = CARTESIAN_POINT ( 'NONE',  ( 4.500000000000000000, 0.000000000000000000, 0.000000000000000000 ) ) ;
#2638 = CARTESIAN_POINT ( 'NONE',  ( 40.00000000000000000, -52.48684021638359809, -3.000000000000001332 ) ) ;
#2639 = ORIENTED_EDGE ( 'NONE', *, *, #1723, .F. ) ;
#2640 = EDGE_CURVE ( 'NONE', #292, #2531, #3398, .T. ) ;
#2641 = DIRECTION ( 'NONE',  ( 1.000000000000000000, 0.000000000000000000, 0.000000000000000000 ) ) ;
#2642 = CARTESIAN_POINT ( 'NONE',  ( 2.400000000000000355, 0.000000000000000000, -6.000000000000000000 ) ) ;
#2643 = MECHANICAL_CONTEXT ( 'NONE', #1228, 'mechanical' ) ;
#2644 = EDGE_CURVE ( 'NONE', #1076, #2300, #1844, .T. ) ;
#2645 = ORIENTED_EDGE ( 'NONE', *, *, #631, .T. ) ;
#2646 = VECTOR ( 'NONE', #718, 1000.000000000000000 ) ;
#2647 = CARTESIAN_POINT ( 'NONE',  ( 4.500000000000000000, -7.500000000000227374, -8.500000000000000000 ) ) ;
#2648 = ORIENTED_EDGE ( 'NONE', *, *, #1157, .F. ) ;
#2649 = AXIS2_PLACEMENT_3D ( 'NONE', #674, #945, #3448 ) ;
#2650 = ORIENTED_EDGE ( 'NONE', *, *, #576, .F. ) ;
#2651 = DIRECTION ( 'NONE',  ( 0.000000000000000000, 0.000000000000000000, 1.000000000000000000 ) ) ;
#2652 = FACE_BOUND ( 'NONE', #3377, .T. ) ;
#2653 = FACE_OUTER_BOUND ( 'NONE', #2416, .T. ) ;
#2654 = TOROIDAL_SURFACE ( 'NONE', #554, 2.500000000000024869, 0.5000000000000000000 ) ;
#2655 = CARTESIAN_POINT ( 'NONE',  ( 8.476199467703743551, -49.98684021638359809, -12.50000000000008704 ) ) ;
#2656 = VECTOR ( 'NONE', #1484, 1000.000000000000000 ) ;
#2657 = DIRECTION ( 'NONE',  ( 1.000000000000000000, -0.000000000000000000, 3.469446951953610639E-15 ) ) ;
#2658 = CARTESIAN_POINT ( 'NONE',  ( -3.000000000000000000, 12.50000000000000000, -2.000000000000000000 ) ) ;
#2659 = DIRECTION ( 'NONE',  ( 1.000000000000000000, 0.000000000000000000, 0.000000000000000000 ) ) ;
#2660 = EDGE_CURVE ( 'NONE', #106, #309, #2094, .T. ) ;
#2661 = EDGE_CURVE ( 'NONE', #2039, #2789, #2322, .T. ) ;
#2662 = VERTEX_POINT ( 'NONE', #3426 ) ;
#2663 = DATE_AND_TIME ( #1291, #3035 ) ;
#2664 = DIRECTION ( 'NONE',  ( -1.000000000000000000, -0.000000000000000000, -0.000000000000000000 ) ) ;
#2665 = FACE_OUTER_BOUND ( 'NONE', #1519, .T. ) ;
#2666 = APPLICATION_PROTOCOL_DEFINITION ( 'international standard', 'config_control_design', 1994, #2007 ) ;
#2667 = AXIS2_PLACEMENT_3D ( 'NONE', #540, #3058, #573 ) ;
#2668 = ORIENTED_EDGE ( 'NONE', *, *, #2773, .F. ) ;
#2669 = CIRCLE ( 'NONE', #694, 0.5000000000000004441 ) ;
#2670 = AXIS2_PLACEMENT_3D ( 'NONE', #2967, #3240, #1849 ) ;
#2671 = ORIENTED_EDGE ( 'NONE', *, *, #1580, .F. ) ;
#2672 = ORIENTED_EDGE ( 'NONE', *, *, #1183, .F. ) ;
#2673 = DIRECTION ( 'NONE',  ( 1.000000000000000000, 0.000000000000000000, 0.000000000000000000 ) ) ;
#2674 = AXIS2_PLACEMENT_3D ( 'NONE', #530, #2133, #510 ) ;
#2675 = CARTESIAN_POINT ( 'NONE',  ( -4.544975507059234587E-13, -26.68677354515435241, -1.500000000000000000 ) ) ;
#2676 = LINE ( 'NONE', #155, #2425 ) ;
#2677 = DIRECTION ( 'NONE',  ( 3.469446951953611033E-15, 0.000000000000000000, -1.000000000000000000 ) ) ;
#2678 = CARTESIAN_POINT ( 'NONE',  ( -6.500000000000328626, -49.48684021638359809, -2.000000000000000000 ) ) ;
#2679 = DIRECTION ( 'NONE',  ( 0.000000000000000000, 0.000000000000000000, -1.000000000000000000 ) ) ;
#2680 = ORIENTED_EDGE ( 'NONE', *, *, #331, .T. ) ;
#2681 = DIRECTION ( 'NONE',  ( -1.000000000000000000, -0.000000000000000000, -0.000000000000000000 ) ) ;
#2682 = CYLINDRICAL_SURFACE ( 'NONE', #411, 100.0000000000154046 ) ;
#2683 = EDGE_CURVE ( 'NONE', #2772, #2001, #1241, .T. ) ;
#2684 = ORIENTED_EDGE ( 'NONE', *, *, #899, .T. ) ;
#2685 = ORIENTED_EDGE ( 'NONE', *, *, #2182, .T. ) ;
#2686 = PLANE ( 'NONE',  #3005 ) ;
#2687 = PLANE ( 'NONE',  #3456 ) ;
#2688 = CARTESIAN_POINT ( 'NONE',  ( 1.899999999999999911, -0.000000000000000000, 4.350000000000363798 ) ) ;
#2689 = DIRECTION ( 'NONE',  ( -0.000000000000000000, -0.000000000000000000, -1.000000000000000000 ) ) ;
#2690 = EDGE_LOOP ( 'NONE', ( #1711, #623, #3034, #3019 ) ) ;
#2691 = CARTESIAN_POINT ( 'NONE',  ( 40.00000000000000000, -49.48684021638359809, 0.000000000000000000 ) ) ;
#2692 = CARTESIAN_POINT ( 'NONE',  ( 2.400000000000000355, -7.500000000000227374, -8.000000000000000000 ) ) ;
#2693 = CARTESIAN_POINT ( 'NONE',  ( -9.151785714285331608, -40.85117899378349193, -1.500000000000000000 ) ) ;
#2694 = ADVANCED_FACE ( 'NONE', ( #2632 ), #1313, .T. ) ;
#2695 = ADVANCED_FACE ( 'NONE', ( #666 ), #3516, .F. ) ;
#2696 = ORIENTED_EDGE ( 'NONE', *, *, #2319, .T. ) ;
#2697 = ORIENTED_EDGE ( 'NONE', *, *, #467, .F. ) ;
#2698 = ORIENTED_EDGE ( 'NONE', *, *, #1280, .F. ) ;
#2699 = CARTESIAN_POINT ( 'NONE',  ( 0.000000000000000000, 0.000000000000000000, 4.350000000000363798 ) ) ;
#2700 = VECTOR ( 'NONE', #2681, 1000.000000000000000 ) ;
#2701 = EDGE_CURVE ( 'NONE', #190, #93, #2249, .T. ) ;
#2702 = DIRECTION ( 'NONE',  ( -1.000000000000000000, 0.000000000000000000, 0.000000000000000000 ) ) ;
#2703 = DIRECTION ( 'NONE',  ( 0.000000000000000000, 0.000000000000000000, -1.000000000000000000 ) ) ;
#2704 = AXIS2_PLACEMENT_3D ( 'NONE', #1287, #1550, #695 ) ;
#2705 = CARTESIAN_POINT ( 'NONE',  ( 4.500000000000000000, -2.272487753529617294E-13, -2.350000000000363798 ) ) ;
#2706 = ORIENTED_EDGE ( 'NONE', *, *, #527, .T. ) ;
#2707 = AXIS2_PLACEMENT_3D ( 'NONE', #3131, #2882, #647 ) ;
#2708 = DIRECTION ( 'NONE',  ( 0.000000000000000000, 1.000000000000000000, 0.000000000000000000 ) ) ;
#2709 = CARTESIAN_POINT ( 'NONE',  ( -4.544975507059234587E-13, -26.68677354515435241, -1.500000000000000000 ) ) ;
#2710 = TOROIDAL_SURFACE ( 'NONE', #3570, 12.00000000000000000, 0.5000000000000000000 ) ;
#2711 = VECTOR ( 'NONE', #1761, 1000.000000000000000 ) ;
#2712 = DIRECTION ( 'NONE',  ( 1.000000000000000000, 0.000000000000000000, 0.000000000000000000 ) ) ;
#2713 = AXIS2_PLACEMENT_3D ( 'NONE', #2361, #2942, #3212 ) ;
#2714 = ORIENTED_EDGE ( 'NONE', *, *, #2230, .T. ) ;
#2715 = ORIENTED_EDGE ( 'NONE', *, *, #1821, .F. ) ;
#2716 = CIRCLE ( 'NONE', #1673, 1.149999999999636646 ) ;
#2717 = ORIENTED_EDGE ( 'NONE', *, *, #1813, .F. ) ;
#2718 = CARTESIAN_POINT ( 'NONE',  ( 40.00000000000000000, -49.48684021638359809, -19.50000000000006750 ) ) ;
#2719 = EDGE_CURVE ( 'NONE', #1516, #987, #1779, .T. ) ;
#2720 = TOROIDAL_SURFACE ( 'NONE', #2432, 20.50000000000081002, 0.5000000000000000000 ) ;
#2721 = EDGE_CURVE ( 'NONE', #503, #569, #3050, .T. ) ;
#2722 = CIRCLE ( 'NONE', #2607, 0.5000000000000000000 ) ;
#2723 = DIRECTION ( 'NONE',  ( -0.000000000000000000, 1.000000000000000000, -0.000000000000000000 ) ) ;
#2724 = DIRECTION ( 'NONE',  ( 0.000000000000000000, 0.000000000000000000, 1.000000000000000000 ) ) ;
#2725 = CARTESIAN_POINT ( 'NONE',  ( 4.500000000000000000, -5.334936490539098131, -6.749999999999991118 ) ) ;
#2726 = ADVANCED_BREP_SHAPE_REPRESENTATION ( '挂钩支架', ( #2863, #1480 ), #2009 ) ;
#2727 = TOROIDAL_SURFACE ( 'NONE', #2157, 50.49999999999999289, 0.5000000000000000000 ) ;
#2728 = CARTESIAN_POINT ( 'NONE',  ( -6.500000000000328626, -44.48684021638313624, 12.00000000000000000 ) ) ;
#2729 = DIRECTION ( 'NONE',  ( 0.000000000000000000, -1.000000000000000000, 0.000000000000000000 ) ) ;
#2730 = EDGE_CURVE ( 'NONE', #2733, #760, #397, .T. ) ;
#2731 = EDGE_CURVE ( 'NONE', #289, #1216, #2517, .T. ) ;
#2732 = CARTESIAN_POINT ( 'NONE',  ( 2.400000000000000355, 0.000000000000000000, 8.499999999999998224 ) ) ;
#2733 = VERTEX_POINT ( 'NONE', #230 ) ;
#2734 = EDGE_LOOP ( 'NONE', ( #3006, #1503, #2529, #2735 ) ) ;
#2735 = ORIENTED_EDGE ( 'NONE', *, *, #331, .F. ) ;
#2736 = CARTESIAN_POINT ( 'NONE',  ( -11.21428571428605636, -38.02344248731859722, -12.50000000000000000 ) ) ;
#2737 = DIRECTION ( 'NONE',  ( 0.000000000000000000, 0.000000000000000000, 1.000000000000000000 ) ) ;
#2738 = CARTESIAN_POINT ( 'NONE',  ( 0.000000000000000000, -0.000000000000000000, -4.350000000000363798 ) ) ;
#2739 = CARTESIAN_POINT ( 'NONE',  ( 38.71851134746695067, -49.48684021638359809, -12.50000000000000000 ) ) ;
#2740 = ORIENTED_EDGE ( 'NONE', *, *, #2297, .T. ) ;
#2741 = LINE ( 'NONE', #3550, #2185 ) ;
#2742 = CARTESIAN_POINT ( 'NONE',  ( -13.44439439849324991, -40.48917943000129327, -1.882108806593709049 ) ) ;
#2743 = EDGE_CURVE ( 'NONE', #180, #3110, #2884, .T. ) ;
#2744 = DIRECTION ( 'NONE',  ( 0.000000000000000000, 0.8660254037844432595, 0.4999999999999920619 ) ) ;
#2745 = ORIENTED_EDGE ( 'NONE', *, *, #259, .F. ) ;
#2746 = ORIENTED_EDGE ( 'NONE', *, *, #3206, .T. ) ;
#2747 = CC_DESIGN_APPROVAL ( #2626, ( #2998 ) ) ;
#2748 = ORIENTED_EDGE ( 'NONE', *, *, #3369, .F. ) ;
#2749 = CARTESIAN_POINT ( 'NONE',  ( -23.00000000000080291, -21.86494816465562252, 12.00000000000000000 ) ) ;
#2750 = EDGE_LOOP ( 'NONE', ( #566, #1751, #1665, #585 ) ) ;
#2751 = DIRECTION ( 'NONE',  ( 0.000000000000000000, 1.000000000000000000, -0.000000000000000000 ) ) ;
#2752 = CARTESIAN_POINT ( 'NONE',  ( 4.500000000000000000, -16.50000000000022737, 7.999999999999998224 ) ) ;
#2753 = CARTESIAN_POINT ( 'NONE',  ( 1.899999999999999911, -5.334936490539075926, 6.750000000000003553 ) ) ;
#2754 = AXIS2_PLACEMENT_3D ( 'NONE', #1719, #64, #83 ) ;
#2755 = EDGE_LOOP ( 'NONE', ( #2748, #2845, #874, #3057 ) ) ;
#2756 = AXIS2_PLACEMENT_3D ( 'NONE', #942, #1822, #3486 ) ;
#2757 = DIRECTION ( 'NONE',  ( 1.000000000000000000, -0.000000000000000000, 0.000000000000000000 ) ) ;
#2758 = ADVANCED_FACE ( 'NONE', ( #1329 ), #2172, .T. ) ;
#2759 = CYLINDRICAL_SURFACE ( 'NONE', #1726, 3.149999999999637534 ) ;
#2760 = AXIS2_PLACEMENT_3D ( 'NONE', #2063, #1532, #3488 ) ;
#2761 = CIRCLE ( 'NONE', #172, 0.5000000000000004441 ) ;
#2762 = AXIS2_PLACEMENT_3D ( 'NONE', #2380, #458, #2939 ) ;
#2763 = ORIENTED_EDGE ( 'NONE', *, *, #858, .F. ) ;
#2764 = DIRECTION ( 'NONE',  ( -0.000000000000000000, 1.000000000000000000, -0.000000000000000000 ) ) ;
#2765 = CIRCLE ( 'NONE', #1438, 0.5000000000000004441 ) ;
#2766 = TOROIDAL_SURFACE ( 'NONE', #681, 50.49999999990110666, 0.5000000000000000000 ) ;
#2767 = AXIS2_PLACEMENT_3D ( 'NONE', #104, #2308, #3083 ) ;
#2768 = EDGE_LOOP ( 'NONE', ( #2354, #3222, #3489, #3233, #683, #3327, #2823, #1568, #532, #379 ) ) ;
#2769 = ORIENTED_EDGE ( 'NONE', *, *, #3017, .F. ) ;
#2770 = ORIENTED_EDGE ( 'NONE', *, *, #2841, .T. ) ;
#2771 = DIRECTION ( 'NONE',  ( 1.000000000000000000, 0.000000000000000000, 0.000000000000000000 ) ) ;
#2772 = VERTEX_POINT ( 'NONE', #1089 ) ;
#2773 = EDGE_CURVE ( 'NONE', #361, #2109, #262, .T. ) ;
#2774 = CARTESIAN_POINT ( 'NONE',  ( 1.899999999999999911, -7.500000000000229150, -6.350000000000363798 ) ) ;
#2775 = CARTESIAN_POINT ( 'NONE',  ( 2.400000000000000355, -6.821800069278793899E-13, 5.999999999999998224 ) ) ;
#2776 = CARTESIAN_POINT ( 'NONE',  ( -6.500000000000328626, -49.48684021638359809, 2.000000000000000000 ) ) ;
#2777 = CIRCLE ( 'NONE', #1792, 0.5000000000000004441 ) ;
#2778 = EDGE_CURVE ( 'NONE', #2875, #2244, #336, .T. ) ;
#2779 = ORIENTED_EDGE ( 'NONE', *, *, #1818, .F. ) ;
#2780 = CIRCLE ( 'NONE', #1208, 23.50000000000080647 ) ;
#2781 = CARTESIAN_POINT ( 'NONE',  ( -6.500000000000328626, -52.48684021638314334, 12.00000000000000000 ) ) ;
#2782 = CARTESIAN_POINT ( 'NONE',  ( 4.631113314536909442, -49.47662325837288932, -1.883336528420429978 ) ) ;
#2783 = AXIS2_PLACEMENT_3D ( 'NONE', #242, #1911, #3011 ) ;
#2784 = DIRECTION ( 'NONE',  ( 0.000000000000000000, 0.000000000000000000, 1.000000000000000000 ) ) ;
#2785 = EDGE_LOOP ( 'NONE', ( #1789, #1465, #3127, #2394 ) ) ;
#2786 = ORIENTED_EDGE ( 'NONE', *, *, #3122, .F. ) ;
#2787 = ORIENTED_EDGE ( 'NONE', *, *, #725, .T. ) ;
#2788 = DIRECTION ( 'NONE',  ( 1.000000000000000000, 0.000000000000000000, 0.000000000000000000 ) ) ;
#2789 = VERTEX_POINT ( 'NONE', #784 ) ;
#2790 = CARTESIAN_POINT ( 'NONE',  ( -2.500000000000000444, -6.821800069278793899E-13, 12.50000000000000000 ) ) ;
#2791 = CARTESIAN_POINT ( 'NONE',  ( 2.400000000000000355, 0.000000000000000000, -6.500000000000000888 ) ) ;
#2792 = CYLINDRICAL_SURFACE ( 'NONE', #1286, 2.350000000000363798 ) ;
#2793 = ORIENTED_EDGE ( 'NONE', *, *, #2221, .F. ) ;
#2794 = DIRECTION ( 'NONE',  ( -0.000000000000000000, -1.000000000000000000, -0.000000000000000000 ) ) ;
#2795 = LINE ( 'NONE', #1134, #2711 ) ;
#2796 = ORIENTED_EDGE ( 'NONE', *, *, #1632, .F. ) ;
#2797 = LINE ( 'NONE', #3104, #805 ) ;
#2798 = DIRECTION ( 'NONE',  ( 1.000000000000000000, 0.000000000000000000, 0.000000000000000000 ) ) ;
#2799 = ORIENTED_EDGE ( 'NONE', *, *, #1951, .F. ) ;
#2800 = ORIENTED_EDGE ( 'NONE', *, *, #2565, .F. ) ;
#2801 = ORIENTED_EDGE ( 'NONE', *, *, #3553, .F. ) ;
#2802 = ADVANCED_FACE ( 'NONE', ( #2421 ), #3291, .T. ) ;
#2803 = FACE_OUTER_BOUND ( 'NONE', #2184, .T. ) ;
#2804 = ORIENTED_EDGE ( 'NONE', *, *, #1234, .F. ) ;
#2805 = CC_DESIGN_SECURITY_CLASSIFICATION ( #2406, ( #1237 ) ) ;
#2806 = DIRECTION ( 'NONE',  ( 0.000000000000000000, 0.000000000000000000, -1.000000000000000000 ) ) ;
#2807 = CARTESIAN_POINT ( 'NONE',  ( 2.400000000000000355, 1.638349949533650969E-15, -8.499999999999998224 ) ) ;
#2808 = DIRECTION ( 'NONE',  ( 0.000000000000000000, 0.000000000000000000, 1.000000000000000000 ) ) ;
#2809 = DIRECTION ( 'NONE',  ( -0.000000000000000000, -0.000000000000000000, -1.000000000000000000 ) ) ;
#2810 = ADVANCED_FACE ( 'NONE', ( #515 ), #2368, .T. ) ;
#2811 = DIRECTION ( 'NONE',  ( 0.000000000000000000, 0.000000000000000000, -1.000000000000000000 ) ) ;
#2812 = DIRECTION ( 'NONE',  ( 0.000000000000000000, 1.000000000000000000, 0.000000000000000000 ) ) ;
#2813 = CIRCLE ( 'NONE', #216, 8.499999999999850786 ) ;
#2814 = CARTESIAN_POINT ( 'NONE',  ( -6.500000000000328626, -52.48684021638314334, 12.00000000000000000 ) ) ;
#2815 = DIRECTION ( 'NONE',  ( 0.000000000000000000, 0.000000000000000000, -1.000000000000000000 ) ) ;
#2816 = CIRCLE ( 'NONE', #2992, 49.99999999990111377 ) ;
#2817 = ADVANCED_FACE ( 'NONE', ( #3001 ), #247, .T. ) ;
#2818 = ORIENTED_EDGE ( 'NONE', *, *, #633, .T. ) ;
#2819 = CIRCLE ( 'NONE', #2587, 0.5000000000000004441 ) ;
#2820 = VERTEX_POINT ( 'NONE', #3552 ) ;
#2821 = VERTEX_POINT ( 'NONE', #1934 ) ;
#2822 = LINE ( 'NONE', #3423, #1621 ) ;
#2823 = ORIENTED_EDGE ( 'NONE', *, *, #3046, .T. ) ;
#2824 = AXIS2_PLACEMENT_3D ( 'NONE', #1671, #28, #512 ) ;
#2825 = CARTESIAN_POINT ( 'NONE',  ( -3.000000000000000000, -21.86494816465574331, -2.000000000000000000 ) ) ;
#2826 = DIRECTION ( 'NONE',  ( 1.000000000000000000, 0.000000000000000000, 0.000000000000000000 ) ) ;
#2827 = EDGE_CURVE ( 'NONE', #93, #605, #969, .T. ) ;
#2828 = CLOSED_SHELL ( 'NONE', ( #1926, #3309, #3336, #162, #2536, #506, #774, #1431, #189, #1442, #1848, #2934, #210, #1201, #3118, #79, #952, #893, #1604, #3551, #1563, #771, #1925, #1266, #2851, #977, #1927, #3342, #2459, #2392, #825, #1215, #2267, #883, #2830, #1525, #2069, #1806, #420, #2965, #3295, #317, #2199, #2287, #3451, #767, #1166, #2920, #2622, #251, #1743, #2887, #1156, #3074, #3401, #2561, #3182, #1846, #1707, #3321, #2099, #2341, #715, #2240, #1106, #3208, #2162, #499, #1297, #29, #2970, #351, #2090, #2452, #2175, #2694, #2817, #2401, #1256, #2115, #1889, #3013, #1281, #3099, #3315, #3474, #2802, #2758, #3332, #2810, #2559, #1155, #169, #634, #2695, #433, #2945, #143, #2996, #972, #3564, #2969, #2493, #1132, #2019, #1462, #1348, #2353, #1296, #477, #3462, #3135, #1584, #2373, #2321, #3252, #680 ) ) ;
#2829 = DIRECTION ( 'NONE',  ( -1.000000000000000000, -0.000000000000000000, -0.000000000000000000 ) ) ;
#2830 = ADVANCED_FACE ( 'NONE', ( #2208 ), #2759, .T. ) ;
#2831 = EDGE_CURVE ( 'NONE', #1659, #2971, #159, .T. ) ;
#2832 = AXIS2_PLACEMENT_3D ( 'NONE', #2130, #193, #980 ) ;
#2833 = DIRECTION ( 'NONE',  ( -1.000000000000000000, 0.000000000000000000, -0.000000000000000000 ) ) ;
#2834 = CARTESIAN_POINT ( 'NONE',  ( 4.500000000000000000, -7.500000000000229150, 5.500000000000000000 ) ) ;
#2835 = EDGE_CURVE ( 'NONE', #705, #3438, #3121, .T. ) ;
#2836 = VECTOR ( 'NONE', #2764, 1000.000000000000000 ) ;
#2837 = ORIENTED_EDGE ( 'NONE', *, *, #3370, .F. ) ;
#2838 = CARTESIAN_POINT ( 'NONE',  ( 4.000000000000000000, 0.000000000000000000, 0.000000000000000000 ) ) ;
#2839 = AXIS2_PLACEMENT_3D ( 'NONE', #3018, #536, #1974 ) ;
#2840 = CIRCLE ( 'NONE', #1332, 4.350000000000363798 ) ;
#2841 = EDGE_CURVE ( 'NONE', #1567, #186, #2795, .T. ) ;
#2842 = ORIENTED_EDGE ( 'NONE', *, *, #2778, .T. ) ;
#2843 = ORIENTED_EDGE ( 'NONE', *, *, #395, .F. ) ;
#2844 = CC_DESIGN_PERSON_AND_ORGANIZATION_ASSIGNMENT ( #3447, #430, ( #1237 ) ) ;
#2845 = ORIENTED_EDGE ( 'NONE', *, *, #1863, .F. ) ;
#2846 = CARTESIAN_POINT ( 'NONE',  ( -3.041576187820755006, 0.6772723514423973912, 1.763943243729509502 ) ) ;
#2847 = ORIENTED_EDGE ( 'NONE', *, *, #1632, .T. ) ;
#2848 = CARTESIAN_POINT ( 'NONE',  ( 1.899999999999999911, 0.000000000000000000, 7.999999999999998224 ) ) ;
#2849 = CYLINDRICAL_SURFACE ( 'NONE', #609, 1.149999999999636646 ) ;
#2850 = FACE_OUTER_BOUND ( 'NONE', #3205, .T. ) ;
#2851 = ADVANCED_FACE ( 'NONE', ( #355 ), #316, .T. ) ;
#2852 = CYLINDRICAL_SURFACE ( 'NONE', #2423, 3.000000000000025313 ) ;
#2853 = ORIENTED_EDGE ( 'NONE', *, *, #2087, .F. ) ;
#2854 = FACE_OUTER_BOUND ( 'NONE', #1419, .T. ) ;
#2855 = EDGE_CURVE ( 'NONE', #309, #808, #1118, .T. ) ;
#2856 = ORIENTED_EDGE ( 'NONE', *, *, #1553, .F. ) ;
#2857 = ORIENTED_EDGE ( 'NONE', *, *, #1278, .T. ) ;
#2858 = CARTESIAN_POINT ( 'NONE',  ( -3.000000000000000000, 2.341951617165590527, 1.882193409707632048 ) ) ;
#2859 = ORIENTED_EDGE ( 'NONE', *, *, #1595, .F. ) ;
#2860 = DIRECTION ( 'NONE',  ( 0.000000000000000000, 0.000000000000000000, -1.000000000000000000 ) ) ;
#2861 = CARTESIAN_POINT ( 'NONE',  ( 4.999999999999547917, -44.48684021638337072, -1.500000000000000000 ) ) ;
#2862 = DIRECTION ( 'NONE',  ( 0.000000000000000000, 0.000000000000000000, 1.000000000000000000 ) ) ;
#2863 = MANIFOLD_SOLID_BREP ( '圆角4', #2828 ) ;
#2864 = DIRECTION ( 'NONE',  ( 1.000000000000000000, -0.000000000000000000, 0.000000000000000000 ) ) ;
#2865 = DIRECTION ( 'NONE',  ( 0.000000000000000000, 0.000000000000000000, 1.000000000000000000 ) ) ;
#2866 = CARTESIAN_POINT ( 'NONE',  ( 0.000000000000000000, -0.000000000000000000, -6.350000000000363798 ) ) ;
#2867 = CARTESIAN_POINT ( 'NONE',  ( 4.500000000000000000, -4.035898384862474764, -7.499999999999898748 ) ) ;
#2868 = EDGE_CURVE ( 'NONE', #2176, #1630, #564, .T. ) ;
#2869 = LINE ( 'NONE', #389, #2646 ) ;
#2870 = EDGE_LOOP ( 'NONE', ( #886, #1282, #2903, #1116 ) ) ;
#2871 = CARTESIAN_POINT ( 'NONE',  ( -12.54122591735126768, -38.62139384752438787, 1.500000000000000000 ) ) ;
#2872 = CARTESIAN_POINT ( 'NONE',  ( 40.00000000000000000, -51.98684021638314334, 0.000000000000000000 ) ) ;
#2873 = VECTOR ( 'NONE', #1560, 1000.000000000000000 ) ;
#2874 = ORIENTED_EDGE ( 'NONE', *, *, #1402, .F. ) ;
#2875 = VERTEX_POINT ( 'NONE', #654 ) ;
#2876 = AXIS2_PLACEMENT_3D ( 'NONE', #45, #867, #1133 ) ;
#2877 = FACE_OUTER_BOUND ( 'NONE', #3326, .T. ) ;
#2878 = CIRCLE ( 'NONE', #967, 20.00000000000006750 ) ;
#2879 = CIRCLE ( 'NONE', #3567, 1.499999999999942268 ) ;
#2880 = ORIENTED_EDGE ( 'NONE', *, *, #23, .T. ) ;
#2881 = VERTEX_POINT ( 'NONE', #1725 ) ;
#2882 = DIRECTION ( 'NONE',  ( 0.000000000000000000, 0.000000000000000000, 1.000000000000000000 ) ) ;
#2883 = CYLINDRICAL_SURFACE ( 'NONE', #1915, 20.00000000000006750 ) ;
#2884 = CIRCLE ( 'NONE', #508, 2.500000000000024869 ) ;
#2885 = LINE ( 'NONE', #139, #3347 ) ;
#2886 = AXIS2_PLACEMENT_3D ( 'NONE', #1624, #302, #3308 ) ;
#2887 = ADVANCED_FACE ( 'NONE', ( #2558 ), #1154, .F. ) ;
#2888 = DIRECTION ( 'NONE',  ( 0.000000000000000000, 0.000000000000000000, 1.000000000000000000 ) ) ;
#2889 = DIRECTION ( 'NONE',  ( 0.000000000000000000, 0.000000000000000000, -1.000000000000000000 ) ) ;
#2890 = DIRECTION ( 'NONE',  ( 0.000000000000000000, 0.000000000000000000, 1.000000000000000000 ) ) ;
#2891 = AXIS2_PLACEMENT_3D ( 'NONE', #1573, #710, #2080 ) ;
#2892 = VECTOR ( 'NONE', #3518, 1000.000000000000000 ) ;
#2893 = VECTOR ( 'NONE', #2511, 1000.000000000000000 ) ;
#2894 = CARTESIAN_POINT ( 'NONE',  ( -5.000000000000000000, -6.821800069278793899E-13, -12.50000000000000000 ) ) ;
#2895 = VERTEX_POINT ( 'NONE', #1174 ) ;
#2896 = PLANE ( 'NONE',  #1146 ) ;
#2897 = VECTOR ( 'NONE', #2095, 1000.000000000000000 ) ;
#2898 = ORIENTED_EDGE ( 'NONE', *, *, #576, .T. ) ;
#2899 = ORIENTED_EDGE ( 'NONE', *, *, #1533, .F. ) ;
#2900 = AXIS2_PLACEMENT_3D ( 'NONE', #833, #2507, #1365 ) ;
#2901 = DIRECTION ( 'NONE',  ( 0.000000000000000000, 0.000000000000000000, 1.000000000000000000 ) ) ;
#2902 = CIRCLE ( 'NONE', #925, 19.50000000000006750 ) ;
#2903 = ORIENTED_EDGE ( 'NONE', *, *, #3181, .F. ) ;
#2904 = VERTEX_POINT ( 'NONE', #613 ) ;
#2905 = DIRECTION ( 'NONE',  ( 1.000000000000000000, 9.251858538543155238E-16, 0.000000000000000000 ) ) ;
#2906 = LINE ( 'NONE', #772, #2897 ) ;
#2907 = CARTESIAN_POINT ( 'NONE',  ( -13.64814814814920041, -40.89462946920713193, 2.000000000000000000 ) ) ;
#2908 = CARTESIAN_POINT ( 'NONE',  ( -9.446428571428210574, -40.44721663571695558, -12.50000000000000000 ) ) ;
#2909 = FACE_OUTER_BOUND ( 'NONE', #2216, .T. ) ;
#2910 = CARTESIAN_POINT ( 'NONE',  ( 4.500000000000000000, -8.432575659723033468, -4.350000000000363798 ) ) ;
#2911 = LINE ( 'NONE', #2344, #3340 ) ;
#2912 = EDGE_CURVE ( 'NONE', #1596, #1315, #3572, .T. ) ;
#2913 = DIRECTION ( 'NONE',  ( 0.000000000000000000, -1.000000000000000000, 0.000000000000000000 ) ) ;
#2914 = CARTESIAN_POINT ( 'NONE',  ( 4.000000000000000000, -16.50000000000022737, -8.500000000000001776 ) ) ;
#2915 = ORIENTED_EDGE ( 'NONE', *, *, #2580, .T. ) ;
#2916 = CARTESIAN_POINT ( 'NONE',  ( 8.476199467727326464, -52.48684021638314334, -62.49999999990119903 ) ) ;
#2917 = ORIENTED_EDGE ( 'NONE', *, *, #787, .F. ) ;
#2918 = ORIENTED_EDGE ( 'NONE', *, *, #1947, .T. ) ;
#2919 = EDGE_CURVE ( 'NONE', #2964, #2531, #400, .T. ) ;
#2920 = ADVANCED_FACE ( 'NONE', ( #1457 ), #2852, .T. ) ;
#2921 = CARTESIAN_POINT ( 'NONE',  ( 0.000000000000000000, -16.50000000000022737, -6.350000000000363798 ) ) ;
#2922 = DIRECTION ( 'NONE',  ( -1.000000000000000000, 0.000000000000000000, -0.000000000000000000 ) ) ;
#2923 = CARTESIAN_POINT ( 'NONE',  ( 4.500000000000000000, -5.500000000000227374, 2.350000000000363798 ) ) ;
#2924 = AXIS2_PLACEMENT_3D ( 'NONE', #65, #1987, #41 ) ;
#2925 = CARTESIAN_POINT ( 'NONE',  ( -2.500000000000000444, -21.86494816465574687, 12.50000000000000000 ) ) ;
#2926 = CARTESIAN_POINT ( 'NONE',  ( 4.500000000000000000, -7.500000000000229150, 8.499999999999998224 ) ) ;
#2927 = DIRECTION ( 'NONE',  ( 1.000000000000000000, 0.000000000000000000, 0.000000000000000000 ) ) ;
#2928 = DIRECTION ( 'NONE',  ( 0.000000000000000000, 0.000000000000000000, 1.000000000000000000 ) ) ;
#2929 = EDGE_LOOP ( 'NONE', ( #3399, #3217, #1030, #3075 ) ) ;
#2930 = DIRECTION ( 'NONE',  ( 1.000000000000000000, 0.000000000000000000, 0.000000000000000000 ) ) ;
#2931 = FACE_OUTER_BOUND ( 'NONE', #2178, .T. ) ;
#2932 = CARTESIAN_POINT ( 'NONE',  ( -23.00000000000080291, -21.86494816465562252, -12.50000000000000000 ) ) ;
#2933 = ORIENTED_EDGE ( 'NONE', *, *, #3213, .T. ) ;
#2934 = ADVANCED_FACE ( 'NONE', ( #370 ), #87, .F. ) ;
#2935 = AXIS2_PLACEMENT_3D ( 'NONE', #1638, #3568, #1867 ) ;
#2936 = ORIENTED_EDGE ( 'NONE', *, *, #431, .T. ) ;
#2937 = CIRCLE ( 'NONE', #903, 0.5000000000000004441 ) ;
#2938 = ORIENTED_EDGE ( 'NONE', *, *, #528, .F. ) ;
#2939 = DIRECTION ( 'NONE',  ( 1.000000000000000000, 0.000000000000000000, 0.000000000000000000 ) ) ;
#2940 = DIRECTION ( 'NONE',  ( 0.000000000000000000, -1.006139616066586864E-13, -1.000000000000000000 ) ) ;
#2941 = CIRCLE ( 'NONE', #1028, 0.5000000000000004441 ) ;
#2942 = DIRECTION ( 'NONE',  ( 0.000000000000000000, -1.000000000000000000, 0.000000000000000000 ) ) ;
#2943 = CARTESIAN_POINT ( 'NONE',  ( 31.21836985173716883, -49.98684021638359809, 17.41071428572429269 ) ) ;
#2944 = DIRECTION ( 'NONE',  ( -1.000000000000000000, -0.000000000000000000, -0.000000000000000000 ) ) ;
#2945 = ADVANCED_FACE ( 'NONE', ( #1397 ), #744, .F. ) ;
#2946 = ORIENTED_EDGE ( 'NONE', *, *, #875, .F. ) ;
#2947 = EDGE_CURVE ( 'NONE', #2820, #847, #907, .T. ) ;
#2948 = APPROVAL_STATUS ( 'not_yet_approved' ) ;
#2949 = CARTESIAN_POINT ( 'NONE',  ( 4.500000000000000000, -5.500000000000227374, 5.500000000000000000 ) ) ;
#2950 = CIRCLE ( 'NONE', #1378, 0.8500000000003643530 ) ;
#2951 = DIRECTION ( 'NONE',  ( -1.000000000000000000, -0.000000000000000000, -0.000000000000000000 ) ) ;
#2952 =( NAMED_UNIT ( * ) SI_UNIT ( $, .STERADIAN. ) SOLID_ANGLE_UNIT ( ) );
#2953 = EDGE_CURVE ( 'NONE', #971, #538, #3234, .T. ) ;
#2954 = VECTOR ( 'NONE', #1599, 1000.000000000000000 ) ;
#2955 = AXIS2_PLACEMENT_3D ( 'NONE', #1485, #1817, #2922 ) ;
#2956 = CIRCLE ( 'NONE', #1092, 23.00000000000080291 ) ;
#2957 = VERTEX_POINT ( 'NONE', #868 ) ;
#2958 = EDGE_LOOP ( 'NONE', ( #3028, #2628, #855, #1735 ) ) ;
#2959 = CIRCLE ( 'NONE', #2490, 0.5000000000000004441 ) ;
#2960 = CARTESIAN_POINT ( 'NONE',  ( 8.476199467703624535, -49.98684021638359809, 62.49999999999999289 ) ) ;
#2961 = CARTESIAN_POINT ( 'NONE',  ( 0.000000000000000000, -6.649999999999862688, -5.500000000000000000 ) ) ;
#2962 = DIRECTION ( 'NONE',  ( 0.000000000000000000, 0.000000000000000000, 1.000000000000000000 ) ) ;
#2963 = CYLINDRICAL_SURFACE ( 'NONE', #850, 4.350000000000363798 ) ;
#2964 = VERTEX_POINT ( 'NONE', #333 ) ;
#2965 = ADVANCED_FACE ( 'NONE', ( #2540 ), #71, .F. ) ;
#2966 = DIRECTION ( 'NONE',  ( 0.000000000000000000, 0.000000000000000000, 1.000000000000000000 ) ) ;
#2967 = CARTESIAN_POINT ( 'NONE',  ( -9.741071428570768020, -40.04325427765064660, -12.00000000000000000 ) ) ;
#2968 = PERSON_AND_ORGANIZATION ( #645, #541 ) ;
#2969 = ADVANCED_FACE ( 'NONE', ( #429 ), #685, .F. ) ;
#2970 = ADVANCED_FACE ( 'NONE', ( #1842 ), #1804, .T. ) ;
#2971 = VERTEX_POINT ( 'NONE', #160 ) ;
#2972 = ORIENTED_EDGE ( 'NONE', *, *, #1093, .F. ) ;
#2973 = TOROIDAL_SURFACE ( 'NONE', #1879, 50.49999999990110666, 0.5000000000000000000 ) ;
#2974 = ORIENTED_EDGE ( 'NONE', *, *, #815, .T. ) ;
#2975 = DIRECTION ( 'NONE',  ( 0.8079247161331186700, 0.5892857142857100827, 0.000000000000000000 ) ) ;
#2976 = CARTESIAN_POINT ( 'NONE',  ( 2.400000000000000355, -6.821800069278793899E-13, 6.499999999999999112 ) ) ;
#2977 = FACE_OUTER_BOUND ( 'NONE', #2279, .T. ) ;
#2978 = CARTESIAN_POINT ( 'NONE',  ( 4.500000000000000000, -5.500000000000227374, -5.500000000000000888 ) ) ;
#2979 = ORIENTED_EDGE ( 'NONE', *, *, #526, .F. ) ;
#2980 = DIRECTION ( 'NONE',  ( -0.000000000000000000, -1.000000000000000000, -0.000000000000000000 ) ) ;
#2981 = CYLINDRICAL_SURFACE ( 'NONE', #860, 0.5000000000000004441 ) ;
#2982 = DIRECTION ( 'NONE',  ( 0.000000000000000000, 1.734723475976789937E-15, -1.000000000000000000 ) ) ;
#2983 = EDGE_CURVE ( 'NONE', #807, #1955, #54, .T. ) ;
#2984 = CARTESIAN_POINT ( 'NONE',  ( -23.00000000000080291, -21.86494816465562252, -12.50000000000000000 ) ) ;
#2985 = ORIENTED_EDGE ( 'NONE', *, *, #693, .F. ) ;
#2986 = VERTEX_POINT ( 'NONE', #3445 ) ;
#2987 = ORIENTED_EDGE ( 'NONE', *, *, #618, .F. ) ;
#2988 = DIRECTION ( 'NONE',  ( 0.000000000000000000, 0.000000000000000000, 1.000000000000000000 ) ) ;
#2989 = VECTOR ( 'NONE', #412, 1000.000000000000000 ) ;
#2990 = FACE_OUTER_BOUND ( 'NONE', #295, .T. ) ;
#2991 = CARTESIAN_POINT ( 'NONE',  ( 1.899999999999999911, -7.500000000000229150, -5.500000000000000000 ) ) ;
#2992 = AXIS2_PLACEMENT_3D ( 'NONE', #1456, #86, #3391 ) ;
#2993 = LINE ( 'NONE', #1912, #2892 ) ;
#2994 = EDGE_CURVE ( 'NONE', #1864, #220, #3056, .T. ) ;
#2995 = ORIENTED_EDGE ( 'NONE', *, *, #1363, .T. ) ;
#2996 = ADVANCED_FACE ( 'NONE', ( #671 ), #1321, .T. ) ;
#2997 = VECTOR ( 'NONE', #465, 1000.000000000000000 ) ;
#2998 = PRODUCT_DEFINITION ( '未知', '', #1237, #1436 ) ;
#2999 = CARTESIAN_POINT ( 'NONE',  ( 1.899999999999999911, 0.000000000000000000, -6.000000000000000000 ) ) ;
#3000 = B_SPLINE_CURVE_WITH_KNOTS ( 'NONE', 3,
 ( #2012, #51, #2563, #337, #91, #1176, #2871, #3362 ),
 .UNSPECIFIED., .F., .F.,
 ( 4, 2, 2, 4 ),
 ( -1.721325937270222633E-05, 0.001390360512501411525, 0.002094147398438466878, 0.002797934284375522447 ),
 .UNSPECIFIED. ) ;
#3001 = FACE_OUTER_BOUND ( 'NONE', #1520, .T. ) ;
#3002 = DIRECTION ( 'NONE',  ( 0.000000000000000000, 1.000000000000000000, -0.000000000000000000 ) ) ;
#3003 = ORIENTED_EDGE ( 'NONE', *, *, #1753, .T. ) ;
#3004 = ORIENTED_EDGE ( 'NONE', *, *, #2608, .F. ) ;
#3005 = AXIS2_PLACEMENT_3D ( 'NONE', #2923, #1571, #460 ) ;
#3006 = ORIENTED_EDGE ( 'NONE', *, *, #291, .T. ) ;
#3007 = DIRECTION ( 'NONE',  ( 0.000000000000000000, 0.000000000000000000, -1.000000000000000000 ) ) ;
#3008 = AXIS2_PLACEMENT_3D ( 'NONE', #2037, #1997, #3111 ) ;
#3009 = VECTOR ( 'NONE', #616, 1000.000000000000000 ) ;
#3010 = PLANE ( 'NONE',  #3510 ) ;
#3011 = DIRECTION ( 'NONE',  ( 0.000000000000000000, 1.006139616066547231E-13, 1.000000000000000000 ) ) ;
#3012 = LINE ( 'NONE', #2705, #3238 ) ;
#3013 = ADVANCED_FACE ( 'NONE', ( #2135 ), #1312, .T. ) ;
#3014 = EDGE_LOOP ( 'NONE', ( #2018, #2393, #2229, #2799 ) ) ;
#3015 = AXIS2_PLACEMENT_3D ( 'NONE', #607, #298, #557 ) ;
#3016 = DIRECTION ( 'NONE',  ( 0.000000000000000000, 0.000000000000000000, 1.000000000000000000 ) ) ;
#3017 = EDGE_CURVE ( 'NONE', #3346, #2772, #2950, .T. ) ;
#3018 = CARTESIAN_POINT ( 'NONE',  ( -3.499999999999999556, -44.48684021638337072, 2.000000000000000000 ) ) ;
#3019 = ORIENTED_EDGE ( 'NONE', *, *, #1685, .F. ) ;
#3020 = VERTEX_POINT ( 'NONE', #446 ) ;
#3021 = ORIENTED_EDGE ( 'NONE', *, *, #2719, .F. ) ;
#3022 = LINE ( 'NONE', #504, #406 ) ;
#3023 = EDGE_CURVE ( 'NONE', #819, #1240, #1786, .T. ) ;
#3024 = EDGE_CURVE ( 'NONE', #3395, #503, #2878, .T. ) ;
#3025 = LINE ( 'NONE', #1067, #2081 ) ;
#3026 = DIRECTION ( 'NONE',  ( 0.000000000000000000, 0.000000000000000000, 1.000000000000000000 ) ) ;
#3027 = CARTESIAN_POINT ( 'NONE',  ( -6.500000000000328626, -51.98684021638298702, 12.50000000000000000 ) ) ;
#3028 = ORIENTED_EDGE ( 'NONE', *, *, #3261, .T. ) ;
#3029 = DIRECTION ( 'NONE',  ( 4.733125296354118435E-14, -0.4999999999999502065, -0.8660254037844673514 ) ) ;
#3030 = CARTESIAN_POINT ( 'NONE',  ( -12.64106111313364522, -38.83258645464923831, -1.519695038647482344 ) ) ;
#3031 = FACE_BOUND ( 'NONE', #3549, .T. ) ;
#3032 = EDGE_CURVE ( 'NONE', #1955, #186, #2104, .T. ) ;
#3033 = ORIENTED_EDGE ( 'NONE', *, *, #2275, .T. ) ;
#3034 = ORIENTED_EDGE ( 'NONE', *, *, #74, .T. ) ;
#3035 = LOCAL_TIME ( 18, 25, 37.00000000000000000, #2619 ) ;
#3036 = EDGE_LOOP ( 'NONE', ( #1445, #2630, #857, #560 ) ) ;
#3037 = CARTESIAN_POINT ( 'NONE',  ( -6.500000000000328626, -44.48684021638313624, -12.00000000000000000 ) ) ;
#3038 = ORIENTED_EDGE ( 'NONE', *, *, #3294, .T. ) ;
#3039 = CARTESIAN_POINT ( 'NONE',  ( 4.999999999999547917, -44.48684021638337072, -1.500000000000000000 ) ) ;
#3040 = DIRECTION ( 'NONE',  ( -1.000000000000000000, 0.000000000000000000, 0.000000000000000000 ) ) ;
#3041 = DIRECTION ( 'NONE',  ( 1.000000000000000000, -0.000000000000000000, 0.000000000000000000 ) ) ;
#3042 = AXIS2_PLACEMENT_3D ( 'NONE', #2775, #1393, #2024 ) ;
#3043 = EDGE_LOOP ( 'NONE', ( #1732, #2073, #1794, #1415 ) ) ;
#3044 = CIRCLE ( 'NONE', #3284, 3.000000000000001332 ) ;
#3045 = CARTESIAN_POINT ( 'NONE',  ( 4.081818321139738082, -49.40538528849408095, 1.719327843517271859 ) ) ;
#3046 = EDGE_CURVE ( 'NONE', #1400, #2570, #3196, .T. ) ;
#3047 = CARTESIAN_POINT ( 'NONE',  ( -12.94179842094135147, -39.46121593630350333, -1.621577074965297571 ) ) ;
#3048 = CIRCLE ( 'NONE', #2417, 0.8500000000003643530 ) ;
#3049 = VECTOR ( 'NONE', #3168, 1000.000000000000000 ) ;
#3050 = CIRCLE ( 'NONE', #1664, 0.5000000000000004441 ) ;
#3051 = ORIENTED_EDGE ( 'NONE', *, *, #815, .F. ) ;
#3052 = PLANE ( 'NONE',  #3180 ) ;
#3053 = ORIENTED_EDGE ( 'NONE', *, *, #1533, .T. ) ;
#3054 = ORIENTED_EDGE ( 'NONE', *, *, #246, .F. ) ;
#3055 = CIRCLE ( 'NONE', #3520, 22.50000000000080291 ) ;
#3056 = CIRCLE ( 'NONE', #2760, 12.00000000000000000 ) ;
#3057 = ORIENTED_EDGE ( 'NONE', *, *, #2064, .F. ) ;
#3058 = DIRECTION ( 'NONE',  ( 0.000000000000000000, 0.000000000000000000, 1.000000000000000000 ) ) ;
#3059 = VECTOR ( 'NONE', #425, 1000.000000000000000 ) ;
#3060 = ORIENTED_EDGE ( 'NONE', *, *, #2129, .F. ) ;
#3061 = FACE_OUTER_BOUND ( 'NONE', #174, .T. ) ;
#3062 = CARTESIAN_POINT ( 'NONE',  ( 0.000000000000000000, -2.272487753529617294E-13, -2.350000000000363798 ) ) ;
#3063 = DIRECTION ( 'NONE',  ( 0.000000000000000000, 0.000000000000000000, 1.000000000000000000 ) ) ;
#3064 = CIRCLE ( 'NONE', #856, 20.00000000000006750 ) ;
#3065 = VERTEX_POINT ( 'NONE', #714 ) ;
#3066 = FACE_OUTER_BOUND ( 'NONE', #2690, .T. ) ;
#3067 = DIRECTION ( 'NONE',  ( 1.000000000000000000, 0.000000000000000000, 0.000000000000000000 ) ) ;
#3068 = CIRCLE ( 'NONE', #701, 0.4999999999999992228 ) ;
#3069 = EDGE_CURVE ( 'NONE', #1544, #1103, #3348, .T. ) ;
#3070 = CARTESIAN_POINT ( 'NONE',  ( 1.899999999999999911, -4.035898384862474764, -6.000000000000000000 ) ) ;
#3071 = DIRECTION ( 'NONE',  ( -0.000000000000000000, 1.000000000000000000, -0.000000000000000000 ) ) ;
#3072 = ORIENTED_EDGE ( 'NONE', *, *, #1970, .F. ) ;
#3073 = EDGE_LOOP ( 'NONE', ( #2546, #1598, #704, #488 ) ) ;
#3074 = ADVANCED_FACE ( 'NONE', ( #2596 ), #1213, .T. ) ;
#3075 = ORIENTED_EDGE ( 'NONE', *, *, #2743, .F. ) ;
#3076 = CARTESIAN_POINT ( 'NONE',  ( 0.000000000000000000, -0.000000000000000000, 6.350000000000363798 ) ) ;
#3077 = ORIENTED_EDGE ( 'NONE', *, *, #1333, .T. ) ;
#3078 = CARTESIAN_POINT ( 'NONE',  ( 4.000000000000000000, -4.035898384862449007, 7.499999999999940492 ) ) ;
#3079 = CARTESIAN_POINT ( 'NONE',  ( -23.00000000000080291, -21.86494816465562252, -12.50000000000000000 ) ) ;
#3080 = DIRECTION ( 'NONE',  ( -1.000000000000000000, -0.000000000000000000, -0.000000000000000000 ) ) ;
#3081 = CARTESIAN_POINT ( 'NONE',  ( 40.00000000000000000, -49.48684021638359809, -3.500000000000001332 ) ) ;
#3082 = CARTESIAN_POINT ( 'NONE',  ( 4.500000000000000000, -4.035898384862599997, 5.999999999999998224 ) ) ;
#3083 = DIRECTION ( 'NONE',  ( 1.000000000000000000, 0.000000000000000000, 0.000000000000000000 ) ) ;
#3084 = CARTESIAN_POINT ( 'NONE',  ( 4.500000000000000000, 0.000000000000000000, -6.500000000000000888 ) ) ;
#3085 = ORIENTED_EDGE ( 'NONE', *, *, #3199, .F. ) ;
#3086 = VERTEX_POINT ( 'NONE', #142 ) ;
#3087 = EDGE_CURVE ( 'NONE', #3346, #1812, #2911, .T. ) ;
#3088 = EDGE_CURVE ( 'NONE', #2506, #1516, #1425, .T. ) ;
#3089 = VERTEX_POINT ( 'NONE', #2638 ) ;
#3090 = LINE ( 'NONE', #3076, #1858 ) ;
#3091 = EDGE_CURVE ( 'NONE', #43, #19, #3012, .T. ) ;
#3092 = VERTEX_POINT ( 'NONE', #3027 ) ;
#3093 = DIRECTION ( 'NONE',  ( 0.000000000000000000, 0.000000000000000000, -1.000000000000000000 ) ) ;
#3094 = DIRECTION ( 'NONE',  ( 0.000000000000000000, 1.000000000000000000, -0.000000000000000000 ) ) ;
#3095 = CARTESIAN_POINT ( 'NONE',  ( 4.500000000000000000, -16.50000000000022737, 8.499999999999998224 ) ) ;
#3096 = CARTESIAN_POINT ( 'NONE',  ( 0.000000000000000000, -21.86494816465562252, -12.00000000000000000 ) ) ;
#3097 = CARTESIAN_POINT ( 'NONE',  ( 30.99319984790730587, -51.98684021638314334, -17.85714285713886795 ) ) ;
#3098 = CIRCLE ( 'NONE', #1308, 1.149999999999636646 ) ;
#3099 = ADVANCED_FACE ( 'NONE', ( #3251 ), #3565, .T. ) ;
#3100 = DIRECTION ( 'NONE',  ( 0.000000000000000000, 1.000000000000000000, 0.000000000000000000 ) ) ;
#3101 = EDGE_CURVE ( 'NONE', #203, #3246, #2310, .T. ) ;
#3102 = VECTOR ( 'NONE', #2273, 1000.000000000000000 ) ;
#3103 = ORIENTED_EDGE ( 'NONE', *, *, #263, .T. ) ;
#3104 = CARTESIAN_POINT ( 'NONE',  ( 4.500000000000000000, -7.500000000000227374, -8.000000000000000000 ) ) ;
#3105 = LINE ( 'NONE', #319, #1902 ) ;
#3106 = AXIS2_PLACEMENT_3D ( 'NONE', #2235, #30, #314 ) ;
#3107 = VERTEX_POINT ( 'NONE', #13 ) ;
#3108 = AXIS2_PLACEMENT_3D ( 'NONE', #509, #1616, #2180 ) ;
#3109 = ORIENTED_EDGE ( 'NONE', *, *, #1361, .T. ) ;
#3110 = VERTEX_POINT ( 'NONE', #2753 ) ;
#3111 = DIRECTION ( 'NONE',  ( 0.000000000000000000, 0.000000000000000000, -1.000000000000000000 ) ) ;
#3112 = ORIENTED_EDGE ( 'NONE', *, *, #601, .F. ) ;
#3113 = DIRECTION ( 'NONE',  ( 0.000000000000000000, 0.000000000000000000, -1.000000000000000000 ) ) ;
#3114 = FACE_OUTER_BOUND ( 'NONE', #1994, .T. ) ;
#3115 = FACE_OUTER_BOUND ( 'NONE', #257, .T. ) ;
#3116 = CIRCLE ( 'NONE', #2667, 19.50000000000081002 ) ;
#3117 = CARTESIAN_POINT ( 'NONE',  ( -23.00000000000080291, -21.86494816465562252, -2.000000000000000000 ) ) ;
#3118 = ADVANCED_FACE ( 'NONE', ( #812, #208 ), #1878, .T. ) ;
#3119 = VECTOR ( 'NONE', #603, 1000.000000000000000 ) ;
#3120 = DIRECTION ( 'NONE',  ( 0.000000000000000000, 0.000000000000000000, 1.000000000000000000 ) ) ;
#3121 = LINE ( 'NONE', #1414, #2197 ) ;
#3122 = EDGE_CURVE ( 'NONE', #2379, #494, #1967, .T. ) ;
#3123 = ORIENTED_EDGE ( 'NONE', *, *, #3275, .T. ) ;
#3124 = DIRECTION ( 'NONE',  ( 6.938893903907227589E-15, 1.000000000000000000, -0.000000000000000000 ) ) ;
#3125 = CARTESIAN_POINT ( 'NONE',  ( -6.500000000000328626, -49.48684021638359809, 12.00000000000000000 ) ) ;
#3126 = VECTOR ( 'NONE', #445, 1000.000000000000000 ) ;
#3127 = ORIENTED_EDGE ( 'NONE', *, *, #2301, .T. ) ;
#3128 = ORIENTED_EDGE ( 'NONE', *, *, #1983, .T. ) ;
#3129 = CARTESIAN_POINT ( 'NONE',  ( -3.218598132018454461, -2.652909059107769085, 1.580898004317330185 ) ) ;
#3130 = EDGE_LOOP ( 'NONE', ( #3143, #3142, #2796, #861 ) ) ;
#3131 = CARTESIAN_POINT ( 'NONE',  ( -23.00000000000080291, -21.86494816465562252, -2.000000000000000000 ) ) ;
#3132 = CARTESIAN_POINT ( 'NONE',  ( 4.500000000000000000, -16.50000000000022737, -6.350000000000363798 ) ) ;
#3133 = CARTESIAN_POINT ( 'NONE',  ( 4.999999999999547917, -44.48684021638337072, 1.500000000000000000 ) ) ;
#3134 = DIRECTION ( 'NONE',  ( 1.000000000000000000, 0.000000000000000000, -0.000000000000000000 ) ) ;
#3135 = ADVANCED_FACE ( 'NONE', ( #3305 ), #277, .T. ) ;
#3136 = DIRECTION ( 'NONE',  ( 1.000000000000000000, -0.000000000000000000, 0.000000000000000000 ) ) ;
#3137 = DIRECTION ( 'NONE',  ( 0.000000000000000000, 0.000000000000000000, -1.000000000000000000 ) ) ;
#3138 = DIRECTION ( 'NONE',  ( 0.000000000000000000, 0.000000000000000000, 1.000000000000000000 ) ) ;
#3139 = ORIENTED_EDGE ( 'NONE', *, *, #3541, .T. ) ;
#3140 = LINE ( 'NONE', #73, #1574 ) ;
#3141 = DIRECTION ( 'NONE',  ( 0.000000000000000000, 0.000000000000000000, -1.000000000000000000 ) ) ;
#3142 = ORIENTED_EDGE ( 'NONE', *, *, #2953, .T. ) ;
#3143 = ORIENTED_EDGE ( 'NONE', *, *, #371, .F. ) ;
#3144 = DIRECTION ( 'NONE',  ( 1.000000000000000000, -0.000000000000000000, 0.000000000000000000 ) ) ;
#3145 = EDGE_CURVE ( 'NONE', #19, #1351, #3513, .T. ) ;
#3146 = PRODUCT_RELATED_PRODUCT_CATEGORY ( 'detail', '', ( #2151 ) ) ;
#3147 = VERTEX_POINT ( 'NONE', #3267 ) ;
#3148 = ORIENTED_EDGE ( 'NONE', *, *, #1742, .F. ) ;
#3149 = DIRECTION ( 'NONE',  ( 0.000000000000000000, 0.000000000000000000, -1.000000000000000000 ) ) ;
#3150 = DIRECTION ( 'NONE',  ( 0.000000000000000000, -1.000000000000000000, 0.000000000000000000 ) ) ;
#3151 = CARTESIAN_POINT ( 'NONE',  ( 4.500000000000000000, -14.50000000000022560, 4.350000000000363798 ) ) ;
#3152 = FACE_OUTER_BOUND ( 'NONE', #2929, .T. ) ;
#3153 = DIRECTION ( 'NONE',  ( 0.000000000000000000, -1.000000000000000000, 0.000000000000000000 ) ) ;
#3154 = CARTESIAN_POINT ( 'NONE',  ( -23.00000000000080291, -21.86494816465562252, 12.00000000000000000 ) ) ;
#3155 = CARTESIAN_POINT ( 'NONE',  ( 0.000000000000000000, -21.86494816465562252, -12.50000000000000000 ) ) ;
#3156 = ORIENTED_EDGE ( 'NONE', *, *, #1147, .F. ) ;
#3157 = DIRECTION ( 'NONE',  ( 0.000000000000000000, 0.000000000000000000, 1.000000000000000000 ) ) ;
#3158 = DIRECTION ( 'NONE',  ( 0.000000000000000000, 0.000000000000000000, 1.000000000000000000 ) ) ;
#3159 = VECTOR ( 'NONE', #2980, 1000.000000000000000 ) ;
#3160 = VERTEX_POINT ( 'NONE', #3535 ) ;
#3161 = EDGE_LOOP ( 'NONE', ( #2212, #2857, #2763, #775, #664 ) ) ;
#3162 = AXIS2_PLACEMENT_3D ( 'NONE', #669, #156, #2061 ) ;
#3163 = CARTESIAN_POINT ( 'NONE',  ( 1.899999999999999911, -7.500000000000229150, -5.500000000000000000 ) ) ;
#3164 = AXIS2_PLACEMENT_3D ( 'NONE', #82, #879, #1718 ) ;
#3165 = ORIENTED_EDGE ( 'NONE', *, *, #724, .T. ) ;
#3166 = ORIENTED_EDGE ( 'NONE', *, *, #2994, .T. ) ;
#3167 = EDGE_CURVE ( 'NONE', #3089, #1395, #2598, .T. ) ;
#3168 = DIRECTION ( 'NONE',  ( -1.000000000000000000, 0.000000000000000000, 0.000000000000000000 ) ) ;
#3169 = FACE_OUTER_BOUND ( 'NONE', #1746, .T. ) ;
#3170 = DIRECTION ( 'NONE',  ( 0.000000000000000000, 1.000000000000000000, -0.000000000000000000 ) ) ;
#3171 = LINE ( 'NONE', #2908, #1135 ) ;
#3172 = AXIS2_PLACEMENT_3D ( 'NONE', #2327, #2890, #2659 ) ;
#3173 = CARTESIAN_POINT ( 'NONE',  ( -5.000000000000000000, 0.000000000000000000, 0.000000000000000000 ) ) ;
#3174 = DIRECTION ( 'NONE',  ( 0.000000000000000000, 0.000000000000000000, 1.000000000000000000 ) ) ;
#3175 = DIRECTION ( 'NONE',  ( 0.000000000000000000, 1.000000000000000000, -1.006139616066547105E-13 ) ) ;
#3176 = AXIS2_PLACEMENT_3D ( 'NONE', #2749, #270, #2771 ) ;
#3177 = DIRECTION ( 'NONE',  ( -1.000000000000000000, 0.000000000000000000, 0.000000000000000000 ) ) ;
#3178 = CARTESIAN_POINT ( 'NONE',  ( -11.21428571428605636, -38.02344248731859722, 2.000000000000000000 ) ) ;
#3179 = DIRECTION ( 'NONE',  ( -0.5892857142857548247, 0.8079247161330861404, 0.000000000000000000 ) ) ;
#3180 = AXIS2_PLACEMENT_3D ( 'NONE', #851, #303, #1091 ) ;
#3181 = EDGE_CURVE ( 'NONE', #1010, #56, #3522, .T. ) ;
#3182 = ADVANCED_FACE ( 'NONE', ( #1376 ), #2963, .T. ) ;
#3183 = ORIENTED_EDGE ( 'NONE', *, *, #941, .T. ) ;
#3184 = TOROIDAL_SURFACE ( 'NONE', #1330, 5.500000000000079048, 0.5000000000000000000 ) ;
#3185 = PLANE ( 'NONE',  #2029 ) ;
#3186 = CIRCLE ( 'NONE', #1626, 0.5000000000000004441 ) ;
#3187 = VERTEX_POINT ( 'NONE', #2169 ) ;
#3188 = ORIENTED_EDGE ( 'NONE', *, *, #2831, .F. ) ;
#3189 = EDGE_CURVE ( 'NONE', #3092, #2820, #1305, .T. ) ;
#3190 = CARTESIAN_POINT ( 'NONE',  ( 1.899999999999999911, -6.821800069278795918E-13, 6.000000000000000000 ) ) ;
#3191 = DIRECTION ( 'NONE',  ( -1.000000000000000000, 0.000000000000000000, 0.000000000000000000 ) ) ;
#3192 = DIRECTION ( 'NONE',  ( 0.000000000000000000, -1.000000000000000000, 0.000000000000000000 ) ) ;
#3193 = DIRECTION ( 'NONE',  ( 0.000000000000000000, 0.000000000000000000, 1.000000000000000000 ) ) ;
#3194 = DIRECTION ( 'NONE',  ( 0.000000000000000000, 0.000000000000000000, -1.000000000000000000 ) ) ;
#3195 = DIRECTION ( 'NONE',  ( -0.000000000000000000, -1.000000000000000000, -0.000000000000000000 ) ) ;
#3196 = LINE ( 'NONE', #944, #3407 ) ;
#3197 = ORIENTED_EDGE ( 'NONE', *, *, #2560, .F. ) ;
#3198 = COORDINATED_UNIVERSAL_TIME_OFFSET ( 8, 0, .AHEAD. ) ;
#3199 = EDGE_CURVE ( 'NONE', #34, #173, #2993, .T. ) ;
#3200 = DIRECTION ( 'NONE',  ( 0.000000000000000000, 0.000000000000000000, -1.000000000000000000 ) ) ;
#3201 = CARTESIAN_POINT ( 'NONE',  ( 31.21836985170955003, -52.48684021638314334, -17.41071428571035895 ) ) ;
#3202 = FACE_OUTER_BOUND ( 'NONE', #339, .T. ) ;
#3203 = ORIENTED_EDGE ( 'NONE', *, *, #692, .T. ) ;
#3204 = DIRECTION ( 'NONE',  ( 0.000000000000000000, -1.000000000000000000, -1.927470528863119049E-16 ) ) ;
#3205 = EDGE_LOOP ( 'NONE', ( #789, #2473, #3054, #20 ) ) ;
#3206 = EDGE_CURVE ( 'NONE', #2109, #3092, #273, .T. ) ;
#3207 = ORIENTED_EDGE ( 'NONE', *, *, #1412, .T. ) ;
#3208 = ADVANCED_FACE ( 'NONE', ( #2450 ), #511, .T. ) ;
#3209 = DIRECTION ( 'NONE',  ( -5.457440055423036381E-14, 1.000000000000000000, 0.000000000000000000 ) ) ;
#3210 = EDGE_CURVE ( 'NONE', #3147, #3329, #2183, .T. ) ;
#3211 = DIRECTION ( 'NONE',  ( -1.000000000000000000, -0.000000000000000000, -0.000000000000000000 ) ) ;
#3212 = DIRECTION ( 'NONE',  ( 0.000000000000000000, 0.000000000000000000, -1.000000000000000000 ) ) ;
#3213 = EDGE_CURVE ( 'NONE', #1812, #2001, #3048, .T. ) ;
#3214 = DIRECTION ( 'NONE',  ( 0.000000000000000000, 0.000000000000000000, 1.000000000000000000 ) ) ;
#3215 = LINE ( 'NONE', #2866, #10 ) ;
#3216 = CARTESIAN_POINT ( 'NONE',  ( 2.400000000000000355, -16.50000000000022737, 7.999999999999998224 ) ) ;
#3217 = ORIENTED_EDGE ( 'NONE', *, *, #2143, .F. ) ;
#3218 = APPROVAL_DATE_TIME ( #472, #2626 ) ;
#3219 = FACE_OUTER_BOUND ( 'NONE', #687, .T. ) ;
#3220 = DIRECTION ( 'NONE',  ( 0.000000000000000000, 0.000000000000000000, -1.000000000000000000 ) ) ;
#3221 = DIRECTION ( 'NONE',  ( 0.000000000000000000, 0.000000000000000000, -1.000000000000000000 ) ) ;
#3222 = ORIENTED_EDGE ( 'NONE', *, *, #3189, .T. ) ;
#3223 = AXIS2_PLACEMENT_3D ( 'NONE', #1292, #2085, #3177 ) ;
#3224 = ORIENTED_EDGE ( 'NONE', *, *, #1234, .T. ) ;
#3225 = TOROIDAL_SURFACE ( 'NONE', #1954, 7.499999999999850786, 0.5000000000000000000 ) ;
#3226 = ORIENTED_EDGE ( 'NONE', *, *, #1983, .F. ) ;
#3227 = CARTESIAN_POINT ( 'NONE',  ( -0.4999999999999995559, -6.821800069278793899E-13, -12.50000000000000000 ) ) ;
#3228 = AXIS2_PLACEMENT_3D ( 'NONE', #1755, #1206, #440 ) ;
#3229 = EDGE_CURVE ( 'NONE', #1697, #819, #3410, .T. ) ;
#3230 = DIRECTION ( 'NONE',  ( 1.000000000000000000, -0.000000000000000000, 0.000000000000000000 ) ) ;
#3231 = CARTESIAN_POINT ( 'NONE',  ( -3.000000000000000000, 12.50000000000000000, -12.50000000000000000 ) ) ;
#3232 = CARTESIAN_POINT ( 'NONE',  ( 1.899999999999999911, -7.500000000000229150, 5.500000000000000000 ) ) ;
#3233 = ORIENTED_EDGE ( 'NONE', *, *, #798, .T. ) ;
#3234 = CIRCLE ( 'NONE', #1782, 0.5000000000000004441 ) ;
#3235 = PERSON_AND_ORGANIZATION_ROLE ( 'design_supplier' ) ;
#3236 = AXIS2_PLACEMENT_3D ( 'NONE', #2574, #2829, #350 ) ;
#3237 = CARTESIAN_POINT ( 'NONE',  ( -23.00000000000080291, -21.86494816465562252, -2.000000000000000000 ) ) ;
#3238 = VECTOR ( 'NONE', #256, 1000.000000000000000 ) ;
#3239 = EDGE_CURVE ( 'NONE', #115, #2875, #3373, .T. ) ;
#3240 = DIRECTION ( 'NONE',  ( -0.8079247161332219207, -0.5892857142855687513, -0.000000000000000000 ) ) ;
#3241 = FACE_OUTER_BOUND ( 'NONE', #3544, .T. ) ;
#3242 = AXIS2_PLACEMENT_3D ( 'NONE', #648, #1185, #2633 ) ;
#3243 = CIRCLE ( 'NONE', #2262, 2.350000000000363798 ) ;
#3244 = ORIENTED_EDGE ( 'NONE', *, *, #751, .T. ) ;
#3245 = EDGE_LOOP ( 'NONE', ( #2194, #127, #3320, #2898 ) ) ;
#3246 = VERTEX_POINT ( 'NONE', #1944 ) ;
#3247 = VECTOR ( 'NONE', #748, 1000.000000000000000 ) ;
#3248 = CYLINDRICAL_SURFACE ( 'NONE', #1263, 0.5000000000000004441 ) ;
#3249 = CARTESIAN_POINT ( 'NONE',  ( 1.899999999999999911, 0.000000000000000000, 0.000000000000000000 ) ) ;
#3250 = FACE_OUTER_BOUND ( 'NONE', #2734, .T. ) ;
#3251 = FACE_OUTER_BOUND ( 'NONE', #2958, .T. ) ;
#3252 = ADVANCED_FACE ( 'NONE', ( #84 ), #1170, .T. ) ;
#3253 = EDGE_LOOP ( 'NONE', ( #949, #3382, #1534, #2512 ) ) ;
#3254 = CARTESIAN_POINT ( 'NONE',  ( -0.4999999999999995559, -6.548928066507642143E-13, -12.00000000000000000 ) ) ;
#3255 = FACE_OUTER_BOUND ( 'NONE', #1905, .T. ) ;
#3256 = CARTESIAN_POINT ( 'NONE',  ( 0.000000000000000000, -21.86494816465562252, -2.000000000000000000 ) ) ;
#3257 = DIRECTION ( 'NONE',  ( -2.754946985610692172E-14, 0.000000000000000000, -1.000000000000000000 ) ) ;
#3258 = ORIENTED_EDGE ( 'NONE', *, *, #1513, .T. ) ;
#3259 = ORIENTED_EDGE ( 'NONE', *, *, #3167, .T. ) ;
#3260 = EDGE_CURVE ( 'NONE', #1062, #1382, #3402, .T. ) ;
#3261 = EDGE_CURVE ( 'NONE', #1400, #2226, #2765, .T. ) ;
#3262 = ORIENTED_EDGE ( 'NONE', *, *, #3485, .F. ) ;
#3263 = DIRECTION ( 'NONE',  ( 0.000000000000000000, 0.000000000000000000, 1.000000000000000000 ) ) ;
#3264 = EDGE_CURVE ( 'NONE', #1382, #760, #1998, .T. ) ;
#3265 = PLANE ( 'NONE',  #3287 ) ;
#3266 = DIRECTION ( 'NONE',  ( -1.000000000000000000, 0.000000000000000000, -0.000000000000000000 ) ) ;
#3267 = CARTESIAN_POINT ( 'NONE',  ( 4.999999999999999112, -49.48684021638359809, 2.000000000000000000 ) ) ;
#3268 = ORIENTED_EDGE ( 'NONE', *, *, #875, .T. ) ;
#3269 = CARTESIAN_POINT ( 'NONE',  ( -3.000000000000000000, -6.548928066507642143E-13, 12.00000000000000000 ) ) ;
#3270 = CARTESIAN_POINT ( 'NONE',  ( 0.000000000000000000, -24.66869014268750959, -1.621896306600822291 ) ) ;
#3271 = APPROVAL_PERSON_ORGANIZATION ( #2390, #2626, #3492 ) ;
#3272 = CARTESIAN_POINT ( 'NONE',  ( 8.476199467703743551, -49.98684021638359809, -12.00000000000008349 ) ) ;
#3273 = ORIENTED_EDGE ( 'NONE', *, *, #3145, .T. ) ;
#3274 = VERTEX_POINT ( 'NONE', #3355 ) ;
#3275 = EDGE_CURVE ( 'NONE', #115, #660, #2840, .T. ) ;
#3276 = VERTEX_POINT ( 'NONE', #1410 ) ;
#3277 = TOROIDAL_SURFACE ( 'NONE', #1033, 19.50000000000081002, 0.5000000000000000000 ) ;
#3278 = AXIS2_PLACEMENT_3D ( 'NONE', #3450, #966, #184 ) ;
#3279 = DIRECTION ( 'NONE',  ( -1.000000000000000000, -0.000000000000000000, -0.000000000000000000 ) ) ;
#3280 = CIRCLE ( 'NONE', #551, 19.50000000000006750 ) ;
#3281 = EDGE_CURVE ( 'NONE', #43, #3511, #2491, .T. ) ;
#3282 = DIRECTION ( 'NONE',  ( 1.000000000000000000, 0.000000000000000000, -0.000000000000000000 ) ) ;
#3283 = CYLINDRICAL_SURFACE ( 'NONE', #1977, 20.00000000000006750 ) ;
#3284 = AXIS2_PLACEMENT_3D ( 'NONE', #463, #712, #3214 ) ;
#3285 = CARTESIAN_POINT ( 'NONE',  ( -6.500000000000328626, -49.48684021638359809, 2.000000000000000000 ) ) ;
#3286 = ORIENTED_EDGE ( 'NONE', *, *, #112, .T. ) ;
#3287 = AXIS2_PLACEMENT_3D ( 'NONE', #795, #3546, #779 ) ;
#3288 = LINE ( 'NONE', #545, #960 ) ;
#3289 = DIRECTION ( 'NONE',  ( 0.000000000000000000, 0.000000000000000000, 1.000000000000000000 ) ) ;
#3290 = AXIS2_PLACEMENT_3D ( 'NONE', #2593, #2809, #1188 ) ;
#3291 = TOROIDAL_SURFACE ( 'NONE', #1906, 19.50000000000006750, 0.5000000000000000000 ) ;
#3292 = DIRECTION ( 'NONE',  ( 0.000000000000000000, 1.000000000000000000, 0.000000000000000000 ) ) ;
#3293 = CIRCLE ( 'NONE', #2374, 0.5000000000000000000 ) ;
#3294 = EDGE_CURVE ( 'NONE', #1389, #1586, #758, .T. ) ;
#3295 = ADVANCED_FACE ( 'NONE', ( #3115 ), #2792, .F. ) ;
#3296 = ORIENTED_EDGE ( 'NONE', *, *, #533, .F. ) ;
#3297 = ORIENTED_EDGE ( 'NONE', *, *, #1827, .F. ) ;
#3298 = VECTOR ( 'NONE', #1285, 1000.000000000000000 ) ;
#3299 = VERTEX_POINT ( 'NONE', #1430 ) ;
#3300 = LINE ( 'NONE', #2736, #287 ) ;
#3301 = AXIS2_PLACEMENT_3D ( 'NONE', #1448, #2298, #2549 ) ;
#3302 = AXIS2_PLACEMENT_3D ( 'NONE', #1335, #3540, #1060 ) ;
#3303 = CARTESIAN_POINT ( 'NONE',  ( 4.500000000000000000, -14.50000000000022560, -6.350000000000363798 ) ) ;
#3304 = CARTESIAN_POINT ( 'NONE',  ( 4.000000000000000000, -4.035898384862474764, -6.500000000000000888 ) ) ;
#3305 = FACE_OUTER_BOUND ( 'NONE', #2522, .T. ) ;
#3306 = ORIENTED_EDGE ( 'NONE', *, *, #229, .T. ) ;
#3307 = LINE ( 'NONE', #228, #1605 ) ;
#3308 = DIRECTION ( 'NONE',  ( 1.000000000000000000, 0.000000000000000000, 0.000000000000000000 ) ) ;
#3309 = ADVANCED_FACE ( 'NONE', ( #2233 ), #1749, .T. ) ;
#3310 = CARTESIAN_POINT ( 'NONE',  ( -4.544975507059234587E-13, -44.48684021638337072, 1.500000000000000000 ) ) ;
#3311 = ORIENTED_EDGE ( 'NONE', *, *, #692, .F. ) ;
#3312 = EDGE_LOOP ( 'NONE', ( #998, #2548, #2163, #1982 ) ) ;
#3313 = VERTEX_POINT ( 'NONE', #559 ) ;
#3314 = DIRECTION ( 'NONE',  ( 0.000000000000000000, 0.000000000000000000, 1.000000000000000000 ) ) ;
#3315 = ADVANCED_FACE ( 'NONE', ( #902 ), #3539, .T. ) ;
#3316 = ORIENTED_EDGE ( 'NONE', *, *, #1333, .F. ) ;
#3317 = LINE ( 'NONE', #1941, #2243 ) ;
#3318 = CARTESIAN_POINT ( 'NONE',  ( -3.000000000000455191, 4.008004870492412941, -2.000000000000000000 ) ) ;
#3319 = DIRECTION ( 'NONE',  ( 0.000000000000000000, 0.000000000000000000, -1.000000000000000000 ) ) ;
#3320 = ORIENTED_EDGE ( 'NONE', *, *, #21, .T. ) ;
#3321 = ADVANCED_FACE ( 'NONE', ( #2850 ), #1669, .T. ) ;
#3322 = DIRECTION ( 'NONE',  ( 1.000000000000000000, -5.457440055423041430E-14, 0.000000000000000000 ) ) ;
#3323 = DIRECTION ( 'NONE',  ( -1.000000000000000000, -0.000000000000000000, -0.000000000000000000 ) ) ;
#3324 = DIRECTION ( 'NONE',  ( 1.000000000000000000, -0.000000000000000000, -0.000000000000000000 ) ) ;
#3325 = ORIENTED_EDGE ( 'NONE', *, *, #448, .F. ) ;
#3326 = EDGE_LOOP ( 'NONE', ( #396, #587, #1628, #1096 ) ) ;
#3327 = ORIENTED_EDGE ( 'NONE', *, *, #3576, .T. ) ;
#3328 = FACE_OUTER_BOUND ( 'NONE', #2577, .T. ) ;
#3329 = VERTEX_POINT ( 'NONE', #2776 ) ;
#3330 = DIRECTION ( 'NONE',  ( 0.000000000000000000, -1.000000000000000000, 0.000000000000000000 ) ) ;
#3331 = DIRECTION ( 'NONE',  ( 0.000000000000000000, 0.000000000000000000, -1.000000000000000000 ) ) ;
#3332 = ADVANCED_FACE ( 'NONE', ( #2004 ), #2973, .T. ) ;
#3333 = DIRECTION ( 'NONE',  ( 0.000000000000000000, 1.000000000000000000, -0.000000000000000000 ) ) ;
#3334 = TOROIDAL_SURFACE ( 'NONE', #2935, 19.50000000000006750, 0.5000000000000000000 ) ;
#3335 = ORIENTED_EDGE ( 'NONE', *, *, #1461, .F. ) ;
#3336 = ADVANCED_FACE ( 'NONE', ( #2515 ), #1815, .T. ) ;
#3337 = VECTOR ( 'NONE', #354, 1000.000000000000000 ) ;
#3338 = CARTESIAN_POINT ( 'NONE',  ( 40.00000000000000000, -49.98684021638359809, 0.000000000000000000 ) ) ;
#3339 = DIRECTION ( 'NONE',  ( -1.000000000000000000, -0.000000000000000000, -0.000000000000000000 ) ) ;
#3340 = VECTOR ( 'NONE', #961, 1000.000000000000000 ) ;
#3341 = TOROIDAL_SURFACE ( 'NONE', #794, 1.499999999999941824, 0.5000000000000000000 ) ;
#3342 = ADVANCED_FACE ( 'NONE', ( #865 ), #2042, .T. ) ;
#3343 = CARTESIAN_POINT ( 'NONE',  ( 2.400000000000000355, -5.334936490539098131, 6.749999999999990230 ) ) ;
#3344 = AXIS2_PLACEMENT_3D ( 'NONE', #3414, #928, #2236 ) ;
#3345 = ORIENTED_EDGE ( 'NONE', *, *, #335, .F. ) ;
#3346 = VERTEX_POINT ( 'NONE', #3363 ) ;
#3347 = VECTOR ( 'NONE', #1455, 1000.000000000000000 ) ;
#3348 = CIRCLE ( 'NONE', #678, 0.9999999999999245048 ) ;
#3349 = ORIENTED_EDGE ( 'NONE', *, *, #3574, .F. ) ;
#3350 = CARTESIAN_POINT ( 'NONE',  ( 0.000000000000000000, 0.000000000000000000, 0.000000000000000000 ) ) ;
#3351 = VECTOR ( 'NONE', #1339, 1000.000000000000000 ) ;
#3352 = ORIENTED_EDGE ( 'NONE', *, *, #1301, .T. ) ;
#3353 = CARTESIAN_POINT ( 'NONE',  ( -6.500000000000328626, -51.98684021638298702, -12.50000000000000000 ) ) ;
#3354 = DIRECTION ( 'NONE',  ( 0.000000000000000000, -1.000000000000000000, -0.000000000000000000 ) ) ;
#3355 = CARTESIAN_POINT ( 'NONE',  ( 30.99319984793556060, -51.98684021638314334, 17.85714285715311789 ) ) ;
#3356 = CIRCLE ( 'NONE', #233, 23.00000000000080291 ) ;
#3357 = ORIENTED_EDGE ( 'NONE', *, *, #2409, .F. ) ;
#3358 = AXIS2_PLACEMENT_3D ( 'NONE', #676, #1582, #3449 ) ;
#3359 = CARTESIAN_POINT ( 'NONE',  ( 4.264514925889176133, -49.43588796257844109, 1.772285514586232846 ) ) ;
#3360 = DIRECTION ( 'NONE',  ( 0.000000000000000000, 0.000000000000000000, 1.000000000000000000 ) ) ;
#3361 = VECTOR ( 'NONE', #2944, 1000.000000000000000 ) ;
#3362 = CARTESIAN_POINT ( 'NONE',  ( -12.44135084792358192, -38.40816025261804612, 1.500000000000000000 ) ) ;
#3363 = CARTESIAN_POINT ( 'NONE',  ( 1.899999999999999911, -6.649999999999864464, 5.500000000000000000 ) ) ;
#3364 = ORIENTED_EDGE ( 'NONE', *, *, #2020, .T. ) ;
#3365 = EDGE_LOOP ( 'NONE', ( #974, #953, #2698, #3335 ) ) ;
#3366 = EDGE_LOOP ( 'NONE', ( #2606, #320, #2770, #3 ) ) ;
#3367 = CARTESIAN_POINT ( 'NONE',  ( 4.000000000000000000, -4.035898384862474764, -6.000000000000000000 ) ) ;
#3368 = EDGE_LOOP ( 'NONE', ( #1973, #1629, #682, #1097 ) ) ;
#3369 = EDGE_CURVE ( 'NONE', #131, #1372, #1403, .T. ) ;
#3370 = EDGE_CURVE ( 'NONE', #2, #2195, #1469, .T. ) ;
#3371 = DIRECTION ( 'NONE',  ( 0.000000000000000000, 0.000000000000000000, -1.000000000000000000 ) ) ;
#3372 = DIRECTION ( 'NONE',  ( 0.000000000000000000, 0.000000000000000000, 1.000000000000000000 ) ) ;
#3373 = LINE ( 'NONE', #2534, #113 ) ;
#3374 = CARTESIAN_POINT ( 'NONE',  ( 0.000000000000000000, -25.07076318271477788, 1.580678241955794983 ) ) ;
#3375 = CARTESIAN_POINT ( 'NONE',  ( -11.50892857142892822, -37.61948012925205376, 1.500000000000000000 ) ) ;
#3376 = DIRECTION ( 'NONE',  ( 6.938893903907228378E-15, 1.000000000000000000, -0.000000000000000000 ) ) ;
#3377 = EDGE_LOOP ( 'NONE', ( #743, #3259 ) ) ;
#3378 = DIRECTION ( 'NONE',  ( -1.000000000000000000, -0.000000000000000000, -0.000000000000000000 ) ) ;
#3379 = DIRECTION ( 'NONE',  ( 0.000000000000000000, 8.881784197001252323E-16, -1.000000000000000000 ) ) ;
#3380 = EDGE_LOOP ( 'NONE', ( #732, #2051, #2366, #2917 ) ) ;
#3381 = ORIENTED_EDGE ( 'NONE', *, *, #2640, .F. ) ;
#3382 = ORIENTED_EDGE ( 'NONE', *, *, #709, .F. ) ;
#3383 = CARTESIAN_POINT ( 'NONE',  ( -3.500000000000003109, -5.979487307218745329, 1.500000000000000000 ) ) ;
#3384 = EDGE_CURVE ( 'NONE', #3187, #3435, #773, .T. ) ;
#3385 = VERTEX_POINT ( 'NONE', #3125 ) ;
#3386 = DIRECTION ( 'NONE',  ( 0.000000000000000000, 1.000000000000000000, -0.000000000000000000 ) ) ;
#3387 = DIRECTION ( 'NONE',  ( -0.000000000000000000, -0.000000000000000000, -1.000000000000000000 ) ) ;
#3388 = CARTESIAN_POINT ( 'NONE',  ( 40.00000000000000000, -51.98684021638314334, 0.000000000000000000 ) ) ;
#3389 = AXIS2_PLACEMENT_3D ( 'NONE', #165, #1254, #3221 ) ;
#3390 = CARTESIAN_POINT ( 'NONE',  ( -23.00000000000080291, -21.86494816465562252, -12.50000000000000000 ) ) ;
#3391 = DIRECTION ( 'NONE',  ( 0.000000000000000000, 0.000000000000000000, -1.000000000000000000 ) ) ;
#3392 = CIRCLE ( 'NONE', #1181, 7.999999999999850786 ) ;
#3393 = CARTESIAN_POINT ( 'NONE',  ( 4.081824151555714764, -49.40538640767223910, -1.719329460014439981 ) ) ;
#3394 = VECTOR ( 'NONE', #2865, 1000.000000000000000 ) ;
#3395 = VERTEX_POINT ( 'NONE', #1748 ) ;
#3396 = DIRECTION ( 'NONE',  ( -1.000000000000000000, 6.938893903907228378E-15, 0.000000000000000000 ) ) ;
#3397 = CARTESIAN_POINT ( 'NONE',  ( -11.21428571428605636, -38.02344248731859722, -12.00000000000000000 ) ) ;
#3398 = CIRCLE ( 'NONE', #2707, 20.00000000000081002 ) ;
#3399 = ORIENTED_EDGE ( 'NONE', *, *, #2409, .T. ) ;
#3400 = ORIENTED_EDGE ( 'NONE', *, *, #23, .F. ) ;
#3401 = ADVANCED_FACE ( 'NONE', ( #2854 ), #375, .F. ) ;
#3402 = CIRCLE ( 'NONE', #282, 1.499999999999923173 ) ;
#3403 = DIRECTION ( 'NONE',  ( 0.000000000000000000, -1.000000000000000000, 0.000000000000000000 ) ) ;
#3404 = AXIS2_PLACEMENT_3D ( 'NONE', #885, #3376, #1475 ) ;
#3405 = VERTEX_POINT ( 'NONE', #617 ) ;
#3406 = VECTOR ( 'NONE', #329, 1000.000000000000000 ) ;
#3407 = VECTOR ( 'NONE', #2399, 1000.000000000000000 ) ;
#3408 = CARTESIAN_POINT ( 'NONE',  ( -0.5000000000000004441, -6.821800069278793899E-13, 12.00000000000000000 ) ) ;
#3409 = DIRECTION ( 'NONE',  ( 0.000000000000000000, 0.000000000000000000, 1.000000000000000000 ) ) ;
#3410 = LINE ( 'NONE', #3095, #1901 ) ;
#3411 = CIRCLE ( 'NONE', #1087, 1.499999999999942268 ) ;
#3412 = CARTESIAN_POINT ( 'NONE',  ( -103.0000000000158593, 4.008004870496739258, 1.500000000000000000 ) ) ;
#3413 = CIRCLE ( 'NONE', #1381, 0.5000000000000004441 ) ;
#3414 = CARTESIAN_POINT ( 'NONE',  ( -6.500000000000328626, -44.48684021638313624, -2.000000000000000000 ) ) ;
#3415 = AXIS2_PLACEMENT_3D ( 'NONE', #391, #1496, #128 ) ;
#3416 = EDGE_CURVE ( 'NONE', #912, #1679, #1999, .T. ) ;
#3417 = VERTEX_POINT ( 'NONE', #2579 ) ;
#3418 = CARTESIAN_POINT ( 'NONE',  ( 1.899999999999999911, -0.000000000000000000, 6.350000000000363798 ) ) ;
#3419 = CARTESIAN_POINT ( 'NONE',  ( 8.476199467727326464, -51.98684021638314334, -62.49999999990119903 ) ) ;
#3420 = VECTOR ( 'NONE', #1018, 1000.000000000000000 ) ;
#3421 = EDGE_LOOP ( 'NONE', ( #2070, #2269, #2386, #2779 ) ) ;
#3422 = EDGE_LOOP ( 'NONE', ( #3072, #2612, #475, #2055, #600, #841, #3555, #1065 ) ) ;
#3423 = CARTESIAN_POINT ( 'NONE',  ( 4.500000000000000000, -16.50000000000022737, 7.999999999999998224 ) ) ;
#3424 = ORIENTED_EDGE ( 'NONE', *, *, #1183, .T. ) ;
#3425 = EDGE_LOOP ( 'NONE', ( #209, #2697, #2170, #544 ) ) ;
#3426 = CARTESIAN_POINT ( 'NONE',  ( 1.899999999999999911, -5.500000000000227374, 4.350000000000363798 ) ) ;
#3427 = CARTESIAN_POINT ( 'NONE',  ( -2.500000000000000000, -21.86494816465574331, -12.00000000000000000 ) ) ;
#3428 = CARTESIAN_POINT ( 'NONE',  ( -6.500000000000328626, -44.48684021638313624, 12.50000000000000000 ) ) ;
#3429 = CARTESIAN_POINT ( 'NONE',  ( 4.500000000000000000, -16.50000000000022737, -8.000000000000001776 ) ) ;
#3430 = FACE_OUTER_BOUND ( 'NONE', #2211, .T. ) ;
#3431 = CARTESIAN_POINT ( 'NONE',  ( 1.899999999999999911, -7.500000000000229150, 5.500000000000000000 ) ) ;
#3432 = DIRECTION ( 'NONE',  ( 0.000000000000000000, 0.000000000000000000, 1.000000000000000000 ) ) ;
#3433 = ORIENTED_EDGE ( 'NONE', *, *, #315, .T. ) ;
#3434 = CARTESIAN_POINT ( 'NONE',  ( 4.000000000000000000, -4.901923788646897151, -6.999999999999975131 ) ) ;
#3435 = VERTEX_POINT ( 'NONE', #2332 ) ;
#3436 = EDGE_LOOP ( 'NONE', ( #1904, #161, #1996, #3004, #22, #2526 ) ) ;
#3437 = FACE_OUTER_BOUND ( 'NONE', #307, .T. ) ;
#3438 = VERTEX_POINT ( 'NONE', #658 ) ;
#3439 = ORIENTED_EDGE ( 'NONE', *, *, #3017, .T. ) ;
#3440 = CARTESIAN_POINT ( 'NONE',  ( -6.500000000000328626, -44.48684021638313624, -12.50000000000000000 ) ) ;
#3441 = DIRECTION ( 'NONE',  ( 1.000000000000000000, 0.000000000000000000, 0.000000000000000000 ) ) ;
#3442 = CARTESIAN_POINT ( 'NONE',  ( -12.44135084792358192, -38.40816025261804612, -1.500000000000000000 ) ) ;
#3443 = CARTESIAN_POINT ( 'NONE',  ( 2.400000000000000355, -7.500000000000229150, 5.500000000000000000 ) ) ;
#3444 = DIRECTION ( 'NONE',  ( 1.000000000000000000, -0.000000000000000000, 0.000000000000000000 ) ) ;
#3445 = CARTESIAN_POINT ( 'NONE',  ( 2.400000000000000355, -4.035898384862474764, -6.500000000000000888 ) ) ;
#3446 = EDGE_CURVE ( 'NONE', #3274, #2528, #258, .T. ) ;
#3447 = PERSON_AND_ORGANIZATION ( #645, #541 ) ;
#3448 = DIRECTION ( 'NONE',  ( 1.000000000000000000, 0.000000000000000000, 0.000000000000000000 ) ) ;
#3449 = DIRECTION ( 'NONE',  ( 0.000000000000000000, 0.000000000000000000, 1.000000000000000000 ) ) ;
#3450 = CARTESIAN_POINT ( 'NONE',  ( -6.500000000000328626, -44.48684021638313624, -1.500000000000000000 ) ) ;
#3451 = ADVANCED_FACE ( 'NONE', ( #2292 ), #1479, .T. ) ;
#3452 = EDGE_LOOP ( 'NONE', ( #1523, #75, #1387, #686 ) ) ;
#3453 = ORIENTED_EDGE ( 'NONE', *, *, #1524, .F. ) ;
#3454 = AXIS2_PLACEMENT_3D ( 'NONE', #1058, #2419, #2171 ) ;
#3455 = CARTESIAN_POINT ( 'NONE',  ( 1.899999999999999911, -16.50000000000022737, 0.000000000000000000 ) ) ;
#3456 = AXIS2_PLACEMENT_3D ( 'NONE', #3249, #3561, #810 ) ;
#3457 = VERTEX_POINT ( 'NONE', #3397 ) ;
#3458 = ORIENTED_EDGE ( 'NONE', *, *, #2191, .T. ) ;
#3459 = DIRECTION ( 'NONE',  ( -0.000000000000000000, -0.000000000000000000, -1.000000000000000000 ) ) ;
#3460 = DIRECTION ( 'NONE',  ( 0.000000000000000000, 0.000000000000000000, 1.000000000000000000 ) ) ;
#3461 = CARTESIAN_POINT ( 'NONE',  ( 30.99319984793556060, -52.48684021638359809, 17.85714285715311789 ) ) ;
#3462 = ADVANCED_FACE ( 'NONE', ( #1195 ), #2766, .T. ) ;
#3463 = CARTESIAN_POINT ( 'NONE',  ( 4.999999999999547917, -48.98684021638359809, 2.000000000000000000 ) ) ;
#3464 = CARTESIAN_POINT ( 'NONE',  ( 1.899999999999999911, -6.649999999999862688, -5.500000000000000000 ) ) ;
#3465 = DIRECTION ( 'NONE',  ( 0.000000000000000000, 0.000000000000000000, 1.000000000000000000 ) ) ;
#3466 = DIRECTION ( 'NONE',  ( 0.000000000000000000, 0.000000000000000000, 1.000000000000000000 ) ) ;
#3467 = AXIS2_PLACEMENT_3D ( 'NONE', #973, #2110, #1260 ) ;
#3468 = ORIENTED_EDGE ( 'NONE', *, *, #2719, .T. ) ;
#3469 = CARTESIAN_POINT ( 'NONE',  ( -3.000000000000222045, 2.342645038405796409, -1.882242441508858333 ) ) ;
#3470 = CARTESIAN_POINT ( 'NONE',  ( 1.899999999999999911, 0.000000000000000000, 6.350000000000363798 ) ) ;
#3471 = EDGE_CURVE ( 'NONE', #503, #2075, #2590, .T. ) ;
#3472 = VECTOR ( 'NONE', #3191, 1000.000000000000000 ) ;
#3473 = EDGE_CURVE ( 'NONE', #3395, #50, #2314, .T. ) ;
#3474 = ADVANCED_FACE ( 'NONE', ( #2544 ), #2710, .T. ) ;
#3475 = EDGE_LOOP ( 'NONE', ( #2696, #936, #782, #2428 ) ) ;
#3476 = EDGE_CURVE ( 'NONE', #3329, #2176, #49, .T. ) ;
#3477 = AXIS2_PLACEMENT_3D ( 'NONE', #2492, #2456, #3573 ) ;
#3478 = DIRECTION ( 'NONE',  ( 0.000000000000000000, -1.927470528863119049E-16, 1.000000000000000000 ) ) ;
#3479 = EDGE_CURVE ( 'NONE', #3089, #1372, #1139, .T. ) ;
#3480 = ORIENTED_EDGE ( 'NONE', *, *, #1036, .T. ) ;
#3481 = ORIENTED_EDGE ( 'NONE', *, *, #800, .T. ) ;
#3482 = CARTESIAN_POINT ( 'NONE',  ( -23.00000000000080291, -21.86494816465562252, 2.000000000000000000 ) ) ;
#3483 = DIRECTION ( 'NONE',  ( -0.000000000000000000, 1.000000000000000000, 0.000000000000000000 ) ) ;
#3484 = DIRECTION ( 'NONE',  ( 0.000000000000000000, 0.000000000000000000, 1.000000000000000000 ) ) ;
#3485 = EDGE_CURVE ( 'NONE', #555, #2039, #3105, .T. ) ;
#3486 = DIRECTION ( 'NONE',  ( 0.000000000000000000, 8.881784197001252323E-16, -1.000000000000000000 ) ) ;
#3487 = CARTESIAN_POINT ( 'NONE',  ( 1.899999999999999911, -5.334936490539098131, -6.749999999999991118 ) ) ;
#3488 = DIRECTION ( 'NONE',  ( 0.000000000000000000, 0.000000000000000000, 1.000000000000000000 ) ) ;
#3489 = ORIENTED_EDGE ( 'NONE', *, *, #2947, .T. ) ;
#3490 = CARTESIAN_POINT ( 'NONE',  ( -3.166533158643182411, -1.820714511354263987, -1.622152571010361033 ) ) ;
#3491 = DIRECTION ( 'NONE',  ( 0.000000000000000000, 0.000000000000000000, 1.000000000000000000 ) ) ;
#3492 = APPROVAL_ROLE ( '' ) ;
#3493 = ORIENTED_EDGE ( 'NONE', *, *, #2983, .T. ) ;
#3494 = EDGE_CURVE ( 'NONE', #220, #1603, #3571, .T. ) ;
#3495 = EDGE_LOOP ( 'NONE', ( #552, #217, #1262, #81 ) ) ;
#3496 = ORIENTED_EDGE ( 'NONE', *, *, #2537, .T. ) ;
#3497 = CARTESIAN_POINT ( 'NONE',  ( 4.500000000000000000, -4.035898384862449007, 7.499999999999940492 ) ) ;
#3498 = EDGE_CURVE ( 'NONE', #1193, #1142, #2524, .T. ) ;
#3499 = CARTESIAN_POINT ( 'NONE',  ( 4.500000000000000000, -4.901923788646897151, -6.999999999999975131 ) ) ;
#3500 = DIRECTION ( 'NONE',  ( 0.000000000000000000, 0.000000000000000000, -1.000000000000000000 ) ) ;
#3501 = DIRECTION ( 'NONE',  ( 0.000000000000000000, 1.000000000000000000, -0.000000000000000000 ) ) ;
#3502 = ORIENTED_EDGE ( 'NONE', *, *, #892, .T. ) ;
#3503 = CALENDAR_DATE ( 2026, 26, 7 ) ;
#3504 = CIRCLE ( 'NONE', #1945, 0.4999999999999992228 ) ;
#3505 = CARTESIAN_POINT ( 'NONE',  ( 4.000000000000000000, -4.901923788646854518, 6.999999999999999112 ) ) ;
#3506 = DIRECTION ( 'NONE',  ( 0.000000000000000000, -1.000000000000000000, 0.000000000000000000 ) ) ;
#3507 = APPROVAL_STATUS ( 'not_yet_approved' ) ;
#3508 = AXIS2_PLACEMENT_3D ( 'NONE', #2949, #2930, #182 ) ;
#3509 = EDGE_LOOP ( 'NONE', ( #1766, #2740, #1198, #2330 ) ) ;
#3510 = AXIS2_PLACEMENT_3D ( 'NONE', #479, #274, #3282 ) ;
#3511 = VERTEX_POINT ( 'NONE', #1831 ) ;
#3512 = EDGE_CURVE ( 'NONE', #799, #3543, #3514, .T. ) ;
#3513 = CIRCLE ( 'NONE', #2145, 3.149999999999636646 ) ;
#3514 = CIRCLE ( 'NONE', #3278, 4.500000000000078160 ) ;
#3515 = CARTESIAN_POINT ( 'NONE',  ( 4.000000000000000000, -5.500000000000227374, 7.999999999999998224 ) ) ;
#3516 = TOROIDAL_SURFACE ( 'NONE', #1956, 23.50000000000080647, 0.5000000000000000000 ) ;
#3517 = CARTESIAN_POINT ( 'NONE',  ( 40.00000000000000000, -52.48684021638314334, 0.000000000000000000 ) ) ;
#3518 = DIRECTION ( 'NONE',  ( -1.000000000000000000, -0.000000000000000000, -0.000000000000000000 ) ) ;
#3519 = EDGE_LOOP ( 'NONE', ( #1450, #1464, #2995, #2316 ) ) ;
#3520 = AXIS2_PLACEMENT_3D ( 'NONE', #3390, #1529, #176 ) ;
#3521 = CARTESIAN_POINT ( 'NONE',  ( 2.820550528229669673, -48.98684021638359809, 1.500000000000000000 ) ) ;
#3522 = CIRCLE ( 'NONE', #1658, 0.5000000000000004441 ) ;
#3523 = LINE ( 'NONE', #1561, #1449 ) ;
#3524 = CARTESIAN_POINT ( 'NONE',  ( 2.382280164152717731E-16, -22.66543684595026065, -1.881975563159581810 ) ) ;
#3525 = AXIS2_PLACEMENT_3D ( 'NONE', #1111, #2228, #2988 ) ;
#3526 = EDGE_CURVE ( 'NONE', #278, #2035, #3504, .T. ) ;
#3527 = DIRECTION ( 'NONE',  ( 0.000000000000000000, -1.000000000000000000, 6.938893903907221278E-15 ) ) ;
#3528 = VECTOR ( 'NONE', #1253, 1000.000000000000000 ) ;
#3529 = EDGE_LOOP ( 'NONE', ( #2030, #1359, #3311, #665 ) ) ;
#3530 = ORIENTED_EDGE ( 'NONE', *, *, #2731, .T. ) ;
#3531 = ORIENTED_EDGE ( 'NONE', *, *, #516, .T. ) ;
#3532 = CIRCLE ( 'NONE', #2101, 0.5000000000000000000 ) ;
#3533 = DIRECTION ( 'NONE',  ( 1.000000000000000000, -0.000000000000000000, 0.000000000000000000 ) ) ;
#3534 = FACE_OUTER_BOUND ( 'NONE', #954, .T. ) ;
#3535 = CARTESIAN_POINT ( 'NONE',  ( -3.000000000000000000, -21.86494816465574331, -12.00000000000000000 ) ) ;
#3536 = ORIENTED_EDGE ( 'NONE', *, *, #562, .F. ) ;
#3537 = DIRECTION ( 'NONE',  ( 0.000000000000000000, 1.000000000000000000, 0.000000000000000000 ) ) ;
#3538 = DIRECTION ( 'NONE',  ( 0.000000000000000000, 0.000000000000000000, -1.000000000000000000 ) ) ;
#3539 = TOROIDAL_SURFACE ( 'NONE', #1344, 50.49999999999999289, 0.5000000000000000000 ) ;
#3540 = DIRECTION ( 'NONE',  ( -0.000000000000000000, 1.000000000000000000, -0.000000000000000000 ) ) ;
#3541 = EDGE_CURVE ( 'NONE', #824, #738, #2065, .T. ) ;
#3542 = ORIENTED_EDGE ( 'NONE', *, *, #1708, .T. ) ;
#3543 = VERTEX_POINT ( 'NONE', #2693 ) ;
#3544 = EDGE_LOOP ( 'NONE', ( #2250, #1728, #1404, #3268 ) ) ;
#3545 = DIRECTION ( 'NONE',  ( 0.000000000000000000, 0.000000000000000000, 1.000000000000000000 ) ) ;
#3546 = DIRECTION ( 'NONE',  ( 0.000000000000000000, 0.000000000000000000, 1.000000000000000000 ) ) ;
#3547 = CARTESIAN_POINT ( 'NONE',  ( 2.400000000000000355, -4.035898384862549371, 6.499999999999999112 ) ) ;
#3548 = DIRECTION ( 'NONE',  ( 0.000000000000000000, 1.000000000000000000, 0.000000000000000000 ) ) ;
#3549 = EDGE_LOOP ( 'NONE', ( #3003, #866, #322, #167, #3273, #1020, #1418, #2446 ) ) ;
#3550 = CARTESIAN_POINT ( 'NONE',  ( 38.71851134746695067, -49.48684021638359809, -2.000000000000000000 ) ) ;
#3551 = ADVANCED_FACE ( 'NONE', ( #3241 ), #415, .T. ) ;
#3552 = CARTESIAN_POINT ( 'NONE',  ( 8.476199467703736445, -51.98684021638314334, 12.49999999999999645 ) ) ;
#3553 = EDGE_CURVE ( 'NONE', #3346, #2662, #2370, .T. ) ;
#3554 = DIRECTION ( 'NONE',  ( 0.000000000000000000, 1.000000000000000000, 0.000000000000000000 ) ) ;
#3555 = ORIENTED_EDGE ( 'NONE', *, *, #1643, .F. ) ;
#3556 = EDGE_LOOP ( 'NONE', ( #1161, #752, #2146, #2430 ) ) ;
#3557 = AXIS2_PLACEMENT_3D ( 'NONE', #1427, #3372, #2826 ) ;
#3558 = ORIENTED_EDGE ( 'NONE', *, *, #1476, .T. ) ;
#3559 = CARTESIAN_POINT ( 'NONE',  ( 0.000000000000000000, -7.500000000000229150, -5.500000000000000000 ) ) ;
#3560 = AXIS2_PLACEMENT_3D ( 'NONE', #2636, #3230, #223 ) ;
#3561 = DIRECTION ( 'NONE',  ( 1.000000000000000000, -0.000000000000000000, 0.000000000000000000 ) ) ;
#3562 = LINE ( 'NONE', #2738, #3247 ) ;
#3563 = VECTOR ( 'NONE', #2448, 1000.000000000000000 ) ;
#3564 = ADVANCED_FACE ( 'NONE', ( #3202 ), #3277, .F. ) ;
#3565 = CYLINDRICAL_SURFACE ( 'NONE', #2241, 0.5000000000000004441 ) ;
#3566 = ORIENTED_EDGE ( 'NONE', *, *, #1006, .T. ) ;
#3567 = AXIS2_PLACEMENT_3D ( 'NONE', #1452, #2023, #3113 ) ;
#3568 = DIRECTION ( 'NONE',  ( 0.000000000000000000, -1.000000000000000000, 0.000000000000000000 ) ) ;
#3569 = CARTESIAN_POINT ( 'NONE',  ( -13.64814814814920041, -40.89462946920713193, -2.000000000000000000 ) ) ;
#3570 = AXIS2_PLACEMENT_3D ( 'NONE', #1218, #129, #641 ) ;
#3571 = CIRCLE ( 'NONE', #279, 0.5000000000000004441 ) ;
#3572 = CIRCLE ( 'NONE', #1373, 5.000000000000079048 ) ;
#3573 = DIRECTION ( 'NONE',  ( -0.5892857142857391706, 0.8079247161330975757, 0.000000000000000000 ) ) ;
#3574 = EDGE_CURVE ( 'NONE', #2226, #2035, #2556, .T. ) ;
#3575 = CIRCLE ( 'NONE', #344, 0.5000000000000004441 ) ;
#3576 = EDGE_CURVE ( 'NONE', #278, #1400, #1649, .T. ) ;
ENDSEC;
END-ISO-10303-21;
