ISO-10303-21;
HEADER;
FILE_DESCRIPTION (( 'STEP AP203' ),
    '1' );
FILE_NAME ('轴联器.STEP',
    '2026-07-26T10:29:51',
    ( '' ),
    ( '' ),
    'SwSTEP 2.0',
    'SolidWorks 2021',
    '' );
FILE_SCHEMA (( 'CONFIG_CONTROL_DESIGN' ));
ENDSEC;

DATA;
#1 = EDGE_CURVE ( 'NONE', #1239, #500, #431, .T. ) ;
#2 = CARTESIAN_POINT ( 'NONE',  ( -2.449999999999817213, 4.000000000000000000, -1.241303078757685974 ) ) ;
#3 = CARTESIAN_POINT ( 'NONE',  ( 2.150000000000273026, 0.9999999999999997780, 1.241303078757423295 ) ) ;
#4 = CARTESIAN_POINT ( 'NONE',  ( 2.300000000000273381, 4.000000000000000000, -1.501110699892969746 ) ) ;
#5 = LINE ( 'NONE', #1309, #411 ) ;
#6 = ORIENTED_EDGE ( 'NONE', *, *, #541, .F. ) ;
#7 = DIRECTION ( 'NONE',  ( 0.000000000000000000, 0.000000000000000000, 1.000000000000000000 ) ) ;
#8 = AXIS2_PLACEMENT_3D ( 'NONE', #1121, #1491, #881 ) ;
#9 = CARTESIAN_POINT ( 'NONE',  ( -2.449999999999817213, 4.000000000000000000, -1.414508159514573649 ) ) ;
#10 = CIRCLE ( 'NONE', #1387, 6.499999999999999112 ) ;
#11 = EDGE_LOOP ( 'NONE', ( #717, #685, #777, #228 ) ) ;
#12 = CYLINDRICAL_SURFACE ( 'NONE', #638, 0.2999999999999999334 ) ;
#13 = CIRCLE ( 'NONE', #895, 0.5000000000000004441 ) ;
#14 = PLANE ( 'NONE',  #44 ) ;
#15 = EDGE_CURVE ( 'NONE', #1547, #681, #197, .T. ) ;
#16 = ORIENTED_EDGE ( 'NONE', *, *, #984, .T. ) ;
#17 = DIRECTION ( 'NONE',  ( 0.000000000000000000, 0.000000000000000000, 1.000000000000000000 ) ) ;
#18 = ORIENTED_EDGE ( 'NONE', *, *, #1145, .T. ) ;
#19 = LINE ( 'NONE', #1023, #539 ) ;
#20 = CC_DESIGN_SECURITY_CLASSIFICATION ( #697, ( #1180 ) ) ;
#21 = EDGE_LOOP ( 'NONE', ( #1349, #443 ) ) ;
#22 = CIRCLE ( 'NONE', #1346, 6.999999999999999112 ) ;
#23 = FACE_OUTER_BOUND ( 'NONE', #1018, .T. ) ;
#24 = VERTEX_POINT ( 'NONE', #1399 ) ;
#25 = DIRECTION ( 'NONE',  ( 0.4999999999999998335, 0.000000000000000000, -0.8660254037844387076 ) ) ;
#26 = DIRECTION ( 'NONE',  ( 0.000000000000000000, 0.000000000000000000, 1.000000000000000000 ) ) ;
#27 = ORIENTED_EDGE ( 'NONE', *, *, #352, .F. ) ;
#28 = PERSON_AND_ORGANIZATION_ROLE ( 'creator' ) ;
#29 = ORIENTED_EDGE ( 'NONE', *, *, #81, .T. ) ;
#30 = FACE_OUTER_BOUND ( 'NONE', #1431, .T. ) ;
#31 = CARTESIAN_POINT ( 'NONE',  ( 4.209414934674970965E-14, 4.000000000000000000, 2.482606157515251599 ) ) ;
#32 = DIRECTION ( 'NONE',  ( -0.8660254037844387076, 0.000000000000000000, -0.4999999999999998335 ) ) ;
#33 = CARTESIAN_POINT ( 'NONE',  ( -2.253746880197681879, 9.000000000000000000, -1.824999999999850742 ) ) ;
#34 = PERSON_AND_ORGANIZATION ( #440, #83 ) ;
#35 = VERTEX_POINT ( 'NONE', #570 ) ;
#36 = ADVANCED_FACE ( 'NONE', ( #808, #1284 ), #682, .T. ) ;
#37 = CARTESIAN_POINT ( 'NONE',  ( 0.1500000000001868727, 4.000000000000000000, -2.742413778650715006 ) ) ;
#38 = ORIENTED_EDGE ( 'NONE', *, *, #1421, .T. ) ;
#39 = B_SPLINE_CURVE_WITH_KNOTS ( 'NONE', 3,
 ( #1088, #599, #1193, #479 ),
 .UNSPECIFIED., .F., .F.,
 ( 4, 4 ),
 ( 0.000000000000000000, 0.0004493212536357174937 ),
 .UNSPECIFIED. ) ;
#40 = LINE ( 'NONE', #1143, #814 ) ;
#41 = AXIS2_PLACEMENT_3D ( 'NONE', #1057, #91, #194 ) ;
#42 = AXIS2_PLACEMENT_3D ( 'NONE', #82, #1047, #694 ) ;
#43 = EDGE_LOOP ( 'NONE', ( #649, #1015 ) ) ;
#44 = AXIS2_PLACEMENT_3D ( 'NONE', #374, #248, #637 ) ;
#45 = CARTESIAN_POINT ( 'NONE',  ( 2.150000000000273026, 1.299999999999998268, 1.241303078757423295 ) ) ;
#46 = DIRECTION ( 'NONE',  ( 0.000000000000000000, 0.000000000000000000, 1.000000000000000000 ) ) ;
#47 = DIRECTION ( 'NONE',  ( -1.000000000000000000, 0.000000000000000000, 0.000000000000000000 ) ) ;
#48 = APPROVAL_STATUS ( 'not_yet_approved' ) ;
#49 = VERTEX_POINT ( 'NONE', #1528 ) ;
#50 = DIRECTION ( 'NONE',  ( 0.3535533905932737864, -0.7071067811865481278, -0.6123724356957939152 ) ) ;
#51 = EDGE_CURVE ( 'NONE', #35, #1001, #920, .T. ) ;
#52 = CARTESIAN_POINT ( 'NONE',  ( 0.000000000000000000, 9.000000000000000000, 0.000000000000000000 ) ) ;
#53 = ORIENTED_EDGE ( 'NONE', *, *, #1244, .T. ) ;
#54 = FACE_OUTER_BOUND ( 'NONE', #1521, .T. ) ;
#55 = CARTESIAN_POINT ( 'NONE',  ( 4.209414934674970965E-14, 1.299999999999998268, 2.782606157515253198 ) ) ;
#56 = EDGE_CURVE ( 'NONE', #1114, #1393, #583, .T. ) ;
#57 = VECTOR ( 'NONE', #1339, 1000.000000000000000 ) ;
#58 = ADVANCED_FACE ( 'NONE', ( #327 ), #315, .F. ) ;
#59 = AXIS2_PLACEMENT_3D ( 'NONE', #335, #1291, #568 ) ;
#60 = CARTESIAN_POINT ( 'NONE',  ( 0.000000000000000000, 5.500000000000000000, 0.000000000000000000 ) ) ;
#61 = DIRECTION ( 'NONE',  ( 0.000000000000000000, 1.000000000000000000, 0.000000000000000000 ) ) ;
#62 = CARTESIAN_POINT ( 'NONE',  ( 1.864827736675067626E-13, 4.000000000000000000, -2.829016319029159288 ) ) ;
#63 = AXIS2_PLACEMENT_3D ( 'NONE', #173, #1383, #308 ) ;
#64 = DIRECTION ( 'NONE',  ( -0.000000000000000000, 1.000000000000000000, 0.000000000000000000 ) ) ;
#65 = AXIS2_PLACEMENT_3D ( 'NONE', #1311, #1433, #622 ) ;
#66 = CYLINDRICAL_SURFACE ( 'NONE', #880, 0.2999999999999999334 ) ;
#67 = ORIENTED_EDGE ( 'NONE', *, *, #1254, .T. ) ;
#68 = FACE_OUTER_BOUND ( 'NONE', #189, .T. ) ;
#69 = EDGE_LOOP ( 'NONE', ( #1151, #88, #1272, #704 ) ) ;
#70 = ORIENTED_EDGE ( 'NONE', *, *, #1338, .T. ) ;
#71 = DIRECTION ( 'NONE',  ( -0.000000000000000000, -1.000000000000000000, -0.000000000000000000 ) ) ;
#72 = ORIENTED_EDGE ( 'NONE', *, *, #384, .T. ) ;
#73 = EDGE_CURVE ( 'NONE', #500, #860, #1535, .T. ) ;
#74 = CYLINDRICAL_SURFACE ( 'NONE', #1171, 5.050000000000002487 ) ;
#75 = DIRECTION ( 'NONE',  ( 0.000000000000000000, 0.000000000000000000, -1.000000000000000000 ) ) ;
#76 = DIRECTION ( 'NONE',  ( 0.8660254037844387076, 0.000000000000000000, 0.4999999999999998890 ) ) ;
#77 = FACE_OUTER_BOUND ( 'NONE', #641, .T. ) ;
#78 = ORIENTED_EDGE ( 'NONE', *, *, #800, .F. ) ;
#79 = CIRCLE ( 'NONE', #974, 0.5000000000000004441 ) ;
#80 = TOROIDAL_SURFACE ( 'NONE', #1438, 4.550000000000001599, 0.5000000000000000000 ) ;
#81 = EDGE_CURVE ( 'NONE', #943, #360, #802, .T. ) ;
#82 = CARTESIAN_POINT ( 'NONE',  ( 0.000000000000000000, 0.5000000000000000000, 0.000000000000000000 ) ) ;
#83 = ORGANIZATION ( '未指定', '未指定', '' ) ;
#84 = EDGE_LOOP ( 'NONE', ( #604, #175, #1333, #699 ) ) ;
#85 = CARTESIAN_POINT ( 'NONE',  ( 0.000000000000000000, 8.499999999999998224, 0.000000000000000000 ) ) ;
#86 = DIRECTION ( 'NONE',  ( 1.776356839400250465E-15, 0.000000000000000000, 1.000000000000000000 ) ) ;
#87 = AXIS2_PLACEMENT_3D ( 'NONE', #655, #711, #1086 ) ;
#88 = ORIENTED_EDGE ( 'NONE', *, *, #1087, .T. ) ;
#89 = AXIS2_PLACEMENT_3D ( 'NONE', #839, #455, #127 ) ;
#90 = CARTESIAN_POINT ( 'NONE',  ( -2.105795574123931591, 9.000000000000000000, -1.525000000000091394 ) ) ;
#91 = DIRECTION ( 'NONE',  ( 0.000000000000000000, 1.000000000000000000, 0.000000000000000000 ) ) ;
#92 = FACE_OUTER_BOUND ( 'NONE', #1442, .T. ) ;
#93 = CARTESIAN_POINT ( 'NONE',  ( 0.000000000000000000, 8.499999999999998224, -5.050000000000002487 ) ) ;
#94 = VERTEX_POINT ( 'NONE', #338 ) ;
#95 = CARTESIAN_POINT ( 'NONE',  ( -2.105795574123930702, 8.700000000000002842, 1.525000000000091394 ) ) ;
#96 = ADVANCED_FACE ( 'NONE', ( #97 ), #1299, .F. ) ;
#97 = FACE_OUTER_BOUND ( 'NONE', #650, .T. ) ;
#98 = DIRECTION ( 'NONE',  ( 0.000000000000000000, 0.000000000000000000, 1.000000000000000000 ) ) ;
#99 = DIRECTION ( 'NONE',  ( 0.000000000000000000, 1.000000000000000000, 0.000000000000000000 ) ) ;
#100 = VERTEX_POINT ( 'NONE', #465 ) ;
#101 = CARTESIAN_POINT ( 'NONE',  ( 6.184466335694136026E-16, 8.499999999999998224, 5.050000000000002487 ) ) ;
#102 = ORIENTED_EDGE ( 'NONE', *, *, #1499, .F. ) ;
#103 = CARTESIAN_POINT ( 'NONE',  ( 0.000000000000000000, 0.5000000000000004441, -6.999999999999999112 ) ) ;
#104 = AXIS2_PLACEMENT_3D ( 'NONE', #343, #989, #1223 ) ;
#105 = VECTOR ( 'NONE', #1274, 1000.000000000000000 ) ;
#106 = DIRECTION ( 'NONE',  ( 0.000000000000000000, 0.000000000000000000, 1.000000000000000000 ) ) ;
#107 = CARTESIAN_POINT ( 'NONE',  ( 0.000000000000000000, 4.000000000000000000, -5.150000000000001243 ) ) ;
#108 = ORIENTED_EDGE ( 'NONE', *, *, #384, .F. ) ;
#109 = DIRECTION ( 'NONE',  ( -0.000000000000000000, 1.000000000000000000, 0.000000000000000000 ) ) ;
#110 = EDGE_LOOP ( 'NONE', ( #118, #822, #18, #678 ) ) ;
#111 = CIRCLE ( 'NONE', #522, 0.2999999999999999334 ) ;
#112 = EDGE_CURVE ( 'NONE', #589, #310, #488, .T. ) ;
#113 = VECTOR ( 'NONE', #1078, 1000.000000000000000 ) ;
#114 = LINE ( 'NONE', #1070, #563 ) ;
#115 = PLANE ( 'NONE',  #358 ) ;
#116 = DIRECTION ( 'NONE',  ( 0.000000000000000000, -1.000000000000000000, 0.000000000000000000 ) ) ;
#117 = DIRECTION ( 'NONE',  ( 0.3535533905932743415, -0.7071067811865451302, 0.6123724356957969128 ) ) ;
#118 = ORIENTED_EDGE ( 'NONE', *, *, #1404, .T. ) ;
#119 = CC_DESIGN_PERSON_AND_ORGANIZATION_ASSIGNMENT ( #996, #268, ( #1461 ) ) ;
#120 = FACE_OUTER_BOUND ( 'NONE', #792, .T. ) ;
#121 = EDGE_CURVE ( 'NONE', #820, #1093, #306, .T. ) ;
#122 = DIRECTION ( 'NONE',  ( 0.000000000000000000, 0.000000000000000000, 1.000000000000000000 ) ) ;
#123 = ORIENTED_EDGE ( 'NONE', *, *, #143, .F. ) ;
#124 = FACE_OUTER_BOUND ( 'NONE', #147, .T. ) ;
#125 = CARTESIAN_POINT ( 'NONE',  ( 0.000000000000000000, 9.000000000000000000, 4.550000000000001599 ) ) ;
#126 = EDGE_LOOP ( 'NONE', ( #38, #517, #280 ) ) ;
#127 = DIRECTION ( 'NONE',  ( 0.000000000000000000, 0.000000000000000000, 1.000000000000000000 ) ) ;
#128 = VERTEX_POINT ( 'NONE', #1195 ) ;
#129 = DIRECTION ( 'NONE',  ( 0.000000000000000000, 0.000000000000000000, 1.000000000000000000 ) ) ;
#130 = DIRECTION ( 'NONE',  ( 0.000000000000000000, 0.000000000000000000, 1.000000000000000000 ) ) ;
#131 = CARTESIAN_POINT ( 'NONE',  ( 4.209414934674970965E-14, 1.299999999999998268, 2.782606157515253198 ) ) ;
#132 = CYLINDRICAL_SURFACE ( 'NONE', #87, 6.999999999999999112 ) ;
#133 = CONICAL_SURFACE ( 'NONE', #332, 2.600000000000041833, 0.7853981633974540522 ) ;
#134 = CARTESIAN_POINT ( 'NONE',  ( 2.150000000000273026, 4.000000000000000000, 1.241303078757423295 ) ) ;
#135 = CONICAL_SURFACE ( 'NONE', #1292, 0.3000000000000014322, 0.7853981633974532750 ) ;
#136 = VERTEX_POINT ( 'NONE', #226 ) ;
#137 = ORIENTED_EDGE ( 'NONE', *, *, #558, .T. ) ;
#138 = LINE ( 'NONE', #1112, #1252 ) ;
#139 = CONICAL_SURFACE ( 'NONE', #1550, 0.3000000000000014322, 0.7853981633974532750 ) ;
#140 = CARTESIAN_POINT ( 'NONE',  ( -2.449999999999817213, 4.000000000000000000, 1.241303078757638234 ) ) ;
#141 = FACE_OUTER_BOUND ( 'NONE', #497, .T. ) ;
#142 = ADVANCED_FACE ( 'NONE', ( #124 ), #492, .F. ) ;
#143 = EDGE_CURVE ( 'NONE', #1239, #1402, #835, .T. ) ;
#144 = CALENDAR_DATE ( 2026, 26, 7 ) ;
#145 = ORIENTED_EDGE ( 'NONE', *, *, #1304, .T. ) ;
#146 = CARTESIAN_POINT ( 'NONE',  ( 0.000000000000000000, 6.500000000000000888, 0.000000000000000000 ) ) ;
#147 = EDGE_LOOP ( 'NONE', ( #1371, #1408, #372, #1327 ) ) ;
#148 = DIRECTION ( 'NONE',  ( 0.000000000000000000, 0.000000000000000000, 1.000000000000000000 ) ) ;
#149 = EDGE_LOOP ( 'NONE', ( #230, #779, #909, #1097 ) ) ;
#150 = DIRECTION ( 'NONE',  ( 0.8660254037844385966, 0.000000000000000000, -0.5000000000000000000 ) ) ;
#151 = PERSON_AND_ORGANIZATION ( #440, #83 ) ;
#152 = VECTOR ( 'NONE', #560, 1000.000000000000000 ) ;
#153 = EDGE_LOOP ( 'NONE', ( #391, #454, #321, #964 ) ) ;
#154 = AXIS2_PLACEMENT_3D ( 'NONE', #677, #691, #86 ) ;
#155 = CARTESIAN_POINT ( 'NONE',  ( -2.149999999999817391, 4.000000000000000000, -1.241303078757685974 ) ) ;
#156 = DIRECTION ( 'NONE',  ( 0.000000000000000000, 0.000000000000000000, 1.000000000000000000 ) ) ;
#157 = CONICAL_SURFACE ( 'NONE', #851, 0.3000000000000012101, 0.7853981633974532750 ) ;
#158 = CARTESIAN_POINT ( 'NONE',  ( 0.000000000000000000, 0.5000000000000000000, -5.150000000000001243 ) ) ;
#159 = DATE_TIME_ROLE ( 'classification_date' ) ;
#160 = ORIENTED_EDGE ( 'NONE', *, *, #1014, .F. ) ;
#161 = CARTESIAN_POINT ( 'NONE',  ( 2.450000000000273292, 4.000000000000000000, 1.414508159514310970 ) ) ;
#162 = EDGE_CURVE ( 'NONE', #1270, #1218, #1360, .T. ) ;
#163 = CARTESIAN_POINT ( 'NONE',  ( 2.450000000000273292, 1.299999999999998268, 1.414508159514310970 ) ) ;
#164 = CARTESIAN_POINT ( 'NONE',  ( 6.306931015608869596E-16, 4.000000000000000000, 5.150000000000001243 ) ) ;
#165 = EDGE_LOOP ( 'NONE', ( #1050, #457, #123, #553 ) ) ;
#166 = CARTESIAN_POINT ( 'NONE',  ( 2.450000000000273292, 4.000000000000000000, 1.414508159514310970 ) ) ;
#167 = DIRECTION ( 'NONE',  ( -0.000000000000000000, 1.000000000000000000, 0.000000000000000000 ) ) ;
#168 = DIRECTION ( 'NONE',  ( -0.000000000000000000, 1.000000000000000000, 0.000000000000000000 ) ) ;
#169 = PLANE ( 'NONE',  #1516 ) ;
#170 = ADVANCED_FACE ( 'NONE', ( #1422 ), #867, .F. ) ;
#171 = TOROIDAL_SURFACE ( 'NONE', #1515, 5.550000000000002487, 0.5000000000000000000 ) ;
#172 = AXIS2_PLACEMENT_3D ( 'NONE', #922, #939, #303 ) ;
#173 = CARTESIAN_POINT ( 'NONE',  ( 2.150000000000273026, 1.299999999999998268, -1.241303078757638234 ) ) ;
#174 = DIRECTION ( 'NONE',  ( 0.000000000000000000, 1.000000000000000000, 0.000000000000000000 ) ) ;
#175 = ORIENTED_EDGE ( 'NONE', *, *, #967, .T. ) ;
#176 = CARTESIAN_POINT ( 'NONE',  ( -2.149999999999817391, 1.299999999999998268, -1.241303078757685974 ) ) ;
#177 = ADVANCED_FACE ( 'NONE', ( #141 ), #1046, .T. ) ;
#178 = CARTESIAN_POINT ( 'NONE',  ( 2.150000000000273026, 0.9999999999999997780, -1.241303078757638234 ) ) ;
#179 = AXIS2_PLACEMENT_3D ( 'NONE', #453, #1083, #1217 ) ;
#180 = DIRECTION ( 'NONE',  ( -0.8660254037844387076, 0.000000000000000000, 0.4999999999999998890 ) ) ;
#181 = AXIS2_PLACEMENT_3D ( 'NONE', #1384, #937, #1044 ) ;
#182 = LINE ( 'NONE', #683, #1069 ) ;
#183 = LINE ( 'NONE', #206, #980 ) ;
#184 = ORIENTED_EDGE ( 'NONE', *, *, #333, .F. ) ;
#185 = CARTESIAN_POINT ( 'NONE',  ( 0.000000000000000000, 5.500000000000000000, 6.499999999999999112 ) ) ;
#186 = DIRECTION ( 'NONE',  ( -0.000000000000000000, 1.000000000000000000, 0.000000000000000000 ) ) ;
#187 = CARTESIAN_POINT ( 'NONE',  ( 8.572527594031472204E-16, 6.000000000000000000, 6.999999999999999112 ) ) ;
#188 = PLANE ( 'NONE',  #1054 ) ;
#189 = EDGE_LOOP ( 'NONE', ( #331, #1484, #215, #508 ) ) ;
#190 = EDGE_CURVE ( 'NONE', #1234, #264, #1313, .T. ) ;
#191 = EDGE_CURVE ( 'NONE', #367, #270, #330, .T. ) ;
#192 = DIRECTION ( 'NONE',  ( 0.000000000000000000, 1.000000000000000000, 0.000000000000000000 ) ) ;
#193 = EDGE_LOOP ( 'NONE', ( #1216, #696, #389, #1041 ) ) ;
#194 = DIRECTION ( 'NONE',  ( 0.000000000000000000, -0.000000000000000000, 1.000000000000000000 ) ) ;
#195 = DIRECTION ( 'NONE',  ( 0.000000000000000000, 1.000000000000000000, 0.000000000000000000 ) ) ;
#196 = DIRECTION ( 'NONE',  ( -0.8660254037844387076, 0.000000000000000000, -0.5000000000000001110 ) ) ;
#197 = CIRCLE ( 'NONE', #1436, 0.2999999999999999334 ) ;
#198 = ORIENTED_EDGE ( 'NONE', *, *, #1238, .T. ) ;
#199 = VECTOR ( 'NONE', #236, 1000.000000000000000 ) ;
#200 = CIRCLE ( 'NONE', #406, 0.2999999999999999334 ) ;
#201 = VECTOR ( 'NONE', #1479, 1000.000000000000000 ) ;
#202 = CARTESIAN_POINT ( 'NONE',  ( -0.1499999999998132827, 1.299999999999998268, -2.742413778650715450 ) ) ;
#203 = CARTESIAN_POINT ( 'NONE',  ( 0.000000000000000000, 4.000000000000000000, 0.000000000000000000 ) ) ;
#204 = CARTESIAN_POINT ( 'NONE',  ( 1.865098787218189003E-13, 4.000000000000000000, -2.482606157515383938 ) ) ;
#205 = ORIENTED_EDGE ( 'NONE', *, *, #1260, .F. ) ;
#206 = CARTESIAN_POINT ( 'NONE',  ( 2.450000000000273292, 1.299999999999998268, -1.414508159514525909 ) ) ;
#207 = TOROIDAL_SURFACE ( 'NONE', #369, 4.550000000000001599, 0.5000000000000000000 ) ;
#208 = ORIENTED_EDGE ( 'NONE', *, *, #1506, .T. ) ;
#209 = EDGE_CURVE ( 'NONE', #1534, #35, #238, .T. ) ;
#210 = DIRECTION ( 'NONE',  ( -0.000000000000000000, 1.000000000000000000, -0.000000000000000000 ) ) ;
#211 = DIRECTION ( 'NONE',  ( -0.3535533905932720100, 0.7071067811865509034, -0.6123724356957915838 ) ) ;
#212 = CARTESIAN_POINT ( 'NONE',  ( -2.149999999999813838, 0.9999999999999997780, 1.241303078757638234 ) ) ;
#213 = ORIENTED_EDGE ( 'NONE', *, *, #889, .T. ) ;
#214 = DIRECTION ( 'NONE',  ( 1.000000000000000000, 0.000000000000000000, 0.000000000000000000 ) ) ;
#215 = ORIENTED_EDGE ( 'NONE', *, *, #421, .T. ) ;
#216 = AXIS2_PLACEMENT_3D ( 'NONE', #1503, #1285, #783 ) ;
#217 = CARTESIAN_POINT ( 'NONE',  ( 0.000000000000000000, 8.499999999999998224, 0.000000000000000000 ) ) ;
#218 = DIRECTION ( 'NONE',  ( 1.000000000000000000, 0.000000000000000000, 0.000000000000000000 ) ) ;
#219 = ADVANCED_FACE ( 'NONE', ( #592 ), #12, .T. ) ;
#220 = CARTESIAN_POINT ( 'NONE',  ( -2.253746880197681879, 9.000000000000000000, 1.824999999999850742 ) ) ;
#221 = CARTESIAN_POINT ( 'NONE',  ( 2.450000000000273292, 1.299999999999998268, 1.414508159514310970 ) ) ;
#222 = ORIENTED_EDGE ( 'NONE', *, *, #245, .T. ) ;
#223 = AXIS2_PLACEMENT_3D ( 'NONE', #351, #1107, #617 ) ;
#224 = AXIS2_PLACEMENT_3D ( 'NONE', #52, #533, #896 ) ;
#225 = DIRECTION ( 'NONE',  ( 0.000000000000000000, 1.000000000000000000, 0.000000000000000000 ) ) ;
#226 = CARTESIAN_POINT ( 'NONE',  ( -2.449999999999817213, 1.299999999999998268, 1.241303078757638234 ) ) ;
#227 = CARTESIAN_POINT ( 'NONE',  ( 0.000000000000000000, 9.000000000000000000, 0.000000000000000000 ) ) ;
#228 = ORIENTED_EDGE ( 'NONE', *, *, #1354, .F. ) ;
#229 = DIRECTION ( 'NONE',  ( 0.8660254037844387076, 0.000000000000000000, -0.4999999999999998890 ) ) ;
#230 = ORIENTED_EDGE ( 'NONE', *, *, #576, .F. ) ;
#231 = DIRECTION ( 'NONE',  ( 0.000000000000000000, 1.000000000000000000, 0.000000000000000000 ) ) ;
#232 = DIRECTION ( 'NONE',  ( 0.000000000000000000, -1.000000000000000000, 0.000000000000000000 ) ) ;
#233 = VECTOR ( 'NONE', #1318, 1000.000000000000114 ) ;
#234 = ADVANCED_FACE ( 'NONE', ( #979 ), #656, .T. ) ;
#235 = VERTEX_POINT ( 'NONE', #856 ) ;
#236 = DIRECTION ( 'NONE',  ( 0.7071067811865534569, -0.7071067811865416886, 0.000000000000000000 ) ) ;
#237 = FACE_OUTER_BOUND ( 'NONE', #785, .T. ) ;
#238 = LINE ( 'NONE', #829, #744 ) ;
#239 = DIRECTION ( 'NONE',  ( 0.000000000000000000, -1.000000000000000000, 0.000000000000000000 ) ) ;
#240 = EDGE_LOOP ( 'NONE', ( #765, #102, #477, #1538 ) ) ;
#241 = DIRECTION ( 'NONE',  ( 0.000000000000000000, -0.000000000000000000, 1.000000000000000000 ) ) ;
#242 = ORIENTED_EDGE ( 'NONE', *, *, #1148, .F. ) ;
#243 = CARTESIAN_POINT ( 'NONE',  ( 4.209414934674970965E-14, 1.299999999999998268, 2.482606157515251599 ) ) ;
#244 = DIRECTION ( 'NONE',  ( -0.000000000000000000, 1.000000000000000000, 0.000000000000000000 ) ) ;
#245 = EDGE_CURVE ( 'NONE', #451, #360, #1331, .T. ) ;
#246 = DIRECTION ( 'NONE',  ( 0.000000000000000000, -0.000000000000000000, 1.000000000000000000 ) ) ;
#247 = DIRECTION ( 'NONE',  ( -0.000000000000000000, -1.000000000000000000, -0.000000000000000000 ) ) ;
#248 = DIRECTION ( 'NONE',  ( 1.000000000000000000, 0.000000000000000000, 0.000000000000000000 ) ) ;
#249 = LINE ( 'NONE', #1067, #1134 ) ;
#250 = ORIENTED_EDGE ( 'NONE', *, *, #395, .F. ) ;
#251 = CARTESIAN_POINT ( 'NONE',  ( 2.150000000000272138, 0.9999999999999997780, 1.241303078757421741 ) ) ;
#252 = PRODUCT_RELATED_PRODUCT_CATEGORY ( 'detail', '', ( #787 ) ) ;
#253 = B_SPLINE_CURVE_WITH_KNOTS ( 'NONE', 3,
 ( #760, #1124, #1553, #484 ),
 .UNSPECIFIED., .F., .F.,
 ( 4, 4 ),
 ( 0.000000000000000000, 0.0004493212536359787322 ),
 .UNSPECIFIED. ) ;
#254 = PLANE ( 'NONE',  #1172 ) ;
#255 = CIRCLE ( 'NONE', #404, 6.999999999999999112 ) ;
#256 = ORIENTED_EDGE ( 'NONE', *, *, #1237, .F. ) ;
#257 = CARTESIAN_POINT ( 'NONE',  ( 2.450000000000273292, 4.000000000000000000, 1.241303078757423295 ) ) ;
#258 = VERTEX_POINT ( 'NONE', #1082 ) ;
#259 = CIRCLE ( 'NONE', #1549, 0.2999999999999999334 ) ;
#260 = CIRCLE ( 'NONE', #596, 5.050000000000002487 ) ;
#261 = ADVANCED_FACE ( 'NONE', ( #373 ), #171, .F. ) ;
#262 = DESIGN_CONTEXT ( 'detailed design', #660, 'design' ) ;
#263 = CARTESIAN_POINT ( 'NONE',  ( -2.105795574123930702, 9.000000000000000000, 1.525000000000091394 ) ) ;
#264 = VERTEX_POINT ( 'NONE', #1208 ) ;
#265 = CARTESIAN_POINT ( 'NONE',  ( 0.000000000000000000, 8.700000000000002842, 0.000000000000000000 ) ) ;
#266 = LINE ( 'NONE', #164, #385 ) ;
#267 = CARTESIAN_POINT ( 'NONE',  ( 0.000000000000000000, 0.000000000000000000, 0.000000000000000000 ) ) ;
#268 = PERSON_AND_ORGANIZATION_ROLE ( 'creator' ) ;
#269 = EDGE_CURVE ( 'NONE', #990, #841, #636, .T. ) ;
#270 = VERTEX_POINT ( 'NONE', #257 ) ;
#271 = EDGE_CURVE ( 'NONE', #468, #586, #509, .T. ) ;
#272 = CARTESIAN_POINT ( 'NONE',  ( 0.1500000000000421829, 4.000000000000000000, 2.742413778650583112 ) ) ;
#273 = VECTOR ( 'NONE', #180, 1000.000000000000000 ) ;
#274 = CARTESIAN_POINT ( 'NONE',  ( 2.150000000000273026, 4.000000000000000000, -1.241303078757638234 ) ) ;
#275 = VECTOR ( 'NONE', #631, 1000.000000000000000 ) ;
#276 = DIRECTION ( 'NONE',  ( 0.000000000000000000, 0.000000000000000000, 1.000000000000000000 ) ) ;
#277 = ORIENTED_EDGE ( 'NONE', *, *, #663, .T. ) ;
#278 = SECURITY_CLASSIFICATION_LEVEL ( 'unclassified' ) ;
#279 = AXIS2_PLACEMENT_3D ( 'NONE', #726, #361, #736 ) ;
#280 = ORIENTED_EDGE ( 'NONE', *, *, #1478, .F. ) ;
#281 = DIRECTION ( 'NONE',  ( 0.000000000000000000, 1.000000000000000000, 0.000000000000000000 ) ) ;
#282 = ADVANCED_FACE ( 'NONE', ( #713 ), #115, .F. ) ;
#283 = CARTESIAN_POINT ( 'NONE',  ( -2.105795574123931591, 8.700000000000002842, -1.525000000000091394 ) ) ;
#284 = ORIENTED_EDGE ( 'NONE', *, *, #935, .F. ) ;
#285 = CARTESIAN_POINT ( 'NONE',  ( 0.000000000000000000, 6.000000000000000000, 5.550000000000002487 ) ) ;
#286 = CARTESIAN_POINT ( 'NONE',  ( 2.450000000000273292, 4.000000000000000000, 1.241303078757423295 ) ) ;
#287 = AXIS2_PLACEMENT_3D ( 'NONE', #825, #1301, #214 ) ;
#288 = EDGE_LOOP ( 'NONE', ( #495, #350, #387, #379 ) ) ;
#289 = PERSON_AND_ORGANIZATION_ROLE ( 'design_supplier' ) ;
#290 = ORIENTED_EDGE ( 'NONE', *, *, #1529, .T. ) ;
#291 = ADVANCED_FACE ( 'NONE', ( #1256 ), #562, .T. ) ;
#292 = EDGE_CURVE ( 'NONE', #270, #1402, #1129, .T. ) ;
#293 = ADVANCED_FACE ( 'NONE', ( #657, #388 ), #1007, .F. ) ;
#294 = DIRECTION ( 'NONE',  ( -0.000000000000000000, -1.000000000000000000, -0.000000000000000000 ) ) ;
#295 = DIRECTION ( 'NONE',  ( 1.000000000000000000, -0.000000000000000000, 1.224646799147353207E-16 ) ) ;
#296 = CARTESIAN_POINT ( 'NONE',  ( 7.960204194457794491E-16, 0.5000000000000004441, -6.499999999999999112 ) ) ;
#297 = CARTESIAN_POINT ( 'NONE',  ( -2.449999999999817213, 4.000000000000000000, 1.414508159514525909 ) ) ;
#298 = CARTESIAN_POINT ( 'NONE',  ( 0.000000000000000000, 8.700000000000002842, 0.000000000000000000 ) ) ;
#299 = ORIENTED_EDGE ( 'NONE', *, *, #1, .T. ) ;
#300 = APPROVAL ( #48, '未指定' ) ;
#301 = CIRCLE ( 'NONE', #559, 5.050000000000002487 ) ;
#302 = CARTESIAN_POINT ( 'NONE',  ( 2.450000000000273292, 1.299999999999998268, -1.414508159514525909 ) ) ;
#303 = DIRECTION ( 'NONE',  ( 0.000000000000000000, 0.000000000000000000, 1.000000000000000000 ) ) ;
#304 = ORIENTED_EDGE ( 'NONE', *, *, #81, .F. ) ;
#305 = DIRECTION ( 'NONE',  ( 0.000000000000000000, 0.000000000000000000, 1.000000000000000000 ) ) ;
#306 = CIRCLE ( 'NONE', #1386, 6.999999999999999112 ) ;
#307 = AXIS2_PLACEMENT_3D ( 'NONE', #1519, #575, #932 ) ;
#308 = DIRECTION ( 'NONE',  ( 0.000000000000000000, 0.000000000000000000, 1.000000000000000000 ) ) ;
#309 = FACE_OUTER_BOUND ( 'NONE', #1397, .T. ) ;
#310 = VERTEX_POINT ( 'NONE', #397 ) ;
#311 = APPLICATION_CONTEXT ( 'configuration controlled 3d designs of mechanical parts and assemblies' ) ;
#312 = CARTESIAN_POINT ( 'NONE',  ( 2.105795574123932035, 5.500000000000000000, -1.525000000000091394 ) ) ;
#313 = CIRCLE ( 'NONE', #930, 0.2999999999999999334 ) ;
#314 = ORIENTED_EDGE ( 'NONE', *, *, #548, .T. ) ;
#315 = CYLINDRICAL_SURFACE ( 'NONE', #1194, 5.150000000000001243 ) ;
#316 = ADVANCED_FACE ( 'NONE', ( #1000 ), #1481, .T. ) ;
#317 = CARTESIAN_POINT ( 'NONE',  ( 1.865098787218189003E-13, 4.000000000000000000, -2.482606157515383938 ) ) ;
#318 = DIRECTION ( 'NONE',  ( 0.000000000000000000, 1.000000000000000000, 0.000000000000000000 ) ) ;
#319 = ORIENTED_EDGE ( 'NONE', *, *, #957, .T. ) ;
#320 = CARTESIAN_POINT ( 'NONE',  ( 2.105795574123932035, 9.000000000000000000, -1.525000000000091394 ) ) ;
#321 = ORIENTED_EDGE ( 'NONE', *, *, #1507, .T. ) ;
#322 = VERTEX_POINT ( 'NONE', #527 ) ;
#323 = LINE ( 'NONE', #187, #1336 ) ;
#324 = CARTESIAN_POINT ( 'NONE',  ( -2.299999999999817302, 1.299999999999998268, 1.501110699892969746 ) ) ;
#325 = ORIENTED_EDGE ( 'NONE', *, *, #1, .F. ) ;
#326 = DIRECTION ( 'NONE',  ( -0.8660254037844385966, 0.000000000000000000, 0.5000000000000000000 ) ) ;
#327 = FACE_OUTER_BOUND ( 'NONE', #1470, .T. ) ;
#328 = VERTEX_POINT ( 'NONE', #403 ) ;
#329 = DIRECTION ( 'NONE',  ( 0.000000000000000000, 1.000000000000000000, 0.000000000000000000 ) ) ;
#330 = CIRCLE ( 'NONE', #456, 0.2999999999999999334 ) ;
#331 = ORIENTED_EDGE ( 'NONE', *, *, #557, .F. ) ;
#332 = AXIS2_PLACEMENT_3D ( 'NONE', #742, #231, #513 ) ;
#333 = EDGE_CURVE ( 'NONE', #1310, #49, #1248, .T. ) ;
#334 = VECTOR ( 'NONE', #1471, 1000.000000000000000 ) ;
#335 = CARTESIAN_POINT ( 'NONE',  ( 0.000000000000000000, 6.000000000000000000, 0.000000000000000000 ) ) ;
#336 = TOROIDAL_SURFACE ( 'NONE', #902, 6.499999999999999112, 0.5000000000000000000 ) ;
#337 = ORIENTED_EDGE ( 'NONE', *, *, #883, .F. ) ;
#338 = CARTESIAN_POINT ( 'NONE',  ( 2.450000000000273292, 1.299999999999998268, -1.241303078757638234 ) ) ;
#339 = DIRECTION ( 'NONE',  ( 0.000000000000000000, -1.000000000000000000, 0.000000000000000000 ) ) ;
#340 = ORIENTED_EDGE ( 'NONE', *, *, #481, .T. ) ;
#341 = CARTESIAN_POINT ( 'NONE',  ( 6.306931015608869596E-16, 0.5000000000000000000, 5.150000000000001243 ) ) ;
#342 = DIRECTION ( 'NONE',  ( 0.000000000000000000, 1.000000000000000000, 0.000000000000000000 ) ) ;
#343 = CARTESIAN_POINT ( 'NONE',  ( 0.000000000000000000, 6.000000000000000000, 0.000000000000000000 ) ) ;
#344 = DIRECTION ( 'NONE',  ( 0.000000000000000000, 0.000000000000000000, 1.000000000000000000 ) ) ;
#345 = ORIENTED_EDGE ( 'NONE', *, *, #548, .F. ) ;
#346 = CARTESIAN_POINT ( 'NONE',  ( -2.449999999999817213, 1.300000000000001599, -1.414508159514573649 ) ) ;
#347 = ORIENTED_EDGE ( 'NONE', *, *, #1144, .F. ) ;
#348 = FACE_OUTER_BOUND ( 'NONE', #1482, .T. ) ;
#349 = EDGE_CURVE ( 'NONE', #1410, #877, #79, .T. ) ;
#350 = ORIENTED_EDGE ( 'NONE', *, *, #1462, .T. ) ;
#351 = CARTESIAN_POINT ( 'NONE',  ( 0.000000000000000000, 0.5000000000000004441, 0.000000000000000000 ) ) ;
#352 = EDGE_CURVE ( 'NONE', #929, #258, #970, .T. ) ;
#353 = CARTESIAN_POINT ( 'NONE',  ( -2.149999999999817835, 0.9999999999999997780, -1.241303078757685308 ) ) ;
#354 = VERTEX_POINT ( 'NONE', #886 ) ;
#355 = CARTESIAN_POINT ( 'NONE',  ( 0.000000000000000000, 4.000000000000000000, -5.150000000000001243 ) ) ;
#356 = ORIENTED_EDGE ( 'NONE', *, *, #143, .T. ) ;
#357 = CARTESIAN_POINT ( 'NONE',  ( 2.105795574123932035, 9.000000000000000000, -1.525000000000090727 ) ) ;
#358 = AXIS2_PLACEMENT_3D ( 'NONE', #600, #776, #756 ) ;
#359 = VECTOR ( 'NONE', #437, 999.9999999999998863 ) ;
#360 = VERTEX_POINT ( 'NONE', #1358 ) ;
#361 = DIRECTION ( 'NONE',  ( -0.000000000000000000, 1.000000000000000000, 0.000000000000000000 ) ) ;
#362 = CARTESIAN_POINT ( 'NONE',  ( -2.449999999999817213, 4.000000000000000000, 1.414508159514525909 ) ) ;
#363 = LOCAL_TIME ( 18, 29, 51.00000000000000000, #535 ) ;
#364 = CARTESIAN_POINT ( 'NONE',  ( 2.450000000000273292, 4.000000000000000000, -1.241303078757638234 ) ) ;
#365 = DIRECTION ( 'NONE',  ( 0.7071067811865457964, 0.7071067811865493491, 0.000000000000000000 ) ) ;
#366 = EDGE_CURVE ( 'NONE', #724, #1218, #266, .T. ) ;
#367 = VERTEX_POINT ( 'NONE', #1137 ) ;
#368 = VECTOR ( 'NONE', #467, 1000.000000000000227 ) ;
#369 = AXIS2_PLACEMENT_3D ( 'NONE', #1409, #329, #819 ) ;
#370 = LOCAL_TIME ( 18, 29, 51.00000000000000000, #884 ) ;
#371 = PLANE ( 'NONE',  #1340 ) ;
#372 = ORIENTED_EDGE ( 'NONE', *, *, #1063, .T. ) ;
#373 = FACE_OUTER_BOUND ( 'NONE', #1132, .T. ) ;
#374 = CARTESIAN_POINT ( 'NONE',  ( -2.449999999999817213, 4.000000000000000000, -1.414508159514573649 ) ) ;
#375 = EDGE_CURVE ( 'NONE', #1228, #367, #653, .T. ) ;
#376 = FACE_OUTER_BOUND ( 'NONE', #1169, .T. ) ;
#377 = ORIENTED_EDGE ( 'NONE', *, *, #598, .T. ) ;
#378 = FACE_BOUND ( 'NONE', #110, .T. ) ;
#379 = ORIENTED_EDGE ( 'NONE', *, *, #1304, .F. ) ;
#380 = FACE_OUTER_BOUND ( 'NONE', #240, .T. ) ;
#381 = APPROVAL_DATE_TIME ( #1469, #300 ) ;
#382 = ORIENTED_EDGE ( 'NONE', *, *, #1214, .T. ) ;
#383 = FACE_OUTER_BOUND ( 'NONE', #1526, .T. ) ;
#384 = EDGE_CURVE ( 'NONE', #451, #1003, #40, .T. ) ;
#385 = VECTOR ( 'NONE', #769, 1000.000000000000000 ) ;
#386 = CIRCLE ( 'NONE', #923, 5.050000000000002487 ) ;
#387 = ORIENTED_EDGE ( 'NONE', *, *, #1150, .T. ) ;
#388 = FACE_BOUND ( 'NONE', #1101, .T. ) ;
#389 = ORIENTED_EDGE ( 'NONE', *, *, #837, .F. ) ;
#390 = VECTOR ( 'NONE', #117, 1000.000000000000000 ) ;
#391 = ORIENTED_EDGE ( 'NONE', *, *, #534, .F. ) ;
#392 = CARTESIAN_POINT ( 'NONE',  ( 1.865098787218189003E-13, 4.000000000000000000, -2.782606157515383760 ) ) ;
#393 = PERSON_AND_ORGANIZATION ( #440, #83 ) ;
#394 = EDGE_LOOP ( 'NONE', ( #425, #606, #1212, #643 ) ) ;
#395 = EDGE_CURVE ( 'NONE', #500, #681, #1466, .T. ) ;
#396 = CARTESIAN_POINT ( 'NONE',  ( 2.150000000000273026, 1.299999999999998268, 1.241303078757423295 ) ) ;
#397 = CARTESIAN_POINT ( 'NONE',  ( 0.000000000000000000, 0.000000000000000000, 5.650000000000000355 ) ) ;
#398 = EDGE_CURVE ( 'NONE', #854, #877, #1457, .T. ) ;
#399 = CARTESIAN_POINT ( 'NONE',  ( 0.000000000000000000, 5.500000000000000000, 0.000000000000000000 ) ) ;
#400 = PERSON_AND_ORGANIZATION ( #440, #83 ) ;
#401 = ORIENTED_EDGE ( 'NONE', *, *, #1403, .T. ) ;
#402 = AXIS2_PLACEMENT_3D ( 'NONE', #705, #953, #1166 ) ;
#403 = CARTESIAN_POINT ( 'NONE',  ( 2.300000000000273381, 1.299999999999998268, 1.501110699892754585 ) ) ;
#404 = AXIS2_PLACEMENT_3D ( 'NONE', #1215, #342, #122 ) ;
#405 = CALENDAR_DATE ( 2026, 26, 7 ) ;
#406 = AXIS2_PLACEMENT_3D ( 'NONE', #907, #64, #901 ) ;
#407 = ORIENTED_EDGE ( 'NONE', *, *, #349, .F. ) ;
#408 = AXIS2_PLACEMENT_3D ( 'NONE', #302, #428, #788 ) ;
#409 = EDGE_CURVE ( 'NONE', #540, #322, #10, .T. ) ;
#410 = EDGE_LOOP ( 'NONE', ( #708, #401, #824, #284 ) ) ;
#411 = VECTOR ( 'NONE', #1441, 1000.000000000000000 ) ;
#412 = AXIS2_PLACEMENT_3D ( 'NONE', #204, #339, #585 ) ;
#413 = AXIS2_PLACEMENT_3D ( 'NONE', #298, #1332, #496 ) ;
#414 = DIRECTION ( 'NONE',  ( 0.000000000000000000, 0.000000000000000000, 1.000000000000000000 ) ) ;
#415 = CARTESIAN_POINT ( 'NONE',  ( 4.185020385794047115E-14, 4.000000000000000000, 2.829016319029027393 ) ) ;
#416 = AXIS2_PLACEMENT_3D ( 'NONE', #346, #365, #241 ) ;
#417 = DIRECTION ( 'NONE',  ( -1.000000000000000000, 0.000000000000000000, 0.000000000000000000 ) ) ;
#418 = FACE_OUTER_BOUND ( 'NONE', #1178, .T. ) ;
#419 = VERTEX_POINT ( 'NONE', #1013 ) ;
#420 = ADVANCED_FACE ( 'NONE', ( #1261 ), #169, .F. ) ;
#421 = EDGE_CURVE ( 'NONE', #1218, #310, #1126, .T. ) ;
#422 = EDGE_CURVE ( 'NONE', #1532, #35, #386, .T. ) ;
#423 = DIRECTION ( 'NONE',  ( -1.000000000000000000, 0.000000000000000000, 0.000000000000000000 ) ) ;
#424 = DIRECTION ( 'NONE',  ( 0.000000000000000000, 0.000000000000000000, -1.000000000000000000 ) ) ;
#425 = ORIENTED_EDGE ( 'NONE', *, *, #1065, .F. ) ;
#426 = CARTESIAN_POINT ( 'NONE',  ( 0.1500000000001868727, 1.299999999999998490, -2.742413778650715006 ) ) ;
#427 = DIRECTION ( 'NONE',  ( 0.000000000000000000, 1.000000000000000000, 0.000000000000000000 ) ) ;
#428 = DIRECTION ( 'NONE',  ( -0.3535533905932727317, 0.7071067811865496822, 0.6123724356957926940 ) ) ;
#429 = CARTESIAN_POINT ( 'NONE',  ( 6.919254415182546323E-16, 0.5000000000000000000, -5.650000000000000355 ) ) ;
#430 = EDGE_LOOP ( 'NONE', ( #452, #999 ) ) ;
#431 = LINE ( 'NONE', #946, #273 ) ;
#432 = VECTOR ( 'NONE', #1543, 1000.000000000000000 ) ;
#433 = AXIS2_PLACEMENT_3D ( 'NONE', #1527, #192, #450 ) ;
#434 = CARTESIAN_POINT ( 'NONE',  ( 8.572527594031472204E-16, 5.500000000000000000, 6.999999999999999112 ) ) ;
#435 = DIRECTION ( 'NONE',  ( 0.000000000000000000, -1.000000000000000000, -0.000000000000000000 ) ) ;
#436 = ORIENTED_EDGE ( 'NONE', *, *, #584, .F. ) ;
#437 = DIRECTION ( 'NONE',  ( -0.3535533905932735088, 0.7071067811865482389, 0.6123724356957940262 ) ) ;
#438 = VECTOR ( 'NONE', #1227, 1000.000000000000000 ) ;
#439 = VERTEX_POINT ( 'NONE', #680 ) ;
#440 = PERSON ( '未指定', '未指定', '未指定', ('未指定'), ('未指定'), ('未指定') ) ;
#441 = CYLINDRICAL_SURFACE ( 'NONE', #918, 0.2999999999999999334 ) ;
#442 = LINE ( 'NONE', #908, #1081 ) ;
#443 = ORIENTED_EDGE ( 'NONE', *, *, #409, .T. ) ;
#444 = DIRECTION ( 'NONE',  ( 0.000000000000000000, 0.000000000000000000, 1.000000000000000000 ) ) ;
#445 = EDGE_CURVE ( 'NONE', #500, #1547, #1501, .T. ) ;
#446 = CARTESIAN_POINT ( 'NONE',  ( -2.299999999999817302, 4.000000000000000000, 1.501110699892969746 ) ) ;
#447 = DIRECTION ( 'NONE',  ( -0.000000000000000000, -1.000000000000000000, -0.000000000000000000 ) ) ;
#448 = CARTESIAN_POINT ( 'NONE',  ( -2.149999999999817391, 4.000000000000000000, -1.241303078757685974 ) ) ;
#449 = ORIENTED_EDGE ( 'NONE', *, *, #1135, .T. ) ;
#450 = DIRECTION ( 'NONE',  ( 0.000000000000000000, 0.000000000000000000, 1.000000000000000000 ) ) ;
#451 = VERTEX_POINT ( 'NONE', #202 ) ;
#452 = ORIENTED_EDGE ( 'NONE', *, *, #766, .F. ) ;
#453 = CARTESIAN_POINT ( 'NONE',  ( 0.000000000000000000, 9.000000000000000000, 0.000000000000000000 ) ) ;
#454 = ORIENTED_EDGE ( 'NONE', *, *, #1354, .T. ) ;
#455 = DIRECTION ( 'NONE',  ( -0.000000000000000000, 1.000000000000000000, 0.000000000000000000 ) ) ;
#456 = AXIS2_PLACEMENT_3D ( 'NONE', #134, #1452, #1090 ) ;
#457 = ORIENTED_EDGE ( 'NONE', *, *, #1506, .F. ) ;
#458 = EDGE_CURVE ( 'NONE', #724, #1498, #872, .T. ) ;
#459 = DIRECTION ( 'NONE',  ( 0.000000000000000000, 0.000000000000000000, 1.000000000000000000 ) ) ;
#460 = TOROIDAL_SURFACE ( 'NONE', #433, 5.550000000000002487, 0.5000000000000000000 ) ;
#461 = ADVANCED_FACE ( 'NONE', ( #1269 ), #460, .F. ) ;
#462 = DIRECTION ( 'NONE',  ( 1.000000000000000000, -0.000000000000000000, 0.000000000000000000 ) ) ;
#463 = B_SPLINE_CURVE_WITH_KNOTS ( 'NONE', 3,
 ( #283, #1141, #1350, #33 ),
 .UNSPECIFIED., .F., .F.,
 ( 4, 4 ),
 ( 0.000000000000000000, 0.0004493212536357273600 ),
 .UNSPECIFIED. ) ;
#464 = AXIS2_PLACEMENT_3D ( 'NONE', #1439, #116, #823 ) ;
#465 = CARTESIAN_POINT ( 'NONE',  ( 0.1500000000001868727, 1.299999999999998268, -2.742413778650715006 ) ) ;
#466 = AXIS2_PLACEMENT_3D ( 'NONE', #1530, #654, #1146 ) ;
#467 = DIRECTION ( 'NONE',  ( -0.8660254037844385966, 0.000000000000000000, -0.5000000000000000000 ) ) ;
#468 = VERTEX_POINT ( 'NONE', #806 ) ;
#469 = LINE ( 'NONE', #587, #233 ) ;
#470 = AXIS2_PLACEMENT_3D ( 'NONE', #1155, #318, #1177 ) ;
#471 = EDGE_LOOP ( 'NONE', ( #299, #137, #738, #29, #807, #382 ) ) ;
#472 = ADVANCED_FACE ( 'NONE', ( #68 ), #1073, .T. ) ;
#473 = LINE ( 'NONE', #843, #659 ) ;
#474 = ADVANCED_FACE ( 'NONE', ( #799 ), #552, .T. ) ;
#475 = CARTESIAN_POINT ( 'NONE',  ( -2.105795574123930702, 8.700000000000002842, 1.525000000000091394 ) ) ;
#476 = LINE ( 'NONE', #107, #1153 ) ;
#477 = ORIENTED_EDGE ( 'NONE', *, *, #827, .T. ) ;
#478 = LINE ( 'NONE', #1320, #113 ) ;
#479 = CARTESIAN_POINT ( 'NONE',  ( 2.105795574123932035, 8.700000000000002842, -1.525000000000090727 ) ) ;
#480 = LINE ( 'NONE', #978, #1418 ) ;
#481 = EDGE_CURVE ( 'NONE', #439, #672, #1406, .T. ) ;
#482 = DIRECTION ( 'NONE',  ( -0.000000000000000000, -0.7071067811865515695, -0.7071067811865435759 ) ) ;
#483 = FACE_OUTER_BOUND ( 'NONE', #1283, .T. ) ;
#484 = CARTESIAN_POINT ( 'NONE',  ( 2.105795574123931146, 8.700000000000002842, 1.525000000000091394 ) ) ;
#485 = ORIENTED_EDGE ( 'NONE', *, *, #333, .T. ) ;
#486 = DIRECTION ( 'NONE',  ( 0.000000000000000000, 0.000000000000000000, -1.000000000000000000 ) ) ;
#487 = ORIENTED_EDGE ( 'NONE', *, *, #51, .F. ) ;
#488 = CIRCLE ( 'NONE', #402, 5.650000000000000355 ) ;
#489 = VECTOR ( 'NONE', #1040, 1000.000000000000000 ) ;
#490 = VECTOR ( 'NONE', #326, 1000.000000000000227 ) ;
#491 = DIRECTION ( 'NONE',  ( 0.000000000000000000, -1.000000000000000000, 0.000000000000000000 ) ) ;
#492 = PLANE ( 'NONE',  #1125 ) ;
#493 = LOCAL_TIME ( 18, 29, 51.00000000000000000, #1131 ) ;
#494 = FACE_OUTER_BOUND ( 'NONE', #1293, .T. ) ;
#495 = ORIENTED_EDGE ( 'NONE', *, *, #652, .F. ) ;
#496 = DIRECTION ( 'NONE',  ( 0.000000000000000000, 0.000000000000000000, 1.000000000000000000 ) ) ;
#497 = EDGE_LOOP ( 'NONE', ( #242, #1460, #1075, #1225 ) ) ;
#498 = DIRECTION ( 'NONE',  ( 0.000000000000000000, 0.000000000000000000, -1.000000000000000000 ) ) ;
#499 = CC_DESIGN_APPROVAL ( #871, ( #697 ) ) ;
#500 = VERTEX_POINT ( 'NONE', #813 ) ;
#501 = FACE_OUTER_BOUND ( 'NONE', #21, .T. ) ;
#502 = DIRECTION ( 'NONE',  ( 0.7071067811865493491, 0.7071067811865456854, 0.000000000000000000 ) ) ;
#503 = ORIENTED_EDGE ( 'NONE', *, *, #1108, .T. ) ;
#504 = APPLICATION_PROTOCOL_DEFINITION ( 'international standard', 'config_control_design', 1994, #660 ) ;
#505 = EDGE_LOOP ( 'NONE', ( #78, #436, #1120, #1032 ) ) ;
#506 = ORIENTED_EDGE ( 'NONE', *, *, #162, .T. ) ;
#507 = CARTESIAN_POINT ( 'NONE',  ( 6.306931015608869596E-16, 4.000000000000000000, 5.150000000000001243 ) ) ;
#508 = ORIENTED_EDGE ( 'NONE', *, *, #112, .F. ) ;
#509 = LINE ( 'NONE', #1305, #767 ) ;
#510 = DIRECTION ( 'NONE',  ( 0.000000000000000000, 0.000000000000000000, 1.000000000000000000 ) ) ;
#511 = DATE_AND_TIME ( #1242, #1520 ) ;
#512 = ORIENTED_EDGE ( 'NONE', *, *, #398, .T. ) ;
#513 = DIRECTION ( 'NONE',  ( 0.000000000000000000, 0.000000000000000000, 1.000000000000000000 ) ) ;
#514 = EDGE_CURVE ( 'NONE', #1093, #264, #1290, .T. ) ;
#515 = EDGE_CURVE ( 'NONE', #35, #1532, #1315, .T. ) ;
#516 = CLOSED_SHELL ( 'NONE', ( #1182, #1048, #461, #1455, #628, #1096, #234, #528, #58, #1025, #1329, #293, #1139, #36, #579, #1306, #142, #1281, #812, #282, #420, #1277, #658, #1398, #925, #316, #748, #474, #1363, #873, #177, #1450, #472, #261, #1411, #853, #219, #1089, #919, #910, #1024, #703, #1136, #635, #992, #836, #291, #1554, #96, #1372, #1487, #1428, #170, #1028, #749, #706 ) ) ;
#517 = ORIENTED_EDGE ( 'NONE', *, *, #805, .F. ) ;
#518 = DIRECTION ( 'NONE',  ( -0.000000000000000000, 1.000000000000000000, 0.000000000000000000 ) ) ;
#519 = CARTESIAN_POINT ( 'NONE',  ( 0.000000000000000000, 0.5000000000000004441, 0.000000000000000000 ) ) ;
#520 = ORIENTED_EDGE ( 'NONE', *, *, #827, .F. ) ;
#521 = CC_DESIGN_DATE_AND_TIME_ASSIGNMENT ( #644, #633, ( #1461 ) ) ;
#522 = AXIS2_PLACEMENT_3D ( 'NONE', #155, #61, #781 ) ;
#523 = AXIS2_PLACEMENT_3D ( 'NONE', #876, #1347, #882 ) ;
#524 = EDGE_CURVE ( 'NONE', #235, #1001, #790, .T. ) ;
#525 = CC_DESIGN_APPROVAL ( #300, ( #1461 ) ) ;
#526 = CARTESIAN_POINT ( 'NONE',  ( 2.300000000000273381, 4.000000000000000000, 1.501110699892754585 ) ) ;
#527 = CARTESIAN_POINT ( 'NONE',  ( 0.000000000000000000, 0.000000000000000000, 6.499999999999999112 ) ) ;
#528 = ADVANCED_FACE ( 'NONE', ( #1298 ), #74, .T. ) ;
#529 = ORIENTED_EDGE ( 'NONE', *, *, #395, .T. ) ;
#530 = MECHANICAL_CONTEXT ( 'NONE', #311, 'mechanical' ) ;
#531 = ORIENTED_EDGE ( 'NONE', *, *, #1237, .T. ) ;
#532 = ORIENTED_EDGE ( 'NONE', *, *, #422, .F. ) ;
#533 = DIRECTION ( 'NONE',  ( 0.000000000000000000, 1.000000000000000000, 0.000000000000000000 ) ) ;
#534 = EDGE_CURVE ( 'NONE', #692, #354, #1159, .T. ) ;
#535 = COORDINATED_UNIVERSAL_TIME_OFFSET ( 8, 0, .AHEAD. ) ;
#536 = ORIENTED_EDGE ( 'NONE', *, *, #541, .T. ) ;
#537 = FACE_OUTER_BOUND ( 'NONE', #394, .T. ) ;
#538 = CARTESIAN_POINT ( 'NONE',  ( 0.000000000000000000, 0.000000000000000000, 0.000000000000000000 ) ) ;
#539 = VECTOR ( 'NONE', #50, 1000.000000000000000 ) ;
#540 = VERTEX_POINT ( 'NONE', #1533 ) ;
#541 = EDGE_CURVE ( 'NONE', #1532, #235, #639, .T. ) ;
#542 = ORIENTED_EDGE ( 'NONE', *, *, #647, .T. ) ;
#543 = CIRCLE ( 'NONE', #1154, 6.999999999999999112 ) ;
#544 = VECTOR ( 'NONE', #1249, 1000.000000000000000 ) ;
#545 = CARTESIAN_POINT ( 'NONE',  ( -2.105795574123930702, 8.700000000000002842, 1.525000000000091394 ) ) ;
#546 = DIRECTION ( 'NONE',  ( 1.224646799147351482E-16, 0.000000000000000000, -1.000000000000000000 ) ) ;
#547 = VERTEX_POINT ( 'NONE', #178 ) ;
#548 = EDGE_CURVE ( 'NONE', #94, #929, #671, .T. ) ;
#549 = LINE ( 'NONE', #426, #763 ) ;
#550 = LINE ( 'NONE', #684, #1179 ) ;
#551 = ORIENTED_EDGE ( 'NONE', *, *, #1462, .F. ) ;
#552 = PLANE ( 'NONE',  #1267 ) ;
#553 = ORIENTED_EDGE ( 'NONE', *, *, #1214, .F. ) ;
#554 = ORIENTED_EDGE ( 'NONE', *, *, #1467, .F. ) ;
#555 = DIRECTION ( 'NONE',  ( 0.000000000000000000, 0.000000000000000000, 1.000000000000000000 ) ) ;
#556 = ORIENTED_EDGE ( 'NONE', *, *, #1118, .F. ) ;
#557 = EDGE_CURVE ( 'NONE', #1270, #589, #947, .T. ) ;
#558 = EDGE_CURVE ( 'NONE', #500, #852, #912, .T. ) ;
#559 = AXIS2_PLACEMENT_3D ( 'NONE', #85, #1167, #676 ) ;
#560 = DIRECTION ( 'NONE',  ( -1.000000000000000000, 0.000000000000000000, 0.000000000000000000 ) ) ;
#561 = DIRECTION ( 'NONE',  ( -0.000000000000000000, -1.000000000000000000, -0.000000000000000000 ) ) ;
#562 = CONICAL_SURFACE ( 'NONE', #870, 0.3000000000000014322, 0.7853981633974532750 ) ;
#563 = VECTOR ( 'NONE', #615, 1000.000000000000000 ) ;
#564 = DIRECTION ( 'NONE',  ( 0.000000000000000000, 0.000000000000000000, -1.000000000000000000 ) ) ;
#565 = DIRECTION ( 'NONE',  ( -0.000000000000000000, 1.000000000000000000, 0.000000000000000000 ) ) ;
#566 = ORIENTED_EDGE ( 'NONE', *, *, #863, .F. ) ;
#567 = EDGE_CURVE ( 'NONE', #1417, #354, #1389, .T. ) ;
#568 = DIRECTION ( 'NONE',  ( 0.000000000000000000, 0.000000000000000000, 1.000000000000000000 ) ) ;
#569 = CIRCLE ( 'NONE', #413, 2.600000000000041833 ) ;
#570 = CARTESIAN_POINT ( 'NONE',  ( 6.184466335694136026E-16, 6.500000000000000888, 5.050000000000002487 ) ) ;
#571 = DIRECTION ( 'NONE',  ( 0.000000000000000000, -1.000000000000000000, 0.000000000000000000 ) ) ;
#572 = DIRECTION ( 'NONE',  ( 0.000000000000000000, 0.000000000000000000, -1.000000000000000000 ) ) ;
#573 = ORIENTED_EDGE ( 'NONE', *, *, #1467, .T. ) ;
#574 = ORIENTED_EDGE ( 'NONE', *, *, #674, .F. ) ;
#575 = DIRECTION ( 'NONE',  ( 1.000000000000000000, -0.000000000000000000, 1.224646799147353207E-16 ) ) ;
#576 = EDGE_CURVE ( 'NONE', #586, #419, #39, .T. ) ;
#577 = ORIENTED_EDGE ( 'NONE', *, *, #889, .F. ) ;
#578 = DIRECTION ( 'NONE',  ( 0.000000000000000000, -1.000000000000000000, 0.000000000000000000 ) ) ;
#579 = ADVANCED_FACE ( 'NONE', ( #1396, #501 ), #1445, .F. ) ;
#580 = DIRECTION ( 'NONE',  ( -0.000000000000000000, 1.000000000000000000, 0.000000000000000000 ) ) ;
#581 = ORIENTED_EDGE ( 'NONE', *, *, #481, .F. ) ;
#582 = DIRECTION ( 'NONE',  ( -0.000000000000000000, -0.7071067811865515695, 0.7071067811865435759 ) ) ;
#583 = LINE ( 'NONE', #446, #1170 ) ;
#584 = EDGE_CURVE ( 'NONE', #322, #540, #1049, .T. ) ;
#585 = DIRECTION ( 'NONE',  ( 0.000000000000000000, 0.000000000000000000, -1.000000000000000000 ) ) ;
#586 = VERTEX_POINT ( 'NONE', #1337 ) ;
#587 = CARTESIAN_POINT ( 'NONE',  ( 1.075000000000043476, 0.9999999999999997780, -1.861954618136618445 ) ) ;
#588 = VECTOR ( 'NONE', #1456, 999.9999999999998863 ) ;
#589 = VERTEX_POINT ( 'NONE', #590 ) ;
#590 = CARTESIAN_POINT ( 'NONE',  ( 6.919254415182546323E-16, 0.000000000000000000, -5.650000000000000355 ) ) ;
#591 = CIRCLE ( 'NONE', #1250, 0.2999999999999999334 ) ;
#592 = FACE_OUTER_BOUND ( 'NONE', #1465, .T. ) ;
#593 = DIRECTION ( 'NONE',  ( 0.000000000000000000, 0.000000000000000000, -1.000000000000000000 ) ) ;
#594 = VERTEX_POINT ( 'NONE', #828 ) ;
#595 = LINE ( 'NONE', #973, #1055 ) ;
#596 = AXIS2_PLACEMENT_3D ( 'NONE', #1008, #1473, #510 ) ;
#597 = ORIENTED_EDGE ( 'NONE', *, *, #366, .F. ) ;
#598 = EDGE_CURVE ( 'NONE', #24, #136, #114, .T. ) ;
#599 = CARTESIAN_POINT ( 'NONE',  ( 2.205880687254724304, 8.899648108823779324, -1.724648108823870984 ) ) ;
#600 = CARTESIAN_POINT ( 'NONE',  ( 2.450000000000273292, 4.000000000000000000, -1.414508159514525909 ) ) ;
#601 = CYLINDRICAL_SURFACE ( 'NONE', #1463, 2.600000000000041389 ) ;
#602 = ORIENTED_EDGE ( 'NONE', *, *, #735, .F. ) ;
#603 = CARTESIAN_POINT ( 'NONE',  ( 0.000000000000000000, 6.000000000000000000, -6.999999999999999112 ) ) ;
#604 = ORIENTED_EDGE ( 'NONE', *, *, #1138, .F. ) ;
#605 = LINE ( 'NONE', #9, #894 ) ;
#606 = ORIENTED_EDGE ( 'NONE', *, *, #1403, .F. ) ;
#607 = CARTESIAN_POINT ( 'NONE',  ( 2.105795574123932035, 8.700000000000002842, -1.525000000000091394 ) ) ;
#608 = CARTESIAN_POINT ( 'NONE',  ( 0.000000000000000000, 9.000000000000000000, -5.050000000000002487 ) ) ;
#609 = EDGE_LOOP ( 'NONE', ( #16, #377, #1036, #924 ) ) ;
#610 = ORIENTED_EDGE ( 'NONE', *, *, #1138, .T. ) ;
#611 = LINE ( 'NONE', #861, #438 ) ;
#612 = AXIS2_PLACEMENT_3D ( 'NONE', #265, #1240, #148 ) ;
#613 = AXIS2_PLACEMENT_3D ( 'NONE', #1477, #281, #1258 ) ;
#614 = ORIENTED_EDGE ( 'NONE', *, *, #1203, .T. ) ;
#615 = DIRECTION ( 'NONE',  ( 0.000000000000000000, -0.000000000000000000, 1.000000000000000000 ) ) ;
#616 = EDGE_CURVE ( 'NONE', #634, #594, #605, .T. ) ;
#617 = DIRECTION ( 'NONE',  ( 0.000000000000000000, 0.000000000000000000, 1.000000000000000000 ) ) ;
#618 = ORIENTED_EDGE ( 'NONE', *, *, #1063, .F. ) ;
#619 = COORDINATED_UNIVERSAL_TIME_OFFSET ( 8, 0, .AHEAD. ) ;
#620 = ORIENTED_EDGE ( 'NONE', *, *, #1474, .T. ) ;
#621 = CYLINDRICAL_SURFACE ( 'NONE', #1488, 2.600000000000041833 ) ;
#622 = DIRECTION ( 'NONE',  ( 1.224646799147351482E-16, 0.000000000000000000, -1.000000000000000000 ) ) ;
#623 = VECTOR ( 'NONE', #1211, 1000.000000000000000 ) ;
#624 = CARTESIAN_POINT ( 'NONE',  ( 0.000000000000000000, 4.000000000000000000, 0.000000000000000000 ) ) ;
#625 = DIRECTION ( 'NONE',  ( 0.000000000000000000, 1.000000000000000000, 0.000000000000000000 ) ) ;
#626 = ORIENTED_EDGE ( 'NONE', *, *, #616, .T. ) ;
#627 = DIRECTION ( 'NONE',  ( 0.000000000000000000, 1.000000000000000000, 0.000000000000000000 ) ) ;
#628 = ADVANCED_FACE ( 'NONE', ( #834 ), #80, .T. ) ;
#629 = ORIENTED_EDGE ( 'NONE', *, *, #409, .F. ) ;
#630 = MANIFOLD_SOLID_BREP ( '倒角1', #516 ) ;
#631 = DIRECTION ( 'NONE',  ( 0.000000000000000000, -1.000000000000000000, 0.000000000000000000 ) ) ;
#632 = CARTESIAN_POINT ( 'NONE',  ( 2.150000000000272138, 0.9999999999999997780, 1.241303078757421741 ) ) ;
#633 = DATE_TIME_ROLE ( 'creation_date' ) ;
#634 = VERTEX_POINT ( 'NONE', #2 ) ;
#635 = ADVANCED_FACE ( 'NONE', ( #348 ), #371, .F. ) ;
#636 = B_SPLINE_CURVE_WITH_KNOTS ( 'NONE', 3,
 ( #475, #960, #1429, #1117 ),
 .UNSPECIFIED., .F., .F.,
 ( 4, 4 ),
 ( 0.000000000000000000, 0.0004493212536359781359 ),
 .UNSPECIFIED. ) ;
#637 = DIRECTION ( 'NONE',  ( 0.000000000000000000, 0.000000000000000000, -1.000000000000000000 ) ) ;
#638 = AXIS2_PLACEMENT_3D ( 'NONE', #968, #727, #1552 ) ;
#639 = CIRCLE ( 'NONE', #307, 0.5000000000000004441 ) ;
#640 = CIRCLE ( 'NONE', #1517, 0.5000000000000004441 ) ;
#641 = EDGE_LOOP ( 'NONE', ( #879, #1188, #661, #955 ) ) ;
#642 = DIRECTION ( 'NONE',  ( 0.000000000000000000, 1.000000000000000000, 0.000000000000000000 ) ) ;
#643 = ORIENTED_EDGE ( 'NONE', *, *, #1495, .F. ) ;
#644 = DATE_AND_TIME ( #144, #370 ) ;
#645 = ORIENTED_EDGE ( 'NONE', *, *, #1038, .F. ) ;
#646 = AXIS2_PLACEMENT_3D ( 'NONE', #624, #1105, #498 ) ;
#647 = EDGE_CURVE ( 'NONE', #439, #451, #966, .T. ) ;
#648 = DIRECTION ( 'NONE',  ( -1.000000000000000000, 0.000000000000000000, -0.000000000000000000 ) ) ;
#649 = ORIENTED_EDGE ( 'NONE', *, *, #1343, .T. ) ;
#650 = EDGE_LOOP ( 'NONE', ( #614, #710, #874, #325 ) ) ;
#651 = CARTESIAN_POINT ( 'NONE',  ( -2.449999999999817213, 1.299999999999998712, 1.414508159514525909 ) ) ;
#652 = EDGE_CURVE ( 'NONE', #1183, #128, #473, .T. ) ;
#653 = LINE ( 'NONE', #415, #1266 ) ;
#654 = DIRECTION ( 'NONE',  ( -1.000000000000000000, 0.000000000000000000, 0.000000000000000000 ) ) ;
#655 = CARTESIAN_POINT ( 'NONE',  ( 0.000000000000000000, 6.000000000000000000, 0.000000000000000000 ) ) ;
#656 = TOROIDAL_SURFACE ( 'NONE', #223, 6.499999999999999112, 0.5000000000000000000 ) ;
#657 = FACE_OUTER_BOUND ( 'NONE', #430, .T. ) ;
#658 = ADVANCED_FACE ( 'NONE', ( #1330 ), #855, .F. ) ;
#659 = VECTOR ( 'NONE', #491, 1000.000000000000000 ) ;
#660 = APPLICATION_CONTEXT ( 'configuration controlled 3d designs of mechanical parts and assemblies' ) ;
#661 = ORIENTED_EDGE ( 'NONE', *, *, #445, .T. ) ;
#662 = LINE ( 'NONE', #161, #1364 ) ;
#663 = EDGE_CURVE ( 'NONE', #100, #49, #1196, .T. ) ;
#664 = PLANE ( 'NONE',  #1419 ) ;
#665 = CARTESIAN_POINT ( 'NONE',  ( 1.865098787218189003E-13, 4.000000000000000000, -2.482606157515383938 ) ) ;
#666 = CARTESIAN_POINT ( 'NONE',  ( -2.149999999999817391, 1.299999999999998268, 1.241303078757638012 ) ) ;
#667 = ORIENTED_EDGE ( 'NONE', *, *, #757, .F. ) ;
#668 = AXIS2_PLACEMENT_3D ( 'NONE', #60, #1026, #915 ) ;
#669 = CIRCLE ( 'NONE', #181, 2.600000000000041389 ) ;
#670 = DIRECTION ( 'NONE',  ( 0.8660254037844387076, 0.000000000000000000, 0.4999999999999998335 ) ) ;
#671 = LINE ( 'NONE', #944, #842 ) ;
#672 = VERTEX_POINT ( 'NONE', #1312 ) ;
#673 = DIRECTION ( 'NONE',  ( 0.000000000000000000, 0.000000000000000000, 1.000000000000000000 ) ) ;
#674 = EDGE_CURVE ( 'NONE', #24, #943, #866, .T. ) ;
#675 = DIRECTION ( 'NONE',  ( -0.8660254037844387076, 0.000000000000000000, 0.4999999999999998890 ) ) ;
#676 = DIRECTION ( 'NONE',  ( 0.000000000000000000, 0.000000000000000000, 1.000000000000000000 ) ) ;
#677 = CARTESIAN_POINT ( 'NONE',  ( 0.000000000000000000, 9.000000000000000000, 0.000000000000000000 ) ) ;
#678 = ORIENTED_EDGE ( 'NONE', *, *, #271, .T. ) ;
#679 = ORIENTED_EDGE ( 'NONE', *, *, #366, .T. ) ;
#680 = CARTESIAN_POINT ( 'NONE',  ( -0.1499999999998132549, 4.000000000000000000, -2.742413778650715450 ) ) ;
#681 = VERTEX_POINT ( 'NONE', #131 ) ;
#682 = PLANE ( 'NONE',  #41 ) ;
#683 = CARTESIAN_POINT ( 'NONE',  ( -0.1499999999999578892, 4.000000000000000000, 2.742413778650583112 ) ) ;
#684 = CARTESIAN_POINT ( 'NONE',  ( 2.150000000000273026, 0.9999999999999997780, -1.241303078757637790 ) ) ;
#685 = ORIENTED_EDGE ( 'NONE', *, *, #1145, .F. ) ;
#686 = EDGE_LOOP ( 'NONE', ( #256, #949, #1432, #160 ) ) ;
#687 = ORIENTED_EDGE ( 'NONE', *, *, #805, .T. ) ;
#688 = AXIS2_PLACEMENT_3D ( 'NONE', #31, #625, #7 ) ;
#689 = CIRCLE ( 'NONE', #613, 5.150000000000001243 ) ;
#690 = CARTESIAN_POINT ( 'NONE',  ( 2.300000000000273381, 1.299999999999998268, -1.501110699892969746 ) ) ;
#691 = DIRECTION ( 'NONE',  ( -0.000000000000000000, -1.000000000000000000, -0.000000000000000000 ) ) ;
#692 = VERTEX_POINT ( 'NONE', #1206 ) ;
#693 = EDGE_CURVE ( 'NONE', #1140, #997, #255, .T. ) ;
#694 = DIRECTION ( 'NONE',  ( 0.000000000000000000, 0.000000000000000000, 1.000000000000000000 ) ) ;
#695 = CONICAL_SURFACE ( 'NONE', #1233, 0.3000000000000012101, 0.7853981633974532750 ) ;
#696 = ORIENTED_EDGE ( 'NONE', *, *, #1148, .T. ) ;
#697 = SECURITY_CLASSIFICATION ( '', '', #278 ) ;
#698 = CARTESIAN_POINT ( 'NONE',  ( -2.449999999999817213, 1.300000000000001599, 1.241303078757638234 ) ) ;
#699 = ORIENTED_EDGE ( 'NONE', *, *, #958, .F. ) ;
#700 = FACE_OUTER_BOUND ( 'NONE', #917, .T. ) ;
#701 = ORIENTED_EDGE ( 'NONE', *, *, #791, .T. ) ;
#702 = CARTESIAN_POINT ( 'NONE',  ( 0.000000000000000000, 4.000000000000000000, 0.000000000000000000 ) ) ;
#703 = ADVANCED_FACE ( 'NONE', ( #23 ), #1362, .T. ) ;
#704 = ORIENTED_EDGE ( 'NONE', *, *, #422, .T. ) ;
#705 = CARTESIAN_POINT ( 'NONE',  ( 0.000000000000000000, 0.000000000000000000, 0.000000000000000000 ) ) ;
#706 = ADVANCED_FACE ( 'NONE', ( #380 ), #254, .F. ) ;
#707 = CARTESIAN_POINT ( 'NONE',  ( 0.1500000000000421274, 1.299999999999998268, 2.742413778650583112 ) ) ;
#708 = ORIENTED_EDGE ( 'NONE', *, *, #934, .T. ) ;
#709 = CARTESIAN_POINT ( 'NONE',  ( 0.000000000000000000, 6.500000000000000888, -5.050000000000002487 ) ) ;
#710 = ORIENTED_EDGE ( 'NONE', *, *, #1529, .F. ) ;
#711 = DIRECTION ( 'NONE',  ( -0.000000000000000000, -1.000000000000000000, -0.000000000000000000 ) ) ;
#712 = CARTESIAN_POINT ( 'NONE',  ( 1.864827736675067626E-13, 1.299999999999998268, -2.829016319029159288 ) ) ;
#713 = FACE_OUTER_BOUND ( 'NONE', #410, .T. ) ;
#714 = CARTESIAN_POINT ( 'NONE',  ( 0.000000000000000000, 0.5000000000000004441, 0.000000000000000000 ) ) ;
#715 = DIRECTION ( 'NONE',  ( 0.000000000000000000, -1.000000000000000000, 0.000000000000000000 ) ) ;
#716 = AXIS2_PLACEMENT_3D ( 'NONE', #607, #482, #1437 ) ;
#717 = ORIENTED_EDGE ( 'NONE', *, *, #1230, .T. ) ;
#718 = VECTOR ( 'NONE', #1115, 1000.000000000000000 ) ;
#719 = DIRECTION ( 'NONE',  ( 0.000000000000000000, 0.000000000000000000, 1.000000000000000000 ) ) ;
#720 = CARTESIAN_POINT ( 'NONE',  ( -0.1499999999998133660, 1.299999999999998268, -2.742413778650715450 ) ) ;
#721 = CIRCLE ( 'NONE', #65, 0.5000000000000004441 ) ;
#722 = DIRECTION ( 'NONE',  ( 0.000000000000000000, 1.000000000000000000, 0.000000000000000000 ) ) ;
#723 = CARTESIAN_POINT ( 'NONE',  ( -2.299999999999817746, 1.299999999999998268, -1.501110699893017486 ) ) ;
#724 = VERTEX_POINT ( 'NONE', #507 ) ;
#725 = ORIENTED_EDGE ( 'NONE', *, *, #1244, .F. ) ;
#726 = CARTESIAN_POINT ( 'NONE',  ( 1.865098787218189003E-13, 1.299999999999998268, -2.482606157515383938 ) ) ;
#727 = DIRECTION ( 'NONE',  ( 0.000000000000000000, -1.000000000000000000, 0.000000000000000000 ) ) ;
#728 = CARTESIAN_POINT ( 'NONE',  ( -2.149999999999817391, 1.299999999999998268, -1.241303078757685974 ) ) ;
#729 = ORIENTED_EDGE ( 'NONE', *, *, #967, .F. ) ;
#730 = LINE ( 'NONE', #1092, #1464 ) ;
#731 = ORIENTED_EDGE ( 'NONE', *, *, #864, .T. ) ;
#732 = DIRECTION ( 'NONE',  ( -0.000000000000000000, 1.000000000000000000, 0.000000000000000000 ) ) ;
#733 = CC_DESIGN_DATE_AND_TIME_ASSIGNMENT ( #1483, #159, ( #697 ) ) ;
#734 = LINE ( 'NONE', #357, #1370 ) ;
#735 = EDGE_CURVE ( 'NONE', #136, #594, #1229, .T. ) ;
#736 = DIRECTION ( 'NONE',  ( 0.000000000000000000, 0.000000000000000000, 1.000000000000000000 ) ) ;
#737 = EDGE_CURVE ( 'NONE', #1369, #1228, #1412, .T. ) ;
#738 = ORIENTED_EDGE ( 'NONE', *, *, #1447, .T. ) ;
#739 = DIRECTION ( 'NONE',  ( 0.000000000000000000, 0.000000000000000000, 1.000000000000000000 ) ) ;
#740 =( LENGTH_UNIT ( ) NAMED_UNIT ( * ) SI_UNIT ( .MILLI., .METRE. ) );
#741 = ORIENTED_EDGE ( 'NONE', *, *, #737, .F. ) ;
#742 = CARTESIAN_POINT ( 'NONE',  ( 0.000000000000000000, 8.700000000000002842, 0.000000000000000000 ) ) ;
#743 = DIRECTION ( 'NONE',  ( 0.3535533905932757293, 0.7071067811865437980, 0.6123724356957978010 ) ) ;
#744 = VECTOR ( 'NONE', #1232, 1000.000000000000000 ) ;
#745 = AXIS2_PLACEMENT_3D ( 'NONE', #875, #1345, #1236 ) ;
#746 = ORIENTED_EDGE ( 'NONE', *, *, #1253, .T. ) ;
#747 = CARTESIAN_POINT ( 'NONE',  ( 0.000000000000000000, 0.000000000000000000, 0.000000000000000000 ) ) ;
#748 = ADVANCED_FACE ( 'NONE', ( #1202 ), #621, .F. ) ;
#749 = ADVANCED_FACE ( 'NONE', ( #383 ), #133, .F. ) ;
#750 = EDGE_CURVE ( 'NONE', #681, #860, #816, .T. ) ;
#751 = CARTESIAN_POINT ( 'NONE',  ( 0.000000000000000000, 6.500000000000000888, 0.000000000000000000 ) ) ;
#752 = PERSON_AND_ORGANIZATION_ROLE ( 'design_owner' ) ;
#753 = EDGE_LOOP ( 'NONE', ( #250, #1440, #1275 ) ) ;
#754 = CONICAL_SURFACE ( 'NONE', #63, 0.3000000000000014322, 0.7853981633974532750 ) ;
#755 = CIRCLE ( 'NONE', #952, 2.600000000000041833 ) ;
#756 = DIRECTION ( 'NONE',  ( 0.8660254037844385966, 0.000000000000000000, 0.5000000000000000000 ) ) ;
#757 = EDGE_CURVE ( 'NONE', #1393, #852, #19, .T. ) ;
#758 = PERSON_AND_ORGANIZATION ( #440, #83 ) ;
#759 = ORIENTED_EDGE ( 'NONE', *, *, #1087, .F. ) ;
#760 = CARTESIAN_POINT ( 'NONE',  ( 2.253746880197681879, 9.000000000000000000, 1.824999999999850742 ) ) ;
#761 = DIRECTION ( 'NONE',  ( -0.8660254037844387076, 0.000000000000000000, 0.5000000000000001110 ) ) ;
#762 = LINE ( 'NONE', #770, #544 ) ;
#763 = VECTOR ( 'NONE', #1512, 1000.000000000000227 ) ;
#764 = APPROVAL_STATUS ( 'not_yet_approved' ) ;
#765 = ORIENTED_EDGE ( 'NONE', *, *, #269, .T. ) ;
#766 = EDGE_CURVE ( 'NONE', #1498, #724, #689, .T. ) ;
#767 = VECTOR ( 'NONE', #218, 1000.000000000000000 ) ;
#768 = VECTOR ( 'NONE', #1106, 1000.000000000000000 ) ;
#769 = DIRECTION ( 'NONE',  ( 0.000000000000000000, -1.000000000000000000, 0.000000000000000000 ) ) ;
#770 = CARTESIAN_POINT ( 'NONE',  ( -2.105795574123930702, 5.500000000000000000, 1.525000000000091394 ) ) ;
#771 = ORIENTED_EDGE ( 'NONE', *, *, #1038, .T. ) ;
#772 = CIRCLE ( 'NONE', #1388, 0.2999999999999999334 ) ;
#773 = AXIS2_PLACEMENT_3D ( 'NONE', #956, #1426, #965 ) ;
#774 = APPROVAL_PERSON_ORGANIZATION ( #34, #871, #778 ) ;
#775 = CARTESIAN_POINT ( 'NONE',  ( -2.299999999999817746, 1.299999999999998268, -1.501110699893017486 ) ) ;
#776 = DIRECTION ( 'NONE',  ( -0.5000000000000001110, 0.000000000000000000, 0.8660254037844387076 ) ) ;
#777 = ORIENTED_EDGE ( 'NONE', *, *, #269, .F. ) ;
#778 = APPROVAL_ROLE ( '' ) ;
#779 = ORIENTED_EDGE ( 'NONE', *, *, #271, .F. ) ;
#780 = PLANE ( 'NONE',  #1489 ) ;
#781 = DIRECTION ( 'NONE',  ( 0.000000000000000000, 0.000000000000000000, 1.000000000000000000 ) ) ;
#782 = DIRECTION ( 'NONE',  ( 0.8660254037844387076, 0.000000000000000000, -0.4999999999999998890 ) ) ;
#783 = DIRECTION ( 'NONE',  ( 0.000000000000000000, 0.000000000000000000, 1.000000000000000000 ) ) ;
#784 = CARTESIAN_POINT ( 'NONE',  ( 0.000000000000000000, 0.5000000000000000000, 0.000000000000000000 ) ) ;
#785 = EDGE_LOOP ( 'NONE', ( #1492, #503, #620, #1302 ) ) ;
#786 = TOROIDAL_SURFACE ( 'NONE', #216, 6.499999999999999112, 0.5000000000000000000 ) ;
#787 = PRODUCT ( '轴联器', '轴联器', '', ( #530 ) ) ;
#788 = DIRECTION ( 'NONE',  ( -0.8660254037844385966, 0.000000000000000000, -0.5000000000000000000 ) ) ;
#789 = DIRECTION ( 'NONE',  ( 0.000000000000000000, 0.000000000000000000, 1.000000000000000000 ) ) ;
#790 = CIRCLE ( 'NONE', #59, 5.550000000000002487 ) ;
#791 = EDGE_CURVE ( 'NONE', #270, #929, #662, .T. ) ;
#792 = EDGE_LOOP ( 'NONE', ( #1257, #529, #1287 ) ) ;
#793 = CARTESIAN_POINT ( 'NONE',  ( 0.000000000000000000, 5.500000000000000000, 0.000000000000000000 ) ) ;
#794 = DIRECTION ( 'NONE',  ( -0.4999999999999998890, 0.000000000000000000, -0.8660254037844387076 ) ) ;
#795 = CYLINDRICAL_SURFACE ( 'NONE', #888, 0.2999999999999999334 ) ;
#796 = DIRECTION ( 'NONE',  ( 0.000000000000000000, 0.000000000000000000, 1.000000000000000000 ) ) ;
#797 = ORIENTED_EDGE ( 'NONE', *, *, #51, .T. ) ;
#798 = VECTOR ( 'NONE', #743, 1000.000000000000000 ) ;
#799 = FACE_OUTER_BOUND ( 'NONE', #1068, .T. ) ;
#800 = EDGE_CURVE ( 'NONE', #540, #1140, #13, .T. ) ;
#801 = EDGE_LOOP ( 'NONE', ( #1505, #1084 ) ) ;
#802 = LINE ( 'NONE', #1415, #1486 ) ;
#803 = CARTESIAN_POINT ( 'NONE',  ( 0.000000000000000000, 0.5000000000000000000, 0.000000000000000000 ) ) ;
#804 = ORIENTED_EDGE ( 'NONE', *, *, #1518, .F. ) ;
#805 = EDGE_CURVE ( 'NONE', #94, #1116, #200, .T. ) ;
#806 = CARTESIAN_POINT ( 'NONE',  ( -2.253746880197681879, 9.000000000000000000, -1.824999999999850742 ) ) ;
#807 = ORIENTED_EDGE ( 'NONE', *, *, #1495, .T. ) ;
#808 = FACE_BOUND ( 'NONE', #43, .T. ) ;
#809 = FACE_OUTER_BOUND ( 'NONE', #193, .T. ) ;
#810 = DIRECTION ( 'NONE',  ( -0.000000000000000000, -1.000000000000000000, -0.000000000000000000 ) ) ;
#811 = ORIENTED_EDGE ( 'NONE', *, *, #1110, .F. ) ;
#812 = ADVANCED_FACE ( 'NONE', ( #1502 ), #780, .F. ) ;
#813 = CARTESIAN_POINT ( 'NONE',  ( 4.141792639908438764E-14, 0.9999999999999997780, 2.482606157515250267 ) ) ;
#814 = VECTOR ( 'NONE', #761, 999.9999999999998863 ) ;
#815 = ORIENTED_EDGE ( 'NONE', *, *, #883, .T. ) ;
#816 = CIRCLE ( 'NONE', #1224, 0.2999999999999999334 ) ;
#817 = DIRECTION ( 'NONE',  ( 0.000000000000000000, 0.000000000000000000, 1.000000000000000000 ) ) ;
#818 = ORIENTED_EDGE ( 'NONE', *, *, #1197, .F. ) ;
#819 = DIRECTION ( 'NONE',  ( 0.000000000000000000, 0.000000000000000000, 1.000000000000000000 ) ) ;
#820 = VERTEX_POINT ( 'NONE', #914 ) ;
#821 = DIRECTION ( 'NONE',  ( -0.000000000000000000, -1.000000000000000000, -0.000000000000000000 ) ) ;
#822 = ORIENTED_EDGE ( 'NONE', *, *, #1499, .T. ) ;
#823 = DIRECTION ( 'NONE',  ( 0.000000000000000000, 0.000000000000000000, -1.000000000000000000 ) ) ;
#824 = ORIENTED_EDGE ( 'NONE', *, *, #1144, .T. ) ;
#825 = CARTESIAN_POINT ( 'NONE',  ( 0.000000000000000000, 0.000000000000000000, 0.000000000000000000 ) ) ;
#826 = ORIENTED_EDGE ( 'NONE', *, *, #421, .F. ) ;
#827 = EDGE_CURVE ( 'NONE', #1163, #1183, #253, .T. ) ;
#828 = CARTESIAN_POINT ( 'NONE',  ( -2.449999999999817213, 4.000000000000000000, 1.241303078757637346 ) ) ;
#829 = CARTESIAN_POINT ( 'NONE',  ( 6.184466335694136026E-16, 9.000000000000000000, 5.050000000000002487 ) ) ;
#830 = DIRECTION ( 'NONE',  ( 0.000000000000000000, 0.000000000000000000, 1.000000000000000000 ) ) ;
#831 = EDGE_LOOP ( 'NONE', ( #542, #72, #610, #581 ) ) ;
#832 = FACE_OUTER_BOUND ( 'NONE', #753, .T. ) ;
#833 = EDGE_LOOP ( 'NONE', ( #67, #1201 ) ) ;
#834 = FACE_OUTER_BOUND ( 'NONE', #686, .T. ) ;
#835 = LINE ( 'NONE', #3, #1540 ) ;
#836 = ADVANCED_FACE ( 'NONE', ( #376 ), #135, .T. ) ;
#837 = EDGE_CURVE ( 'NONE', #264, #1234, #1104, .T. ) ;
#838 = LINE ( 'NONE', #698, #1367 ) ;
#839 = CARTESIAN_POINT ( 'NONE',  ( 1.865098787218189003E-13, 1.299999999999998268, -2.482606157515383938 ) ) ;
#840 = AXIS2_PLACEMENT_3D ( 'NONE', #1276, #211, #1160 ) ;
#841 = VERTEX_POINT ( 'NONE', #220 ) ;
#842 = VECTOR ( 'NONE', #210, 1000.000000000000000 ) ;
#843 = CARTESIAN_POINT ( 'NONE',  ( 2.105795574123931146, 9.000000000000000000, 1.525000000000091394 ) ) ;
#844 = LOCAL_TIME ( 18, 29, 51.00000000000000000, #619 ) ;
#845 = CC_DESIGN_PERSON_AND_ORGANIZATION_ASSIGNMENT ( #868, #289, ( #1180 ) ) ;
#846 = ORIENTED_EDGE ( 'NONE', *, *, #1507, .F. ) ;
#847 = DIRECTION ( 'NONE',  ( 0.000000000000000000, 1.000000000000000000, 0.000000000000000000 ) ) ;
#848 = CIRCLE ( 'NONE', #1157, 5.150000000000001243 ) ;
#849 = LINE ( 'NONE', #981, #1522 ) ;
#850 = CARTESIAN_POINT ( 'NONE',  ( -0.1499999999999578892, 1.299999999999998268, 2.742413778650583112 ) ) ;
#851 = AXIS2_PLACEMENT_3D ( 'NONE', #859, #109, #17 ) ;
#852 = VERTEX_POINT ( 'NONE', #212 ) ;
#853 = ADVANCED_FACE ( 'NONE', ( #494 ), #1423, .T. ) ;
#854 = VERTEX_POINT ( 'NONE', #125 ) ;
#855 = PLANE ( 'NONE',  #976 ) ;
#856 = CARTESIAN_POINT ( 'NONE',  ( 6.796789735267813739E-16, 6.000000000000000000, -5.550000000000002487 ) ) ;
#857 = FACE_OUTER_BOUND ( 'NONE', #609, .T. ) ;
#858 = DIRECTION ( 'NONE',  ( 0.000000000000000000, 0.000000000000000000, 1.000000000000000000 ) ) ;
#859 = CARTESIAN_POINT ( 'NONE',  ( 4.209414934674970965E-14, 1.299999999999998268, 2.482606157515251599 ) ) ;
#860 = VERTEX_POINT ( 'NONE', #707 ) ;
#861 = CARTESIAN_POINT ( 'NONE',  ( 0.1500000000000421274, 4.000000000000000000, 2.742413778650583112 ) ) ;
#862 = EDGE_CURVE ( 'NONE', #136, #852, #838, .T. ) ;
#863 = EDGE_CURVE ( 'NONE', #1410, #1532, #1209, .T. ) ;
#864 = EDGE_CURVE ( 'NONE', #990, #1183, #849, .T. ) ;
#865 = ORIENTED_EDGE ( 'NONE', *, *, #515, .T. ) ;
#866 = LINE ( 'NONE', #1221, #199 ) ;
#867 = PLANE ( 'NONE',  #716 ) ;
#868 = PERSON_AND_ORGANIZATION ( #440, #83 ) ;
#869 = ORIENTED_EDGE ( 'NONE', *, *, #1238, .F. ) ;
#870 = AXIS2_PLACEMENT_3D ( 'NONE', #45, #518, #156 ) ;
#871 = APPROVAL ( #1348, '未指定' ) ;
#872 = CIRCLE ( 'NONE', #1541, 5.150000000000001243 ) ;
#873 = ADVANCED_FACE ( 'NONE', ( #1074 ), #336, .T. ) ;
#874 = ORIENTED_EDGE ( 'NONE', *, *, #73, .F. ) ;
#875 = CARTESIAN_POINT ( 'NONE',  ( 0.000000000000000000, 0.5000000000000000000, 5.650000000000000355 ) ) ;
#876 = CARTESIAN_POINT ( 'NONE',  ( -2.149999999999817391, 1.299999999999998268, 1.241303078757638012 ) ) ;
#877 = VERTEX_POINT ( 'NONE', #1198 ) ;
#878 = PERSON_AND_ORGANIZATION_ROLE ( 'classification_officer' ) ;
#879 = ORIENTED_EDGE ( 'NONE', *, *, #757, .T. ) ;
#880 = AXIS2_PLACEMENT_3D ( 'NONE', #448, #435, #572 ) ;
#881 = DIRECTION ( 'NONE',  ( 0.000000000000000000, -0.000000000000000000, 1.000000000000000000 ) ) ;
#882 = DIRECTION ( 'NONE',  ( 0.000000000000000000, 0.000000000000000000, 1.000000000000000000 ) ) ;
#883 = EDGE_CURVE ( 'NONE', #1498, #1270, #476, .T. ) ;
#884 = COORDINATED_UNIVERSAL_TIME_OFFSET ( 8, 0, .AHEAD. ) ;
#885 = EDGE_LOOP ( 'NONE', ( #531, #1122, #865, #566 ) ) ;
#886 = CARTESIAN_POINT ( 'NONE',  ( -2.105795574123931591, 5.500000000000000000, -1.525000000000091394 ) ) ;
#887 = DIRECTION ( 'NONE',  ( 0.000000000000000000, 1.000000000000000000, 0.000000000000000000 ) ) ;
#888 = AXIS2_PLACEMENT_3D ( 'NONE', #1278, #571, #941 ) ;
#889 = EDGE_CURVE ( 'NONE', #877, #854, #1548, .T. ) ;
#890 = SHAPE_DEFINITION_REPRESENTATION ( #1382, #1011 ) ;
#891 = ORIENTED_EDGE ( 'NONE', *, *, #292, .F. ) ;
#892 = AXIS2_PLACEMENT_3D ( 'NONE', #1300, #1448, #830 ) ;
#893 = AXIS2_PLACEMENT_3D ( 'NONE', #263, #905, #648 ) ;
#894 = VECTOR ( 'NONE', #1303, 1000.000000000000000 ) ;
#895 = AXIS2_PLACEMENT_3D ( 'NONE', #296, #1493, #1485 ) ;
#896 = DIRECTION ( 'NONE',  ( 0.000000000000000000, 0.000000000000000000, 1.000000000000000000 ) ) ;
#897 = CONICAL_SURFACE ( 'NONE', #612, 2.600000000000041389, 0.7853981633974540522 ) ;
#898 = ORIENTED_EDGE ( 'NONE', *, *, #1079, .T. ) ;
#899 = COORDINATED_UNIVERSAL_TIME_OFFSET ( 8, 0, .AHEAD. ) ;
#900 = ORIENTED_EDGE ( 'NONE', *, *, #515, .F. ) ;
#901 = DIRECTION ( 'NONE',  ( 0.000000000000000000, 0.000000000000000000, 1.000000000000000000 ) ) ;
#902 = AXIS2_PLACEMENT_3D ( 'NONE', #714, #99, #858 ) ;
#903 = AXIS2_PLACEMENT_3D ( 'NONE', #267, #887, #276 ) ;
#904 = FACE_OUTER_BOUND ( 'NONE', #165, .T. ) ;
#905 = DIRECTION ( 'NONE',  ( 0.000000000000000000, 0.000000000000000000, -1.000000000000000000 ) ) ;
#906 = DIRECTION ( 'NONE',  ( 0.000000000000000000, 1.000000000000000000, 0.000000000000000000 ) ) ;
#907 = CARTESIAN_POINT ( 'NONE',  ( 2.150000000000273026, 1.299999999999998268, -1.241303078757638234 ) ) ;
#908 = CARTESIAN_POINT ( 'NONE',  ( -2.149999999999813838, 0.9999999999999997780, 0.000000000000000000 ) ) ;
#909 = ORIENTED_EDGE ( 'NONE', *, *, #1230, .F. ) ;
#910 = ADVANCED_FACE ( 'NONE', ( #1416 ), #1184, .T. ) ;
#911 = DIRECTION ( 'NONE',  ( 0.000000000000000000, 0.000000000000000000, 1.000000000000000000 ) ) ;
#912 = LINE ( 'NONE', #1379, #105 ) ;
#913 = ORIENTED_EDGE ( 'NONE', *, *, #1254, .F. ) ;
#914 = CARTESIAN_POINT ( 'NONE',  ( 0.000000000000000000, 5.500000000000000000, -6.999999999999999112 ) ) ;
#915 = DIRECTION ( 'NONE',  ( 0.000000000000000000, 0.000000000000000000, 1.000000000000000000 ) ) ;
#916 = CYLINDRICAL_SURFACE ( 'NONE', #1468, 5.050000000000002487 ) ;
#917 = EDGE_LOOP ( 'NONE', ( #407, #759, #1545, #577 ) ) ;
#918 = AXIS2_PLACEMENT_3D ( 'NONE', #936, #1034, #564 ) ;
#919 = ADVANCED_FACE ( 'NONE', ( #92 ), #1189, .T. ) ;
#920 = CIRCLE ( 'NONE', #945, 0.5000000000000004441 ) ;
#921 = ORIENTED_EDGE ( 'NONE', *, *, #598, .F. ) ;
#922 = CARTESIAN_POINT ( 'NONE',  ( 0.000000000000000000, 6.500000000000000888, 0.000000000000000000 ) ) ;
#923 = AXIS2_PLACEMENT_3D ( 'NONE', #146, #642, #789 ) ;
#924 = ORIENTED_EDGE ( 'NONE', *, *, #616, .F. ) ;
#925 = ADVANCED_FACE ( 'NONE', ( #1066 ), #601, .F. ) ;
#926 = CARTESIAN_POINT ( 'NONE',  ( 0.000000000000000000, 6.500000000000000888, 5.550000000000002487 ) ) ;
#927 = FACE_OUTER_BOUND ( 'NONE', #1514, .T. ) ;
#928 = CARTESIAN_POINT ( 'NONE',  ( 2.105795574123932035, 5.500000000000000000, -1.525000000000090727 ) ) ;
#929 = VERTEX_POINT ( 'NONE', #364 ) ;
#930 = AXIS2_PLACEMENT_3D ( 'NONE', #317, #906, #46 ) ;
#931 = APPROVAL_PERSON_ORGANIZATION ( #393, #1395, #1016 ) ;
#932 = DIRECTION ( 'NONE',  ( 1.224646799147351482E-16, 0.000000000000000000, -1.000000000000000000 ) ) ;
#933 = ORIENTED_EDGE ( 'NONE', *, *, #557, .T. ) ;
#934 = EDGE_CURVE ( 'NONE', #258, #1116, #948, .T. ) ;
#935 = EDGE_CURVE ( 'NONE', #258, #1222, #1544, .T. ) ;
#936 = CARTESIAN_POINT ( 'NONE',  ( 2.150000000000273026, 4.000000000000000000, 1.241303078757423295 ) ) ;
#937 = DIRECTION ( 'NONE',  ( 0.000000000000000000, 1.000000000000000000, 0.000000000000000000 ) ) ;
#938 = ORIENTED_EDGE ( 'NONE', *, *, #245, .F. ) ;
#939 = DIRECTION ( 'NONE',  ( 0.000000000000000000, 1.000000000000000000, 0.000000000000000000 ) ) ;
#940 = CARTESIAN_POINT ( 'NONE',  ( 4.209414934674970965E-14, 1.299999999999998268, 2.482606157515251599 ) ) ;
#941 = DIRECTION ( 'NONE',  ( 0.000000000000000000, 0.000000000000000000, -1.000000000000000000 ) ) ;
#942 = DIRECTION ( 'NONE',  ( 0.000000000000000000, 0.000000000000000000, -1.000000000000000000 ) ) ;
#943 = VERTEX_POINT ( 'NONE', #353 ) ;
#944 = CARTESIAN_POINT ( 'NONE',  ( 2.450000000000273292, 4.000000000000000000, -1.241303078757638234 ) ) ;
#945 = AXIS2_PLACEMENT_3D ( 'NONE', #926, #1042, #1390 ) ;
#946 = CARTESIAN_POINT ( 'NONE',  ( 1.074999999999949551, 0.9999999999999997780, 1.861954618136456130 ) ) ;
#947 = CIRCLE ( 'NONE', #1459, 0.5000000000000004441 ) ;
#948 = LINE ( 'NONE', #4, #1053 ) ;
#949 = ORIENTED_EDGE ( 'NONE', *, *, #349, .T. ) ;
#950 = CIRCLE ( 'NONE', #466, 0.5000000000000004441 ) ;
#951 = DIRECTION ( 'NONE',  ( 0.000000000000000000, 0.000000000000000000, 1.000000000000000000 ) ) ;
#952 = AXIS2_PLACEMENT_3D ( 'NONE', #399, #995, #98 ) ;
#953 = DIRECTION ( 'NONE',  ( 0.000000000000000000, 1.000000000000000000, 0.000000000000000000 ) ) ;
#954 = CARTESIAN_POINT ( 'NONE',  ( -2.149999999999817391, 4.000000000000000000, 1.241303078757638012 ) ) ;
#955 = ORIENTED_EDGE ( 'NONE', *, *, #1005, .F. ) ;
#956 = CARTESIAN_POINT ( 'NONE',  ( 0.000000000000000000, 9.000000000000000000, 0.000000000000000000 ) ) ;
#957 = EDGE_CURVE ( 'NONE', #594, #1114, #591, .T. ) ;
#958 = EDGE_CURVE ( 'NONE', #672, #634, #111, .T. ) ;
#959 = DIRECTION ( 'NONE',  ( 0.000000000000000000, 1.000000000000000000, 0.000000000000000000 ) ) ;
#960 = CARTESIAN_POINT ( 'NONE',  ( -2.156648450063657130, 8.799614661473039945, 1.624614661473129162 ) ) ;
#961 = DIRECTION ( 'NONE',  ( 0.000000000000000000, -1.000000000000000000, 0.000000000000000000 ) ) ;
#962 = ORIENTED_EDGE ( 'NONE', *, *, #647, .F. ) ;
#963 = APPLICATION_PROTOCOL_DEFINITION ( 'international standard', 'config_control_design', 1994, #311 ) ;
#964 = ORIENTED_EDGE ( 'NONE', *, *, #1135, .F. ) ;
#965 = DIRECTION ( 'NONE',  ( 0.000000000000000000, 0.000000000000000000, 1.000000000000000000 ) ) ;
#966 = LINE ( 'NONE', #1542, #768 ) ;
#967 = EDGE_CURVE ( 'NONE', #1003, #24, #772, .T. ) ;
#968 = CARTESIAN_POINT ( 'NONE',  ( 2.150000000000273026, 4.000000000000000000, -1.241303078757638234 ) ) ;
#969 = CYLINDRICAL_SURFACE ( 'NONE', #646, 5.150000000000001243 ) ;
#970 = CIRCLE ( 'NONE', #1071, 0.2999999999999999334 ) ;
#971 = DIRECTION ( 'NONE',  ( 0.000000000000000000, -1.000000000000000000, 0.000000000000000000 ) ) ;
#972 = ORIENTED_EDGE ( 'NONE', *, *, #352, .T. ) ;
#973 = CARTESIAN_POINT ( 'NONE',  ( -2.105795574123930702, 9.000000000000000000, 1.525000000000091394 ) ) ;
#974 = AXIS2_PLACEMENT_3D ( 'NONE', #1374, #295, #1353 ) ;
#975 = ORIENTED_EDGE ( 'NONE', *, *, #1197, .T. ) ;
#976 = AXIS2_PLACEMENT_3D ( 'NONE', #1435, #1323, #246 ) ;
#977 = DIRECTION ( 'NONE',  ( -0.000000000000000000, -1.000000000000000000, -0.000000000000000000 ) ) ;
#978 = CARTESIAN_POINT ( 'NONE',  ( -2.299999999999817746, 4.000000000000000000, -1.501110699893017486 ) ) ;
#979 = FACE_OUTER_BOUND ( 'NONE', #1220, .T. ) ;
#980 = VECTOR ( 'NONE', #196, 999.9999999999998863 ) ;
#981 = CARTESIAN_POINT ( 'NONE',  ( -2.105795574123930702, 8.700000000000002842, 1.525000000000091394 ) ) ;
#982 = DIRECTION ( 'NONE',  ( 0.7071067811865493491, 0.7071067811865456854, 0.000000000000000000 ) ) ;
#983 = VECTOR ( 'NONE', #486, 1000.000000000000000 ) ;
#984 = EDGE_CURVE ( 'NONE', #634, #24, #1268, .T. ) ;
#985 = ORIENTED_EDGE ( 'NONE', *, *, #766, .T. ) ;
#986 = CARTESIAN_POINT ( 'NONE',  ( 2.105795574123931146, 8.700000000000002842, 1.525000000000091394 ) ) ;
#987 = CARTESIAN_POINT ( 'NONE',  ( 1.865098787218189003E-13, 1.299999999999998268, -2.482606157515383938 ) ) ;
#988 = EDGE_LOOP ( 'NONE', ( #356, #645, #1510 ) ) ;
#989 = DIRECTION ( 'NONE',  ( 0.000000000000000000, 1.000000000000000000, 0.000000000000000000 ) ) ;
#990 = VERTEX_POINT ( 'NONE', #545 ) ;
#991 = ORIENTED_EDGE ( 'NONE', *, *, #935, .T. ) ;
#992 = ADVANCED_FACE ( 'NONE', ( #904 ), #1006, .F. ) ;
#993 = VECTOR ( 'NONE', #76, 1000.000000000000114 ) ;
#994 = DIRECTION ( 'NONE',  ( 0.5000000000000001110, -0.000000000000000000, 0.8660254037844387076 ) ) ;
#995 = DIRECTION ( 'NONE',  ( 0.000000000000000000, 1.000000000000000000, 0.000000000000000000 ) ) ;
#996 = PERSON_AND_ORGANIZATION ( #440, #83 ) ;
#997 = VERTEX_POINT ( 'NONE', #1158 ) ;
#998 = AXIS2_PLACEMENT_3D ( 'NONE', #1420, #959, #1427 ) ;
#999 = ORIENTED_EDGE ( 'NONE', *, *, #458, .F. ) ;
#1000 = FACE_OUTER_BOUND ( 'NONE', #1555, .T. ) ;
#1001 = VERTEX_POINT ( 'NONE', #285 ) ;
#1002 = PERSON_AND_ORGANIZATION ( #440, #83 ) ;
#1003 = VERTEX_POINT ( 'NONE', #775 ) ;
#1004 = VECTOR ( 'NONE', #47, 1000.000000000000000 ) ;
#1005 = EDGE_CURVE ( 'NONE', #1393, #1547, #1255, .T. ) ;
#1006 = PLANE ( 'NONE',  #1342 ) ;
#1007 = PLANE ( 'NONE',  #8 ) ;
#1008 = CARTESIAN_POINT ( 'NONE',  ( 0.000000000000000000, 8.499999999999998224, 0.000000000000000000 ) ) ;
#1009 = DATE_AND_TIME ( #1458, #844 ) ;
#1010 = ORIENTED_EDGE ( 'NONE', *, *, #567, .T. ) ;
#1011 = ADVANCED_BREP_SHAPE_REPRESENTATION ( '轴联器', ( #630, #287 ), #1207 ) ;
#1012 = CC_DESIGN_PERSON_AND_ORGANIZATION_ASSIGNMENT ( #1002, #752, ( #787 ) ) ;
#1013 = CARTESIAN_POINT ( 'NONE',  ( 2.105795574123932035, 8.700000000000002842, -1.525000000000090727 ) ) ;
#1014 = EDGE_CURVE ( 'NONE', #1534, #854, #640, .T. ) ;
#1015 = ORIENTED_EDGE ( 'NONE', *, *, #524, .T. ) ;
#1016 = APPROVAL_ROLE ( '' ) ;
#1017 = ORIENTED_EDGE ( 'NONE', *, *, #1404, .F. ) ;
#1018 = EDGE_LOOP ( 'NONE', ( #1480, #1414, #938, #804 ) ) ;
#1019 = AXIS2_PLACEMENT_3D ( 'NONE', #1314, #247, #739 ) ;
#1020 = AXIS2_PLACEMENT_3D ( 'NONE', #987, #1451, #951 ) ;
#1021 = DIRECTION ( 'NONE',  ( 0.000000000000000000, 0.000000000000000000, -1.000000000000000000 ) ) ;
#1022 = DIRECTION ( 'NONE',  ( 0.000000000000000000, 0.000000000000000000, 1.000000000000000000 ) ) ;
#1023 = CARTESIAN_POINT ( 'NONE',  ( -2.299999999999817302, 1.299999999999998268, 1.501110699892969746 ) ) ;
#1024 = ADVANCED_FACE ( 'NONE', ( #537 ), #1378, .F. ) ;
#1025 = ADVANCED_FACE ( 'NONE', ( #54 ), #1490, .T. ) ;
#1026 = DIRECTION ( 'NONE',  ( 0.000000000000000000, 1.000000000000000000, 0.000000000000000000 ) ) ;
#1027 = ORIENTED_EDGE ( 'NONE', *, *, #1518, .T. ) ;
#1028 = ADVANCED_FACE ( 'NONE', ( #1352 ), #897, .F. ) ;
#1029 = TOROIDAL_SURFACE ( 'NONE', #1109, 5.650000000000000355, 0.5000000000000000000 ) ;
#1030 = DIRECTION ( 'NONE',  ( 0.000000000000000000, 0.000000000000000000, 1.000000000000000000 ) ) ;
#1031 = DIRECTION ( 'NONE',  ( 0.000000000000000000, 0.000000000000000000, 1.000000000000000000 ) ) ;
#1032 = ORIENTED_EDGE ( 'NONE', *, *, #693, .F. ) ;
#1033 = CARTESIAN_POINT ( 'NONE',  ( 4.185020385794047115E-14, 4.000000000000000000, 2.829016319029027393 ) ) ;
#1034 = DIRECTION ( 'NONE',  ( 0.000000000000000000, -1.000000000000000000, 0.000000000000000000 ) ) ;
#1035 = CARTESIAN_POINT ( 'NONE',  ( 0.000000000000000000, 9.000000000000000000, 0.000000000000000000 ) ) ;
#1036 = ORIENTED_EDGE ( 'NONE', *, *, #735, .T. ) ;
#1037 = EDGE_CURVE ( 'NONE', #328, #367, #1127, .T. ) ;
#1038 = EDGE_CURVE ( 'NONE', #328, #1402, #1536, .T. ) ;
#1039 = CARTESIAN_POINT ( 'NONE',  ( 0.000000000000000000, 6.000000000000000000, 0.000000000000000000 ) ) ;
#1040 = DIRECTION ( 'NONE',  ( 0.000000000000000000, -1.000000000000000000, 0.000000000000000000 ) ) ;
#1041 = ORIENTED_EDGE ( 'NONE', *, *, #514, .F. ) ;
#1042 = DIRECTION ( 'NONE',  ( -1.000000000000000000, 0.000000000000000000, 0.000000000000000000 ) ) ;
#1043 = FACE_OUTER_BOUND ( 'NONE', #1165, .T. ) ;
#1044 = DIRECTION ( 'NONE',  ( 0.000000000000000000, 0.000000000000000000, 1.000000000000000000 ) ) ;
#1045 = ORIENTED_EDGE ( 'NONE', *, *, #524, .F. ) ;
#1046 = TOROIDAL_SURFACE ( 'NONE', #1289, 6.499999999999999112, 0.5000000000000000000 ) ;
#1047 = DIRECTION ( 'NONE',  ( 0.000000000000000000, 1.000000000000000000, 0.000000000000000000 ) ) ;
#1048 = ADVANCED_FACE ( 'NONE', ( #1043 ), #795, .T. ) ;
#1049 = CIRCLE ( 'NONE', #1246, 6.499999999999999112 ) ;
#1050 = ORIENTED_EDGE ( 'NONE', *, *, #1478, .T. ) ;
#1051 = CARTESIAN_POINT ( 'NONE',  ( -2.449999999999817213, 1.299999999999998268, 1.414508159514525909 ) ) ;
#1052 = ORIENTED_EDGE ( 'NONE', *, *, #1288, .F. ) ;
#1053 = VECTOR ( 'NONE', #239, 1000.000000000000000 ) ;
#1054 = AXIS2_PLACEMENT_3D ( 'NONE', #1051, #1531, #1524 ) ;
#1055 = VECTOR ( 'NONE', #715, 1000.000000000000000 ) ;
#1056 = DIRECTION ( 'NONE',  ( -1.000000000000000000, 0.000000000000000000, 0.000000000000000000 ) ) ;
#1057 = CARTESIAN_POINT ( 'NONE',  ( 0.000000000000000000, 6.000000000000000000, 0.000000000000000000 ) ) ;
#1058 = DIRECTION ( 'NONE',  ( -0.000000000000000000, -1.000000000000000000, -0.000000000000000000 ) ) ;
#1059 = DIRECTION ( 'NONE',  ( 0.3535533905932742860, 0.7071067811865456854, -0.6123724356957963577 ) ) ;
#1060 = ORIENTED_EDGE ( 'NONE', *, *, #1260, .T. ) ;
#1061 = DIRECTION ( 'NONE',  ( 0.000000000000000000, 0.000000000000000000, 1.000000000000000000 ) ) ;
#1062 = EDGE_CURVE ( 'NONE', #1093, #997, #323, .T. ) ;
#1063 = EDGE_CURVE ( 'NONE', #1547, #1369, #182, .T. ) ;
#1064 = CARTESIAN_POINT ( 'NONE',  ( 4.141792639908438764E-14, 0.9999999999999997780, 2.482606157515250267 ) ) ;
#1065 = EDGE_CURVE ( 'NONE', #100, #360, #549, .T. ) ;
#1066 = FACE_OUTER_BOUND ( 'NONE', #153, .T. ) ;
#1067 = CARTESIAN_POINT ( 'NONE',  ( 4.185020385794047115E-14, 1.299999999999998268, 2.829016319029027393 ) ) ;
#1068 = EDGE_LOOP ( 'NONE', ( #1321, #746, #1235, #1449 ) ) ;
#1069 = VECTOR ( 'NONE', #1391, 1000.000000000000000 ) ;
#1070 = CARTESIAN_POINT ( 'NONE',  ( -2.449999999999817213, 1.300000000000001599, -1.414508159514573649 ) ) ;
#1071 = AXIS2_PLACEMENT_3D ( 'NONE', #274, #1149, #1366 ) ;
#1072 = DIRECTION ( 'NONE',  ( 0.8660254037844385966, 0.000000000000000000, -0.5000000000000001110 ) ) ;
#1073 = TOROIDAL_SURFACE ( 'NONE', #42, 5.650000000000000355, 0.5000000000000000000 ) ;
#1074 = FACE_OUTER_BOUND ( 'NONE', #505, .T. ) ;
#1075 = ORIENTED_EDGE ( 'NONE', *, *, #514, .T. ) ;
#1076 = PLANE ( 'NONE',  #416 ) ;
#1077 = ORIENTED_EDGE ( 'NONE', *, *, #1288, .T. ) ;
#1078 = DIRECTION ( 'NONE',  ( -0.000000000000000000, 1.000000000000000000, -0.000000000000000000 ) ) ;
#1079 = EDGE_CURVE ( 'NONE', #1114, #1369, #1295, .T. ) ;
#1080 = DIRECTION ( 'NONE',  ( 0.3535533905932725651, 0.7071067811865500152, 0.6123724356957924719 ) ) ;
#1081 = VECTOR ( 'NONE', #942, 1000.000000000000000 ) ;
#1082 = CARTESIAN_POINT ( 'NONE',  ( 2.300000000000273381, 4.000000000000000000, -1.501110699892969746 ) ) ;
#1083 = DIRECTION ( 'NONE',  ( 0.000000000000000000, 1.000000000000000000, 0.000000000000000000 ) ) ;
#1084 = ORIENTED_EDGE ( 'NONE', *, *, #190, .T. ) ;
#1085 = CC_DESIGN_PERSON_AND_ORGANIZATION_ASSIGNMENT ( #758, #28, ( #1180 ) ) ;
#1086 = DIRECTION ( 'NONE',  ( 0.000000000000000000, 0.000000000000000000, -1.000000000000000000 ) ) ;
#1087 = EDGE_CURVE ( 'NONE', #1534, #1410, #301, .T. ) ;
#1088 = CARTESIAN_POINT ( 'NONE',  ( 2.253746880197681879, 9.000000000000000000, -1.825000000000091216 ) ) ;
#1089 = ADVANCED_FACE ( 'NONE', ( #1400 ), #441, .T. ) ;
#1090 = DIRECTION ( 'NONE',  ( 0.000000000000000000, 0.000000000000000000, 1.000000000000000000 ) ) ;
#1091 = DIRECTION ( 'NONE',  ( 0.000000000000000000, 0.000000000000000000, -1.000000000000000000 ) ) ;
#1092 = CARTESIAN_POINT ( 'NONE',  ( 2.150000000000273026, 0.9999999999999997780, -1.241303078757638234 ) ) ;
#1093 = VERTEX_POINT ( 'NONE', #434 ) ;
#1094 = CARTESIAN_POINT ( 'NONE',  ( 4.209414934674970965E-14, 1.299999999999998268, 2.482606157515251599 ) ) ;
#1095 = DIRECTION ( 'NONE',  ( 0.000000000000000000, 0.000000000000000000, 1.000000000000000000 ) ) ;
#1096 = ADVANCED_FACE ( 'NONE', ( #809 ), #786, .T. ) ;
#1097 = ORIENTED_EDGE ( 'NONE', *, *, #1253, .F. ) ;
#1098 = CARTESIAN_POINT ( 'NONE',  ( 0.000000000000000000, 5.500000000000000000, 0.000000000000000000 ) ) ;
#1099 = DIRECTION ( 'NONE',  ( 0.000000000000000000, 1.000000000000000000, 0.000000000000000000 ) ) ;
#1100 = DIRECTION ( 'NONE',  ( 1.000000000000000000, 0.000000000000000000, 0.000000000000000000 ) ) ;
#1101 = EDGE_LOOP ( 'NONE', ( #626, #319, #898, #1453, #1123, #1111, #701, #972, #991, #1511, #1077, #340, #1231 ) ) ;
#1102 =( NAMED_UNIT ( * ) PLANE_ANGLE_UNIT ( ) SI_UNIT ( $, .RADIAN. ) );
#1103 = EDGE_LOOP ( 'NONE', ( #532, #536, #1405, #487 ) ) ;
#1104 = CIRCLE ( 'NONE', #892, 6.499999999999999112 ) ;
#1105 = DIRECTION ( 'NONE',  ( 0.000000000000000000, -1.000000000000000000, 0.000000000000000000 ) ) ;
#1106 = DIRECTION ( 'NONE',  ( 0.000000000000000000, -1.000000000000000000, 0.000000000000000000 ) ) ;
#1107 = DIRECTION ( 'NONE',  ( 0.000000000000000000, 1.000000000000000000, 0.000000000000000000 ) ) ;
#1108 = EDGE_CURVE ( 'NONE', #1093, #820, #543, .T. ) ;
#1109 = AXIS2_PLACEMENT_3D ( 'NONE', #784, #174, #1219 ) ;
#1110 = EDGE_CURVE ( 'NONE', #1222, #1310, #259, .T. ) ;
#1111 = ORIENTED_EDGE ( 'NONE', *, *, #191, .T. ) ;
#1112 = CARTESIAN_POINT ( 'NONE',  ( 2.150000000000273026, 0.9999999999999997780, 0.000000000000000000 ) ) ;
#1113 = CARTESIAN_POINT ( 'NONE',  ( 1.865098787218189003E-13, 4.000000000000000000, -2.782606157515383760 ) ) ;
#1114 = VERTEX_POINT ( 'NONE', #1161 ) ;
#1115 = DIRECTION ( 'NONE',  ( -0.000000000000000000, 1.000000000000000000, -0.000000000000000000 ) ) ;
#1116 = VERTEX_POINT ( 'NONE', #690 ) ;
#1117 = CARTESIAN_POINT ( 'NONE',  ( -2.253746880197681879, 9.000000000000000000, 1.824999999999850742 ) ) ;
#1118 = EDGE_CURVE ( 'NONE', #322, #997, #950, .T. ) ;
#1119 = APPROVAL_DATE_TIME ( #511, #1395 ) ;
#1120 = ORIENTED_EDGE ( 'NONE', *, *, #1118, .T. ) ;
#1121 = CARTESIAN_POINT ( 'NONE',  ( 0.000000000000000000, 4.000000000000000000, 0.000000000000000000 ) ) ;
#1122 = ORIENTED_EDGE ( 'NONE', *, *, #209, .T. ) ;
#1123 = ORIENTED_EDGE ( 'NONE', *, *, #375, .T. ) ;
#1124 = CARTESIAN_POINT ( 'NONE',  ( 2.205880687254781591, 8.899648108823896564, 1.724648108823987114 ) ) ;
#1125 = AXIS2_PLACEMENT_3D ( 'NONE', #362, #25, #32 ) ;
#1126 = CIRCLE ( 'NONE', #745, 0.5000000000000004441 ) ;
#1127 = LINE ( 'NONE', #526, #334 ) ;
#1128 = ORIENTED_EDGE ( 'NONE', *, *, #162, .F. ) ;
#1129 = LINE ( 'NONE', #286, #275 ) ;
#1130 = LINE ( 'NONE', #1355, #1004 ) ;
#1131 = COORDINATED_UNIVERSAL_TIME_OFFSET ( 8, 0, .AHEAD. ) ;
#1132 = EDGE_LOOP ( 'NONE', ( #6, #900, #797, #1045 ) ) ;
#1133 = CIRCLE ( 'NONE', #1494, 5.550000000000002487 ) ;
#1134 = VECTOR ( 'NONE', #229, 1000.000000000000000 ) ;
#1135 = EDGE_CURVE ( 'NONE', #354, #1385, #1344, .T. ) ;
#1136 = ADVANCED_FACE ( 'NONE', ( #1496 ), #754, .T. ) ;
#1137 = CARTESIAN_POINT ( 'NONE',  ( 2.300000000000273381, 4.000000000000000000, 1.501110699892754585 ) ) ;
#1138 = EDGE_CURVE ( 'NONE', #1003, #672, #480, .T. ) ;
#1139 = ADVANCED_FACE ( 'NONE', ( #237 ), #132, .T. ) ;
#1140 = VERTEX_POINT ( 'NONE', #103 ) ;
#1141 = CARTESIAN_POINT ( 'NONE',  ( -2.156648450062879974, 8.799614661473226462, -1.624614661473315458 ) ) ;
#1142 = CARTESIAN_POINT ( 'NONE',  ( 0.000000000000000000, 8.499999999999998224, 4.550000000000001599 ) ) ;
#1143 = CARTESIAN_POINT ( 'NONE',  ( 1.864827736675067626E-13, 1.299999999999998268, -2.829016319029159288 ) ) ;
#1144 = EDGE_CURVE ( 'NONE', #100, #1222, #478, .T. ) ;
#1145 = EDGE_CURVE ( 'NONE', #841, #468, #1273, .T. ) ;
#1146 = DIRECTION ( 'NONE',  ( 0.000000000000000000, 0.000000000000000000, 1.000000000000000000 ) ) ;
#1147 = AXIS2_PLACEMENT_3D ( 'NONE', #185, #1056, #444 ) ;
#1148 = EDGE_CURVE ( 'NONE', #820, #1234, #721, .T. ) ;
#1149 = DIRECTION ( 'NONE',  ( 0.000000000000000000, 1.000000000000000000, 0.000000000000000000 ) ) ;
#1150 = EDGE_CURVE ( 'NONE', #419, #1417, #734, .T. ) ;
#1151 = ORIENTED_EDGE ( 'NONE', *, *, #209, .F. ) ;
#1152 = DIRECTION ( 'NONE',  ( 0.000000000000000000, 0.000000000000000000, -1.000000000000000000 ) ) ;
#1153 = VECTOR ( 'NONE', #1537, 1000.000000000000000 ) ;
#1154 = AXIS2_PLACEMENT_3D ( 'NONE', #1523, #447, #817 ) ;
#1155 = CARTESIAN_POINT ( 'NONE',  ( 0.000000000000000000, 5.500000000000000000, 0.000000000000000000 ) ) ;
#1156 = ORIENTED_EDGE ( 'NONE', *, *, #674, .T. ) ;
#1157 = AXIS2_PLACEMENT_3D ( 'NONE', #803, #810, #555 ) ;
#1158 = CARTESIAN_POINT ( 'NONE',  ( 8.572527594031472204E-16, 0.5000000000000004441, 6.999999999999999112 ) ) ;
#1159 = LINE ( 'NONE', #90, #489 ) ;
#1160 = DIRECTION ( 'NONE',  ( 0.8660254037844387076, 0.000000000000000000, -0.4999999999999998890 ) ) ;
#1161 = CARTESIAN_POINT ( 'NONE',  ( -2.299999999999817302, 4.000000000000000000, 1.501110699892969746 ) ) ;
#1162 = DIRECTION ( 'NONE',  ( 0.000000000000000000, -0.000000000000000000, 1.000000000000000000 ) ) ;
#1163 = VERTEX_POINT ( 'NONE', #1213 ) ;
#1164 = DIRECTION ( 'NONE',  ( 1.000000000000000000, 0.000000000000000000, -0.000000000000000000 ) ) ;
#1165 = EDGE_LOOP ( 'NONE', ( #1052, #485, #1027, #962 ) ) ;
#1166 = DIRECTION ( 'NONE',  ( 0.000000000000000000, 0.000000000000000000, 1.000000000000000000 ) ) ;
#1167 = DIRECTION ( 'NONE',  ( -0.000000000000000000, -1.000000000000000000, -0.000000000000000000 ) ) ;
#1168 = FACE_OUTER_BOUND ( 'NONE', #69, .T. ) ;
#1169 = EDGE_LOOP ( 'NONE', ( #729, #573, #574 ) ) ;
#1170 = VECTOR ( 'NONE', #1407, 1000.000000000000000 ) ;
#1171 = AXIS2_PLACEMENT_3D ( 'NONE', #1181, #821, #424 ) ;
#1172 = AXIS2_PLACEMENT_3D ( 'NONE', #95, #582, #462 ) ;
#1173 = ORIENTED_EDGE ( 'NONE', *, *, #375, .F. ) ;
#1174 = ORIENTED_EDGE ( 'NONE', *, *, #1037, .F. ) ;
#1175 = AXIS2_PLACEMENT_3D ( 'NONE', #1039, #294, #1508 ) ;
#1176 = DIRECTION ( 'NONE',  ( 0.000000000000000000, 0.000000000000000000, 1.000000000000000000 ) ) ;
#1177 = DIRECTION ( 'NONE',  ( 0.000000000000000000, -0.000000000000000000, 1.000000000000000000 ) ) ;
#1178 = EDGE_LOOP ( 'NONE', ( #1128, #933, #913, #826 ) ) ;
#1179 = VECTOR ( 'NONE', #1059, 1000.000000000000114 ) ;
#1180 = PRODUCT_DEFINITION_FORMATION_WITH_SPECIFIED_SOURCE ( '任何', '', #787, .NOT_KNOWN. ) ;
#1181 = CARTESIAN_POINT ( 'NONE',  ( 0.000000000000000000, 9.000000000000000000, 0.000000000000000000 ) ) ;
#1182 = ADVANCED_FACE ( 'NONE', ( #120 ), #695, .T. ) ;
#1183 = VERTEX_POINT ( 'NONE', #986 ) ;
#1184 = CYLINDRICAL_SURFACE ( 'NONE', #1204, 0.2999999999999999334 ) ;
#1185 = CARTESIAN_POINT ( 'NONE',  ( 0.000000000000000000, 6.000000000000000000, 0.000000000000000000 ) ) ;
#1186 = ORIENTED_EDGE ( 'NONE', *, *, #15, .T. ) ;
#1187 = DIRECTION ( 'NONE',  ( 1.000000000000000000, -0.000000000000000000, 1.224646799147353207E-16 ) ) ;
#1188 = ORIENTED_EDGE ( 'NONE', *, *, #558, .F. ) ;
#1189 = CYLINDRICAL_SURFACE ( 'NONE', #464, 0.2999999999999999334 ) ;
#1190 = ORIENTED_EDGE ( 'NONE', *, *, #652, .T. ) ;
#1191 = LINE ( 'NONE', #723, #390 ) ;
#1192 = ORIENTED_EDGE ( 'NONE', *, *, #791, .F. ) ;
#1193 = CARTESIAN_POINT ( 'NONE',  ( 2.156648450062850664, 8.799614661473167843, -1.624614661473257060 ) ) ;
#1194 = AXIS2_PLACEMENT_3D ( 'NONE', #203, #578, #75 ) ;
#1195 = CARTESIAN_POINT ( 'NONE',  ( 2.105795574123931146, 5.500000000000000000, 1.525000000000091394 ) ) ;
#1196 = CIRCLE ( 'NONE', #279, 0.2999999999999999334 ) ;
#1197 = EDGE_CURVE ( 'NONE', #1228, #860, #611, .T. ) ;
#1198 = CARTESIAN_POINT ( 'NONE',  ( 5.878304635907298155E-16, 9.000000000000000000, -4.550000000000001599 ) ) ;
#1199 = ORIENTED_EDGE ( 'NONE', *, *, #1474, .F. ) ;
#1200 = LINE ( 'NONE', #603, #623 ) ;
#1201 = ORIENTED_EDGE ( 'NONE', *, *, #112, .T. ) ;
#1202 = FACE_OUTER_BOUND ( 'NONE', #288, .T. ) ;
#1203 = EDGE_CURVE ( 'NONE', #1239, #328, #1335, .T. ) ;
#1204 = AXIS2_PLACEMENT_3D ( 'NONE', #1325, #971, #593 ) ;
#1205 = CIRCLE ( 'NONE', #154, 2.900000000000041211 ) ;
#1206 = CARTESIAN_POINT ( 'NONE',  ( -2.105795574123931591, 8.700000000000002842, -1.525000000000091394 ) ) ;
#1207 =( GEOMETRIC_REPRESENTATION_CONTEXT ( 3 ) GLOBAL_UNCERTAINTY_ASSIGNED_CONTEXT ( ( #1351 ) ) GLOBAL_UNIT_ASSIGNED_CONTEXT ( ( #740, #1102, #1546 ) ) REPRESENTATION_CONTEXT ( 'NONE', 'WORKASPACE' ) );
#1208 = CARTESIAN_POINT ( 'NONE',  ( 0.000000000000000000, 6.000000000000000000, 6.499999999999999112 ) ) ;
#1209 = LINE ( 'NONE', #608, #1297 ) ;
#1210 = ORIENTED_EDGE ( 'NONE', *, *, #292, .T. ) ;
#1211 = DIRECTION ( 'NONE',  ( -0.000000000000000000, -1.000000000000000000, -0.000000000000000000 ) ) ;
#1212 = ORIENTED_EDGE ( 'NONE', *, *, #1421, .F. ) ;
#1213 = CARTESIAN_POINT ( 'NONE',  ( 2.253746880197681879, 9.000000000000000000, 1.824999999999850742 ) ) ;
#1214 = EDGE_CURVE ( 'NONE', #547, #1239, #138, .T. ) ;
#1215 = CARTESIAN_POINT ( 'NONE',  ( 0.000000000000000000, 0.5000000000000004441, 0.000000000000000000 ) ) ;
#1216 = ORIENTED_EDGE ( 'NONE', *, *, #121, .F. ) ;
#1217 = DIRECTION ( 'NONE',  ( 0.000000000000000000, 0.000000000000000000, 1.000000000000000000 ) ) ;
#1218 = VERTEX_POINT ( 'NONE', #341 ) ;
#1219 = DIRECTION ( 'NONE',  ( 0.000000000000000000, 0.000000000000000000, 1.000000000000000000 ) ) ;
#1220 = EDGE_LOOP ( 'NONE', ( #629, #1308, #725, #556 ) ) ;
#1221 = CARTESIAN_POINT ( 'NONE',  ( -2.449999999999817213, 1.299999999999998268, -1.241303078757685974 ) ) ;
#1222 = VERTEX_POINT ( 'NONE', #37 ) ;
#1223 = DIRECTION ( 'NONE',  ( 0.000000000000000000, 0.000000000000000000, 1.000000000000000000 ) ) ;
#1224 = AXIS2_PLACEMENT_3D ( 'NONE', #243, #732, #129 ) ;
#1225 = ORIENTED_EDGE ( 'NONE', *, *, #190, .F. ) ;
#1226 = DIRECTION ( 'NONE',  ( 0.000000000000000000, 0.000000000000000000, -1.000000000000000000 ) ) ;
#1227 = DIRECTION ( 'NONE',  ( 0.000000000000000000, -1.000000000000000000, 0.000000000000000000 ) ) ;
#1228 = VERTEX_POINT ( 'NONE', #272 ) ;
#1229 = LINE ( 'NONE', #140, #718 ) ;
#1230 = EDGE_CURVE ( 'NONE', #692, #468, #463, .T. ) ;
#1231 = ORIENTED_EDGE ( 'NONE', *, *, #958, .T. ) ;
#1232 = DIRECTION ( 'NONE',  ( -0.000000000000000000, -1.000000000000000000, -0.000000000000000000 ) ) ;
#1233 = AXIS2_PLACEMENT_3D ( 'NONE', #1094, #244, #130 ) ;
#1234 = VERTEX_POINT ( 'NONE', #1361 ) ;
#1235 = ORIENTED_EDGE ( 'NONE', *, *, #534, .T. ) ;
#1236 = DIRECTION ( 'NONE',  ( 0.000000000000000000, 0.000000000000000000, 1.000000000000000000 ) ) ;
#1237 = EDGE_CURVE ( 'NONE', #1410, #1534, #260, .T. ) ;
#1238 = EDGE_CURVE ( 'NONE', #136, #1393, #1322, .T. ) ;
#1239 = VERTEX_POINT ( 'NONE', #632 ) ;
#1240 = DIRECTION ( 'NONE',  ( 0.000000000000000000, 1.000000000000000000, 0.000000000000000000 ) ) ;
#1241 = DIRECTION ( 'NONE',  ( -0.000000000000000000, -1.000000000000000000, -0.000000000000000000 ) ) ;
#1242 = CALENDAR_DATE ( 2026, 26, 7 ) ;
#1243 = EDGE_LOOP ( 'NONE', ( #869, #1380, #667 ) ) ;
#1244 = EDGE_CURVE ( 'NONE', #997, #1140, #22, .T. ) ;
#1245 = VECTOR ( 'NONE', #1472, 1000.000000000000000 ) ;
#1246 = AXIS2_PLACEMENT_3D ( 'NONE', #747, #977, #1095 ) ;
#1247 = CIRCLE ( 'NONE', #89, 0.2999999999999999334 ) ;
#1248 = LINE ( 'NONE', #392, #1245 ) ;
#1249 = DIRECTION ( 'NONE',  ( 1.000000000000000000, 0.000000000000000000, 0.000000000000000000 ) ) ;
#1250 = AXIS2_PLACEMENT_3D ( 'NONE', #954, #722, #1030 ) ;
#1251 = ORIENTED_EDGE ( 'NONE', *, *, #750, .T. ) ;
#1252 = VECTOR ( 'NONE', #459, 1000.000000000000000 ) ;
#1253 = EDGE_CURVE ( 'NONE', #419, #692, #1130, .T. ) ;
#1254 = EDGE_CURVE ( 'NONE', #310, #589, #1444, .T. ) ;
#1255 = LINE ( 'NONE', #651, #1316 ) ;
#1256 = FACE_OUTER_BOUND ( 'NONE', #988, .T. ) ;
#1257 = ORIENTED_EDGE ( 'NONE', *, *, #445, .F. ) ;
#1258 = DIRECTION ( 'NONE',  ( 0.000000000000000000, 0.000000000000000000, 1.000000000000000000 ) ) ;
#1259 = ORIENTED_EDGE ( 'NONE', *, *, #576, .T. ) ;
#1260 = EDGE_CURVE ( 'NONE', #1385, #128, #762, .T. ) ;
#1261 = FACE_OUTER_BOUND ( 'NONE', #831, .T. ) ;
#1262 = AXIS2_PLACEMENT_3D ( 'NONE', #396, #1376, #1176 ) ;
#1263 = DIRECTION ( 'NONE',  ( 0.000000000000000000, 0.000000000000000000, 1.000000000000000000 ) ) ;
#1264 = DIRECTION ( 'NONE',  ( -0.000000000000000000, -1.000000000000000000, -0.000000000000000000 ) ) ;
#1265 = ORIENTED_EDGE ( 'NONE', *, *, #934, .F. ) ;
#1266 = VECTOR ( 'NONE', #782, 1000.000000000000000 ) ;
#1267 = AXIS2_PLACEMENT_3D ( 'NONE', #320, #1031, #1164 ) ;
#1268 = LINE ( 'NONE', #1373, #201 ) ;
#1269 = FACE_OUTER_BOUND ( 'NONE', #1103, .T. ) ;
#1270 = VERTEX_POINT ( 'NONE', #158 ) ;
#1271 = DIRECTION ( 'NONE',  ( 0.000000000000000000, 0.000000000000000000, -1.000000000000000000 ) ) ;
#1272 = ORIENTED_EDGE ( 'NONE', *, *, #863, .T. ) ;
#1273 = CIRCLE ( 'NONE', #773, 2.900000000000041211 ) ;
#1274 = DIRECTION ( 'NONE',  ( -0.8660254037844387076, 0.000000000000000000, -0.4999999999999998335 ) ) ;
#1275 = ORIENTED_EDGE ( 'NONE', *, *, #750, .F. ) ;
#1276 = CARTESIAN_POINT ( 'NONE',  ( 4.185020385794047115E-14, 1.299999999999998268, 2.829016319029027393 ) ) ;
#1277 = ADVANCED_FACE ( 'NONE', ( #857 ), #14, .F. ) ;
#1278 = CARTESIAN_POINT ( 'NONE',  ( 1.865098787218189003E-13, 4.000000000000000000, -2.482606157515383938 ) ) ;
#1279 = CARTESIAN_POINT ( 'NONE',  ( 2.450000000000273292, 1.299999999999998268, 1.241303078757423295 ) ) ;
#1280 = EDGE_LOOP ( 'NONE', ( #1174, #771, #891, #1357 ) ) ;
#1281 = ADVANCED_FACE ( 'NONE', ( #927 ), #664, .F. ) ;
#1282 = CARTESIAN_POINT ( 'NONE',  ( 4.092863201132779238E-14, 0.9999999999999997780, 2.482606157515253376 ) ) ;
#1283 = EDGE_LOOP ( 'NONE', ( #597, #1434, #815, #506 ) ) ;
#1284 = FACE_OUTER_BOUND ( 'NONE', #801, .T. ) ;
#1285 = DIRECTION ( 'NONE',  ( 0.000000000000000000, 1.000000000000000000, 0.000000000000000000 ) ) ;
#1286 = CARTESIAN_POINT ( 'NONE',  ( 0.000000000000000000, 9.000000000000000000, 0.000000000000000000 ) ) ;
#1287 = ORIENTED_EDGE ( 'NONE', *, *, #15, .F. ) ;
#1288 = EDGE_CURVE ( 'NONE', #1310, #439, #313, .T. ) ;
#1289 = AXIS2_PLACEMENT_3D ( 'NONE', #1098, #847, #1324 ) ;
#1290 = CIRCLE ( 'NONE', #1147, 0.5000000000000004441 ) ;
#1291 = DIRECTION ( 'NONE',  ( -0.000000000000000000, -1.000000000000000000, -0.000000000000000000 ) ) ;
#1292 = AXIS2_PLACEMENT_3D ( 'NONE', #728, #580, #344 ) ;
#1293 = EDGE_LOOP ( 'NONE', ( #184, #811, #347, #277 ) ) ;
#1294 = ORIENTED_EDGE ( 'NONE', *, *, #56, .F. ) ;
#1295 = LINE ( 'NONE', #297, #993 ) ;
#1296 = CARTESIAN_POINT ( 'NONE',  ( -0.1499999999999583333, 4.000000000000000000, 2.742413778650583112 ) ) ;
#1297 = VECTOR ( 'NONE', #1317, 1000.000000000000000 ) ;
#1298 = FACE_OUTER_BOUND ( 'NONE', #885, .T. ) ;
#1299 = PLANE ( 'NONE',  #840 ) ;
#1300 = CARTESIAN_POINT ( 'NONE',  ( 0.000000000000000000, 6.000000000000000000, 0.000000000000000000 ) ) ;
#1301 = DIRECTION ( 'NONE',  ( 0.000000000000000000, 0.000000000000000000, 1.000000000000000000 ) ) ;
#1302 = ORIENTED_EDGE ( 'NONE', *, *, #693, .T. ) ;
#1303 = DIRECTION ( 'NONE',  ( 0.000000000000000000, 0.000000000000000000, 1.000000000000000000 ) ) ;
#1304 = EDGE_CURVE ( 'NONE', #128, #1417, #755, .T. ) ;
#1305 = CARTESIAN_POINT ( 'NONE',  ( 0.000000000000000000, 9.000000000000000000, -1.825000000000091216 ) ) ;
#1306 = ADVANCED_FACE ( 'NONE', ( #483 ), #969, .F. ) ;
#1307 = DIRECTION ( 'NONE',  ( 0.7071067811865492381, -0.7071067811865457964, 0.000000000000000000 ) ) ;
#1308 = ORIENTED_EDGE ( 'NONE', *, *, #800, .T. ) ;
#1309 = CARTESIAN_POINT ( 'NONE',  ( 0.000000000000000000, 9.000000000000000000, 1.825000000000091216 ) ) ;
#1310 = VERTEX_POINT ( 'NONE', #1113 ) ;
#1311 = CARTESIAN_POINT ( 'NONE',  ( 7.960204194457794491E-16, 5.500000000000000000, -6.499999999999999112 ) ) ;
#1312 = CARTESIAN_POINT ( 'NONE',  ( -2.299999999999817302, 4.000000000000000000, -1.501110699893017708 ) ) ;
#1313 = CIRCLE ( 'NONE', #104, 6.499999999999999112 ) ;
#1314 = CARTESIAN_POINT ( 'NONE',  ( 0.000000000000000000, 0.5000000000000000000, 0.000000000000000000 ) ) ;
#1315 = CIRCLE ( 'NONE', #172, 5.050000000000002487 ) ;
#1316 = VECTOR ( 'NONE', #670, 1000.000000000000114 ) ;
#1317 = DIRECTION ( 'NONE',  ( -0.000000000000000000, -1.000000000000000000, -0.000000000000000000 ) ) ;
#1318 = DIRECTION ( 'NONE',  ( 0.8660254037844385966, 0.000000000000000000, 0.5000000000000001110 ) ) ;
#1319 = EDGE_LOOP ( 'NONE', ( #1210, #208, #314, #1192 ) ) ;
#1320 = CARTESIAN_POINT ( 'NONE',  ( 0.1500000000001868727, 4.000000000000000000, -2.742413778650715006 ) ) ;
#1321 = ORIENTED_EDGE ( 'NONE', *, *, #1150, .F. ) ;
#1322 = CIRCLE ( 'NONE', #523, 0.2999999999999999334 ) ;
#1323 = DIRECTION ( 'NONE',  ( -0.000000000000000000, 1.000000000000000000, 0.000000000000000000 ) ) ;
#1324 = DIRECTION ( 'NONE',  ( 0.000000000000000000, 0.000000000000000000, 1.000000000000000000 ) ) ;
#1325 = CARTESIAN_POINT ( 'NONE',  ( -2.149999999999817391, 4.000000000000000000, 1.241303078757638012 ) ) ;
#1326 = LINE ( 'NONE', #221, #983 ) ;
#1327 = ORIENTED_EDGE ( 'NONE', *, *, #1079, .F. ) ;
#1328 = DIRECTION ( 'NONE',  ( 0.000000000000000000, -1.000000000000000000, 0.000000000000000000 ) ) ;
#1329 = ADVANCED_FACE ( 'NONE', ( #378, #30 ), #1381, .T. ) ;
#1330 = FACE_OUTER_BOUND ( 'NONE', #471, .T. ) ;
#1331 = LINE ( 'NONE', #720, #57 ) ;
#1332 = DIRECTION ( 'NONE',  ( 0.000000000000000000, 1.000000000000000000, 0.000000000000000000 ) ) ;
#1333 = ORIENTED_EDGE ( 'NONE', *, *, #984, .F. ) ;
#1334 = CC_DESIGN_PERSON_AND_ORGANIZATION_ASSIGNMENT ( #151, #878, ( #697 ) ) ;
#1335 = LINE ( 'NONE', #251, #798 ) ;
#1336 = VECTOR ( 'NONE', #1058, 1000.000000000000000 ) ;
#1337 = CARTESIAN_POINT ( 'NONE',  ( 2.253746880197681879, 9.000000000000000000, -1.825000000000091216 ) ) ;
#1338 = EDGE_CURVE ( 'NONE', #1218, #1270, #848, .T. ) ;
#1339 = DIRECTION ( 'NONE',  ( 0.3535533905932751186, -0.7071067811865451302, 0.6123724356957963577 ) ) ;
#1340 = AXIS2_PLACEMENT_3D ( 'NONE', #712, #1080, #1551 ) ;
#1341 = ORIENTED_EDGE ( 'NONE', *, *, #1037, .T. ) ;
#1342 = AXIS2_PLACEMENT_3D ( 'NONE', #163, #1500, #1021 ) ;
#1343 = EDGE_CURVE ( 'NONE', #1001, #235, #1133, .T. ) ;
#1344 = CIRCLE ( 'NONE', #668, 2.600000000000041389 ) ;
#1345 = DIRECTION ( 'NONE',  ( -1.000000000000000000, 0.000000000000000000, 0.000000000000000000 ) ) ;
#1346 = AXIS2_PLACEMENT_3D ( 'NONE', #519, #1099, #26 ) ;
#1347 = DIRECTION ( 'NONE',  ( -0.000000000000000000, 1.000000000000000000, 0.000000000000000000 ) ) ;
#1348 = APPROVAL_STATUS ( 'not_yet_approved' ) ;
#1349 = ORIENTED_EDGE ( 'NONE', *, *, #584, .T. ) ;
#1350 = CARTESIAN_POINT ( 'NONE',  ( -2.205880687254781591, 8.899648108823896564, -1.724648108823987336 ) ) ;
#1351 = UNCERTAINTY_MEASURE_WITH_UNIT (LENGTH_MEASURE( 1.000000000000000082E-05 ), #740, 'distance_accuracy_value', 'NONE');
#1352 = FACE_OUTER_BOUND ( 'NONE', #11, .T. ) ;
#1353 = DIRECTION ( 'NONE',  ( 1.224646799147351482E-16, 0.000000000000000000, -1.000000000000000000 ) ) ;
#1354 = EDGE_CURVE ( 'NONE', #692, #990, #669, .T. ) ;
#1355 = CARTESIAN_POINT ( 'NONE',  ( 2.105795574123932035, 8.700000000000002842, -1.525000000000091394 ) ) ;
#1356 = APPROVAL_ROLE ( '' ) ;
#1357 = ORIENTED_EDGE ( 'NONE', *, *, #191, .F. ) ;
#1358 = CARTESIAN_POINT ( 'NONE',  ( 1.867267191563160011E-13, 0.9999999999999997780, -2.482606157515383050 ) ) ;
#1359 = ORIENTED_EDGE ( 'NONE', *, *, #1447, .F. ) ;
#1360 = CIRCLE ( 'NONE', #1019, 5.150000000000001243 ) ;
#1361 = CARTESIAN_POINT ( 'NONE',  ( 8.266365894244633347E-16, 6.000000000000000000, -6.499999999999999112 ) ) ;
#1362 = CONICAL_SURFACE ( 'NONE', #1020, 0.3000000000000012101, 0.7853981633974532750 ) ;
#1363 = ADVANCED_FACE ( 'NONE', ( #309 ), #1504, .T. ) ;
#1364 = VECTOR ( 'NONE', #1152, 1000.000000000000000 ) ;
#1365 = ORIENTED_EDGE ( 'NONE', *, *, #957, .F. ) ;
#1366 = DIRECTION ( 'NONE',  ( 0.000000000000000000, 0.000000000000000000, 1.000000000000000000 ) ) ;
#1367 = VECTOR ( 'NONE', #1307, 1000.000000000000114 ) ;
#1368 = CALENDAR_DATE ( 2026, 26, 7 ) ;
#1369 = VERTEX_POINT ( 'NONE', #1296 ) ;
#1370 = VECTOR ( 'NONE', #232, 1000.000000000000000 ) ;
#1371 = ORIENTED_EDGE ( 'NONE', *, *, #56, .T. ) ;
#1372 = ADVANCED_FACE ( 'NONE', ( #1401 ), #139, .T. ) ;
#1373 = CARTESIAN_POINT ( 'NONE',  ( -2.449999999999817213, 4.000000000000000000, -1.241303078757685974 ) ) ;
#1374 = CARTESIAN_POINT ( 'NONE',  ( 5.572142936120460285E-16, 8.499999999999998224, -4.550000000000001599 ) ) ;
#1375 = DIRECTION ( 'NONE',  ( 0.000000000000000000, 0.000000000000000000, 1.000000000000000000 ) ) ;
#1376 = DIRECTION ( 'NONE',  ( -0.000000000000000000, 1.000000000000000000, 0.000000000000000000 ) ) ;
#1377 = ORIENTED_EDGE ( 'NONE', *, *, #1062, .T. ) ;
#1378 = PLANE ( 'NONE',  #408 ) ;
#1379 = CARTESIAN_POINT ( 'NONE',  ( -1.074999999999930012, 0.9999999999999997780, 1.861954618136422601 ) ) ;
#1380 = ORIENTED_EDGE ( 'NONE', *, *, #862, .T. ) ;
#1381 = PLANE ( 'NONE',  #1525 ) ;
#1382 = PRODUCT_DEFINITION_SHAPE ( 'NONE', 'NONE',  #1461 ) ;
#1383 = DIRECTION ( 'NONE',  ( -0.000000000000000000, 1.000000000000000000, 0.000000000000000000 ) ) ;
#1384 = CARTESIAN_POINT ( 'NONE',  ( 0.000000000000000000, 8.700000000000002842, 0.000000000000000000 ) ) ;
#1385 = VERTEX_POINT ( 'NONE', #1392 ) ;
#1386 = AXIS2_PLACEMENT_3D ( 'NONE', #793, #561, #305 ) ;
#1387 = AXIS2_PLACEMENT_3D ( 'NONE', #538, #1241, #1022 ) ;
#1388 = AXIS2_PLACEMENT_3D ( 'NONE', #176, #168, #414 ) ;
#1389 = LINE ( 'NONE', #312, #152 ) ;
#1390 = DIRECTION ( 'NONE',  ( 0.000000000000000000, 0.000000000000000000, 1.000000000000000000 ) ) ;
#1391 = DIRECTION ( 'NONE',  ( -0.000000000000000000, 1.000000000000000000, -0.000000000000000000 ) ) ;
#1392 = CARTESIAN_POINT ( 'NONE',  ( -2.105795574123930702, 5.500000000000000000, 1.525000000000091394 ) ) ;
#1393 = VERTEX_POINT ( 'NONE', #324 ) ;
#1394 = CC_DESIGN_APPROVAL ( #1395, ( #1180 ) ) ;
#1395 = APPROVAL ( #764, '未指定' ) ;
#1396 = FACE_BOUND ( 'NONE', #833, .T. ) ;
#1397 = EDGE_LOOP ( 'NONE', ( #449, #1060, #145, #1010 ) ) ;
#1398 = ADVANCED_FACE ( 'NONE', ( #1168 ), #916, .T. ) ;
#1399 = CARTESIAN_POINT ( 'NONE',  ( -2.449999999999817213, 1.299999999999998268, -1.241303078757685974 ) ) ;
#1400 = FACE_OUTER_BOUND ( 'NONE', #1280, .T. ) ;
#1401 = FACE_OUTER_BOUND ( 'NONE', #1243, .T. ) ;
#1402 = VERTEX_POINT ( 'NONE', #1279 ) ;
#1403 = EDGE_CURVE ( 'NONE', #1116, #100, #183, .T. ) ;
#1404 = EDGE_CURVE ( 'NONE', #586, #1163, #1205, .T. ) ;
#1405 = ORIENTED_EDGE ( 'NONE', *, *, #1343, .F. ) ;
#1406 = LINE ( 'NONE', #1413, #490 ) ;
#1407 = DIRECTION ( 'NONE',  ( 0.000000000000000000, -1.000000000000000000, 0.000000000000000000 ) ) ;
#1408 = ORIENTED_EDGE ( 'NONE', *, *, #1005, .T. ) ;
#1409 = CARTESIAN_POINT ( 'NONE',  ( 0.000000000000000000, 8.499999999999998224, 0.000000000000000000 ) ) ;
#1410 = VERTEX_POINT ( 'NONE', #93 ) ;
#1411 = ADVANCED_FACE ( 'NONE', ( #1513 ), #66, .T. ) ;
#1412 = CIRCLE ( 'NONE', #688, 0.2999999999999999334 ) ;
#1413 = CARTESIAN_POINT ( 'NONE',  ( 1.864827736675067626E-13, 4.000000000000000000, -2.829016319029159288 ) ) ;
#1414 = ORIENTED_EDGE ( 'NONE', *, *, #1065, .T. ) ;
#1415 = CARTESIAN_POINT ( 'NONE',  ( -1.074999999999950218, 0.9999999999999997780, -1.861954618136456352 ) ) ;
#1416 = FACE_OUTER_BOUND ( 'NONE', #1454, .T. ) ;
#1417 = VERTEX_POINT ( 'NONE', #928 ) ;
#1418 = VECTOR ( 'NONE', #167, 1000.000000000000000 ) ;
#1419 = AXIS2_PLACEMENT_3D ( 'NONE', #1033, #794, #675 ) ;
#1420 = CARTESIAN_POINT ( 'NONE',  ( 0.000000000000000000, 0.000000000000000000, 0.000000000000000000 ) ) ;
#1421 = EDGE_CURVE ( 'NONE', #547, #1116, #550, .T. ) ;
#1422 = FACE_OUTER_BOUND ( 'NONE', #149, .T. ) ;
#1423 = CYLINDRICAL_SURFACE ( 'NONE', #412, 0.2999999999999999334 ) ;
#1424 = FACE_OUTER_BOUND ( 'NONE', #1539, .T. ) ;
#1425 = ORIENTED_EDGE ( 'NONE', *, *, #862, .F. ) ;
#1426 = DIRECTION ( 'NONE',  ( -0.000000000000000000, -1.000000000000000000, -0.000000000000000000 ) ) ;
#1427 = DIRECTION ( 'NONE',  ( 0.000000000000000000, -0.000000000000000000, 1.000000000000000000 ) ) ;
#1428 = ADVANCED_FACE ( 'NONE', ( #77 ), #188, .F. ) ;
#1429 = CARTESIAN_POINT ( 'NONE',  ( -2.205880687254125228, 8.899648108824063542, 1.724648108824154980 ) ) ;
#1430 = CARTESIAN_POINT ( 'NONE',  ( 2.450000000000273292, 4.000000000000000000, -1.414508159514525909 ) ) ;
#1431 = EDGE_LOOP ( 'NONE', ( #512, #213 ) ) ;
#1432 = ORIENTED_EDGE ( 'NONE', *, *, #398, .F. ) ;
#1433 = DIRECTION ( 'NONE',  ( 1.000000000000000000, -0.000000000000000000, 1.224646799147353207E-16 ) ) ;
#1434 = ORIENTED_EDGE ( 'NONE', *, *, #458, .T. ) ;
#1435 = CARTESIAN_POINT ( 'NONE',  ( 0.000000000000000000, 0.9999999999999997780, 0.000000000000000000 ) ) ;
#1436 = AXIS2_PLACEMENT_3D ( 'NONE', #940, #186, #673 ) ;
#1437 = DIRECTION ( 'NONE',  ( -1.000000000000000000, 0.000000000000000000, 0.000000000000000000 ) ) ;
#1438 = AXIS2_PLACEMENT_3D ( 'NONE', #217, #225, #719 ) ;
#1439 = CARTESIAN_POINT ( 'NONE',  ( 4.209414934674970965E-14, 4.000000000000000000, 2.482606157515251599 ) ) ;
#1440 = ORIENTED_EDGE ( 'NONE', *, *, #73, .T. ) ;
#1441 = DIRECTION ( 'NONE',  ( -1.000000000000000000, 0.000000000000000000, 0.000000000000000000 ) ) ;
#1442 = EDGE_LOOP ( 'NONE', ( #618, #1186, #1251, #818, #741 ) ) ;
#1443 = CARTESIAN_POINT ( 'NONE',  ( 0.000000000000000000, 9.000000000000000000, 0.000000000000000000 ) ) ;
#1444 = CIRCLE ( 'NONE', #903, 5.650000000000000355 ) ;
#1445 = PLANE ( 'NONE',  #998 ) ;
#1446 = APPROVAL_PERSON_ORGANIZATION ( #400, #300, #1356 ) ;
#1447 = EDGE_CURVE ( 'NONE', #852, #943, #442, .T. ) ;
#1448 = DIRECTION ( 'NONE',  ( 0.000000000000000000, 1.000000000000000000, 0.000000000000000000 ) ) ;
#1449 = ORIENTED_EDGE ( 'NONE', *, *, #567, .F. ) ;
#1450 = ADVANCED_FACE ( 'NONE', ( #700 ), #207, .T. ) ;
#1451 = DIRECTION ( 'NONE',  ( -0.000000000000000000, 1.000000000000000000, 0.000000000000000000 ) ) ;
#1452 = DIRECTION ( 'NONE',  ( 0.000000000000000000, 1.000000000000000000, 0.000000000000000000 ) ) ;
#1453 = ORIENTED_EDGE ( 'NONE', *, *, #737, .T. ) ;
#1454 = EDGE_LOOP ( 'NONE', ( #602, #198, #1294, #1365 ) ) ;
#1455 = ADVANCED_FACE ( 'NONE', ( #418 ), #1029, .T. ) ;
#1456 = DIRECTION ( 'NONE',  ( 0.000000000000000000, 0.7071067811865441310, 0.7071067811865510144 ) ) ;
#1457 = CIRCLE ( 'NONE', #224, 4.550000000000001599 ) ;
#1458 = CALENDAR_DATE ( 2026, 26, 7 ) ;
#1459 = AXIS2_PLACEMENT_3D ( 'NONE', #429, #1187, #546 ) ;
#1460 = ORIENTED_EDGE ( 'NONE', *, *, #1108, .F. ) ;
#1461 = PRODUCT_DEFINITION ( '未知', '', #1180, #262 ) ;
#1462 = EDGE_CURVE ( 'NONE', #1183, #419, #569, .T. ) ;
#1463 = AXIS2_PLACEMENT_3D ( 'NONE', #227, #961, #1091 ) ;
#1464 = VECTOR ( 'NONE', #982, 1000.000000000000000 ) ;
#1465 = EDGE_LOOP ( 'NONE', ( #345, #687, #1265, #27 ) ) ;
#1466 = LINE ( 'NONE', #55, #588 ) ;
#1467 = EDGE_CURVE ( 'NONE', #1003, #943, #1191, .T. ) ;
#1468 = AXIS2_PLACEMENT_3D ( 'NONE', #1286, #1264, #1271 ) ;
#1469 = DATE_AND_TIME ( #405, #363 ) ;
#1470 = EDGE_LOOP ( 'NONE', ( #985, #679, #70, #337 ) ) ;
#1471 = DIRECTION ( 'NONE',  ( -0.000000000000000000, 1.000000000000000000, -0.000000000000000000 ) ) ;
#1472 = DIRECTION ( 'NONE',  ( 0.000000000000000000, -1.000000000000000000, 0.000000000000000000 ) ) ;
#1473 = DIRECTION ( 'NONE',  ( -0.000000000000000000, -1.000000000000000000, -0.000000000000000000 ) ) ;
#1474 = EDGE_CURVE ( 'NONE', #820, #1140, #1200, .T. ) ;
#1475 = APPROVAL_DATE_TIME ( #1009, #871 ) ;
#1476 = ORIENTED_EDGE ( 'NONE', *, *, #121, .T. ) ;
#1478 = EDGE_CURVE ( 'NONE', #547, #94, #730, .T. ) ;
#1477 = CARTESIAN_POINT ( 'NONE',  ( 0.000000000000000000, 4.000000000000000000, 0.000000000000000000 ) ) ;
#1479 = DIRECTION ( 'NONE',  ( 0.000000000000000000, -1.000000000000000000, -0.000000000000000000 ) ) ;
#1480 = ORIENTED_EDGE ( 'NONE', *, *, #663, .F. ) ;
#1481 = PLANE ( 'NONE',  #893 ) ;
#1482 = EDGE_LOOP ( 'NONE', ( #222, #304, #554, #108 ) ) ;
#1483 = DATE_AND_TIME ( #1368, #493 ) ;
#1484 = ORIENTED_EDGE ( 'NONE', *, *, #1338, .F. ) ;
#1485 = DIRECTION ( 'NONE',  ( 1.224646799147351482E-16, 0.000000000000000000, -1.000000000000000000 ) ) ;
#1486 = VECTOR ( 'NONE', #1072, 1000.000000000000114 ) ;
#1487 = ADVANCED_FACE ( 'NONE', ( #832 ), #157, .T. ) ;
#1488 = AXIS2_PLACEMENT_3D ( 'NONE', #1443, #1328, #1226 ) ;
#1489 = AXIS2_PLACEMENT_3D ( 'NONE', #166, #417, #1375 ) ;
#1490 = CYLINDRICAL_SURFACE ( 'NONE', #1175, 6.999999999999999112 ) ;
#1491 = DIRECTION ( 'NONE',  ( 0.000000000000000000, 1.000000000000000000, 0.000000000000000000 ) ) ;
#1492 = ORIENTED_EDGE ( 'NONE', *, *, #1062, .F. ) ;
#1493 = DIRECTION ( 'NONE',  ( 1.000000000000000000, -0.000000000000000000, 1.224646799147353207E-16 ) ) ;
#1494 = AXIS2_PLACEMENT_3D ( 'NONE', #1185, #71, #1497 ) ;
#1495 = EDGE_CURVE ( 'NONE', #360, #547, #469, .T. ) ;
#1496 = FACE_OUTER_BOUND ( 'NONE', #126, .T. ) ;
#1497 = DIRECTION ( 'NONE',  ( 0.000000000000000000, 0.000000000000000000, 1.000000000000000000 ) ) ;
#1498 = VERTEX_POINT ( 'NONE', #355 ) ;
#1499 = EDGE_CURVE ( 'NONE', #1163, #841, #5, .T. ) ;
#1500 = DIRECTION ( 'NONE',  ( -0.7071067811865456854, 0.7071067811865493491, 0.000000000000000000 ) ) ;
#1501 = LINE ( 'NONE', #1282, #359 ) ;
#1502 = FACE_OUTER_BOUND ( 'NONE', #1319, .T. ) ;
#1503 = CARTESIAN_POINT ( 'NONE',  ( 0.000000000000000000, 5.500000000000000000, 0.000000000000000000 ) ) ;
#1504 = PLANE ( 'NONE',  #470 ) ;
#1505 = ORIENTED_EDGE ( 'NONE', *, *, #837, .T. ) ;
#1506 = EDGE_CURVE ( 'NONE', #1402, #94, #1326, .T. ) ;
#1507 = EDGE_CURVE ( 'NONE', #990, #1385, #595, .T. ) ;
#1508 = DIRECTION ( 'NONE',  ( 0.000000000000000000, 0.000000000000000000, -1.000000000000000000 ) ) ;
#1509 = DIRECTION ( 'NONE',  ( 0.000000000000000000, 1.000000000000000000, 0.000000000000000000 ) ) ;
#1510 = ORIENTED_EDGE ( 'NONE', *, *, #1203, .F. ) ;
#1511 = ORIENTED_EDGE ( 'NONE', *, *, #1110, .T. ) ;
#1512 = DIRECTION ( 'NONE',  ( -0.3535533905932746745, -0.7071067811865454633, 0.6123724356957962467 ) ) ;
#1513 = FACE_OUTER_BOUND ( 'NONE', #84, .T. ) ;
#1514 = EDGE_LOOP ( 'NONE', ( #975, #290, #1341, #1173 ) ) ;
#1515 = AXIS2_PLACEMENT_3D ( 'NONE', #751, #627, #106 ) ;
#1516 = AXIS2_PLACEMENT_3D ( 'NONE', #62, #994, #150 ) ;
#1517 = AXIS2_PLACEMENT_3D ( 'NONE', #1142, #423, #911 ) ;
#1518 = EDGE_CURVE ( 'NONE', #49, #451, #1247, .T. ) ;
#1519 = CARTESIAN_POINT ( 'NONE',  ( 6.796789735267813739E-16, 6.500000000000000888, -5.550000000000002487 ) ) ;
#1520 = LOCAL_TIME ( 18, 29, 51.00000000000000000, #899 ) ;
#1521 = EDGE_LOOP ( 'NONE', ( #1476, #1377, #53, #1199 ) ) ;
#1522 = VECTOR ( 'NONE', #1100, 1000.000000000000000 ) ;
#1523 = CARTESIAN_POINT ( 'NONE',  ( 0.000000000000000000, 5.500000000000000000, 0.000000000000000000 ) ) ;
#1524 = DIRECTION ( 'NONE',  ( 0.8660254037844387076, 0.000000000000000000, 0.4999999999999998335 ) ) ;
#1525 = AXIS2_PLACEMENT_3D ( 'NONE', #1035, #427, #1162 ) ;
#1526 = EDGE_LOOP ( 'NONE', ( #1259, #551, #520, #1017 ) ) ;
#1527 = CARTESIAN_POINT ( 'NONE',  ( 0.000000000000000000, 6.500000000000000888, 0.000000000000000000 ) ) ;
#1528 = CARTESIAN_POINT ( 'NONE',  ( 1.865098787218189003E-13, 1.299999999999998268, -2.782606157515383760 ) ) ;
#1529 = EDGE_CURVE ( 'NONE', #860, #328, #249, .T. ) ;
#1530 = CARTESIAN_POINT ( 'NONE',  ( 0.000000000000000000, 0.5000000000000004441, 6.499999999999999112 ) ) ;
#1531 = DIRECTION ( 'NONE',  ( 0.3535533905932740639, 0.7071067811865466846, -0.6123724356957952475 ) ) ;
#1532 = VERTEX_POINT ( 'NONE', #709 ) ;
#1533 = CARTESIAN_POINT ( 'NONE',  ( 8.266365894244633347E-16, 0.000000000000000000, -6.499999999999999112 ) ) ;
#1534 = VERTEX_POINT ( 'NONE', #101 ) ;
#1535 = LINE ( 'NONE', #1064, #432 ) ;
#1536 = CIRCLE ( 'NONE', #1262, 0.2999999999999999334 ) ;
#1537 = DIRECTION ( 'NONE',  ( 0.000000000000000000, -1.000000000000000000, 0.000000000000000000 ) ) ;
#1538 = ORIENTED_EDGE ( 'NONE', *, *, #864, .F. ) ;
#1539 = EDGE_LOOP ( 'NONE', ( #1156, #1359, #1425, #921 ) ) ;
#1540 = VECTOR ( 'NONE', #502, 1000.000000000000000 ) ;
#1541 = AXIS2_PLACEMENT_3D ( 'NONE', #702, #1509, #1061 ) ;
#1542 = CARTESIAN_POINT ( 'NONE',  ( -0.1499999999998132827, 4.000000000000000000, -2.742413778650715450 ) ) ;
#1543 = DIRECTION ( 'NONE',  ( 0.3535533905932757848, 0.7071067811865440200, 0.6123724356957974679 ) ) ;
#1544 = LINE ( 'NONE', #1430, #368 ) ;
#1545 = ORIENTED_EDGE ( 'NONE', *, *, #1014, .T. ) ;
#1546 =( NAMED_UNIT ( * ) SI_UNIT ( $, .STERADIAN. ) SOLID_ANGLE_UNIT ( ) );
#1547 = VERTEX_POINT ( 'NONE', #850 ) ;
#1548 = CIRCLE ( 'NONE', #179, 4.550000000000001599 ) ;
#1549 = AXIS2_PLACEMENT_3D ( 'NONE', #665, #195, #1263 ) ;
#1550 = AXIS2_PLACEMENT_3D ( 'NONE', #666, #565, #796 ) ;
#1551 = DIRECTION ( 'NONE',  ( -0.8660254037844385966, 0.000000000000000000, 0.5000000000000000000 ) ) ;
#1552 = DIRECTION ( 'NONE',  ( 0.000000000000000000, 0.000000000000000000, -1.000000000000000000 ) ) ;
#1553 = CARTESIAN_POINT ( 'NONE',  ( 2.156648450062879974, 8.799614661473226462, 1.624614661473315458 ) ) ;
#1554 = ADVANCED_FACE ( 'NONE', ( #1424 ), #1076, .F. ) ;
#1555 = EDGE_LOOP ( 'NONE', ( #846, #731, #1190, #205 ) ) ;
ENDSEC;
END-ISO-10303-21;
